Table: Nth day - Active users
nthDay,activeUsers
0000,314
0002,302
0003,298
0001,297

Table: Nth day - New users
nthDay,newUsers
0000,271
0002,262
0003,248
0001,245

Table: First user primary channel group (Default Channel Group) - New users
firstUserDefaultChannelGroup,newUsers
Direct,485
Organic Search,280
Unassigned,180
Referral,46
Cross-network,22
Organic Social,7
Organic Video,6

Table: Page title and screen class - Views
pageTitle,screenPageViews
Smackcoders | WordPress Solutions for Growing Businesses,379
WordPress CSV/XML Data Import With Ultimate CSV Importer,336
Smackcoders My Account Portal,197
Sample CSV & XML Files - WP Ultimate CSV/XML Importer,133
Smackcoders Black Friday & Cyber Monday Deals 2025,120
Page Not Found - Smackcoders Inc,96
Best WordPress Plugins to Upgrade Your Website,81
Checkout - Smackcoders,70
WP Ultimate CSV Importer Pricing – Choose Your Plan,50
How to Import CSV File in Wordpress? | Ultimate CSV Importer,48
Contact Us - Smackcoders,46
Boost Sales with WordPress Leads Builder,33
Smackcoders Blog | Product Features and Post,32
WP Ultimate CSV Importer Troubleshooting Guide – Easy Fixes,31
WP Ultimate CSV Importer - Documentations,28
Importación CSV/XML WordPress con Importador definitivo de CSV,27
WP Ultimate CSV Importer Pro Features | Your Import Solution,26
WordPressで外部URLをアイキャッチ画像として追加する方法,26
Documentation - Smackcoders Inc,24
Optimize data export with Ultimate Exporter,24
Career & Latest Job Openings | Find Your Dream Job Today,23
How to Install WAMP and XAMPP Locally | Step-by-Step Guide,19
"View Shopping Cart Items - Smackcoders Products, Plugins and Modules",18
カスタム投稿タイプデータを簡単にインポート＆エクスポート,18
プラグインなしでCSVをインポートする方法,17
Smackcoders Support,15
How to Import WordPress Categories and Tags,14
About Us | Smackcoders,13
"How to Import, Update & Schedule WordPress Data Easily",13
Smackcoders | 成長中のビジネスのためのWordPressソリューション,13
WooCommerce to Shopify Integration – Real-Time Sync,13
Enhance Lead Generation with Leads Builder - Boost CRM!,12
How to Import Variable Products in WooCommerce via CSV,12
Smackcoders | Soluciones WordPress para Crecer tu Negocio,12
WordPressでCSVファイルをインポートする方法:詳細ガイド,12
高度なカスタムフィールドのエクスポートとインポート方法,12
Add External URLs as Featured Images in WordPress,11
WP Ultimate CSV Importer Pro – Changelog & Updates,11
CSV Importer を使用した高度なカスタムフィールドのインポートの管理,10
How to Install Ioncube Loaders | Complete Guide,10
WP-クロンを強化してWebサイトの効率を向上,10
WordPress で ACF を使用してカスタムフィールドを作成する方法,10
WordPressでCSVファイルをインポートする方法は?,10
Create Custom Taxonomies with ACF Plugin – Easy Guide,9
Elevate CRM with Ecommerce Integration: Boost Leads Builder!,9
How to Import Images into WordPress | Ultimate CSV Importer,9
JetEngine Data Import & Export with WP Ultimate CSV Importer,9
究極のCSVインポーターを使用したWordPress CSV / XMLデータのインポート,9
How to Import Advanced Custom Fields (ACF) via CSV/XML,8
Import WooCommerce Products Using WP Ultimate CSV Importer,8
Enable & Configure WP-Cron for Better WordPress Performance,7
ExcelからWordPressにデータをインポートする方法は?,7
How to Restore WordPress Site from Backup – Easy Guide,7
JetEngine Import/Export with WP Ultimate CSV Importer,7
Pasos sencillos para instalar WAMP y XAMPP,7
"Scaling WooCommerce for Growth: Manage Large Catalogs, Orders",7
WooCommerce to Shopify Integration Archives - Smackcoders Inc,7
WooCommerce to Shopify Integration – Authentication Setup,7
Crocoblock JetEngine Import Export Deals with CSV Importer,6
Exportar e importar campos personalizados avanzados,6
How to Import CSV file in WordPress – Step-by-Step Guide,6
How to Import and Export Polylang Multilingual Content,6
Import Serialized Fields Data in WordPress - CSV Importer,6
Import WPML multilingual content to WordPress,6
"Import WordPress Posts, Pages & CPTs Easily via CSV/XML",6
Partner with Smackcoders - Product / Services,6
WP Ultimate Exporter Archives - Smackcoders Inc,6
Wordpress Leads Builder For Any CRM Pro Archives - Smackcoders Inc,6
ACFプラグインでカスタム分類法ーを解き放つ,5
Create & Import Custom Post Types in WordPress – Easy Guide,5
Create a Multilingual Website with WPML – Ultimate Guide,5
"Export and Import Single WordPress Page, Post, and Product",5
Follow Up Emails Plugin Documentation | Automate Emails,5
How to Export and Import Advanced Custom Fields in WordPress,5
How to Import and Export user members in WordPress,5
Import & Export Custom Post Types Plugin Data with Ease,5
"Import ACF Custom Fields from CSV, XML, or Excel File",5
NextGEN ギャラリー画像のインポートとエクスポート方法,5
Optimize WordPress Database for Large Sites,5
Privacy Policy: We Safeguard Your Information,5
Top 10 WooCommerce Affiliate Plugins for 2025 – Best Picks,5
WPMLで多言語ウェブサイトを作成:究極のガイド,5
WordPressに画像をインポートする方法,5
WordPressページのインポート方法：ステップバイステップガイド,5
方法エクスポート インポート 単一のWordPress投稿,5
A Complete WordPress Security Checklist Guide,4
Advanced Import Filters with Conditions,4
Effortless WordPress Users Sync: Convert Leads with Ease!,4
How to Export WordPress Data Using WP Query,4
How to Export WordPress Users: An Easy Step-by-Step Guide,4
How to Import CSV Files in WordPress Without a Plugin,4
How to Import WordPress Pages: Step-by-Step Guide,4
How to Import and Export NextGEN Gallery Images,4
Import Export Gravity Forms Entries with CSV Importer,4
"Import WooCommerce Products, Orders, & more from CSV, or XML",4
LearnPress Data Import via CSV/XML file - Quick & Easy Guide,4
"SEO Meta Data Import from CSV, XML or Excel to WordPress",4
Smackcoders terms and conditions,4
Unleash Potential: Ultimate Exporter- Enhance Your Exports,4
WAMPとXAMPPをインストールする簡単な手順,4
WordPressでカスタム投稿タイプを作成＆インポートする簡単ガイド,4
WordPressのカテゴリとタグをインポートするとCSV Importer,4
WordPressのスマートプラグイン |あなたのウェブサイトを強化する,4
AI Integration with Ultimate CSV Importer – ChatGPT & More,3
Advanced WordPress Import & Export Techniques – Expert Tips,3
Best Practices to Manage Large WordPress Sites Without Slow Down,3
Crear tipos de entrada personalizados en WordPress,3
Cómo importar csv en WordPress: Una guía detallada,3
How to Create Custom Fields with ACF in WordPress,3
How to Import & Export ACPT Fields in WordPress?,3
How to Import Data from Excel to WordPress (Step-by-Step),3
How to Migrate WordPress & WooCommerce Site Data,3
Import Events into WordPress with Ultimate CSV Importer,3
Pago - Smackcoders,3
Plugins inteligentes para WordPress | Mejore su sitio web,3
Smackcoders Refund Policy,3
Supercharge SEO with RankMath Data Import & Export,3
Unlock the Power of Free WP Plugin - Community Version Bliss,3
User Role Management - Getting Started,3
WP All Importの最良の代替: WP Ultimate CSV Importer,3
WP Follow Up Email Archives - Smackcoders Inc,3
WP Ultimate CSV Importer FAQ – Quick Help & Answers,3
WPML Language Localization: Master Multilingual WordPress,3
ha-megamenu-content-69899 - Smackcoders Inc,3
A Guide to WordPress Caching: Speed Up Your Site (2025),2
Automate WooCommerce Emails with WP Follow Up Emails,2
Best WP All Import Alternative: WP Ultimate CSV Importer,2
Caracteristicas de WP Ultimate CSV Importer Pro,2
Contáctanos - Smackcoders,2
Cómo importar productos de WooCommerce con campos personalizados,2
Easy Inventory and Stock Manager Archives - Smackcoders Inc,2
Ejemplo de CSV y XML de muestra - Ultimate CSV/XML Importer,2
Elementor Import Export via CSV – Templates & Content,2
How to Create a Form in WordPress Without Plugins,2
How to Import Business Directory Listings in WordPress?,2
How to Import Export Users with Multiple User Roles,2
How to Import Posts or Products from Excel to WordPress,2
How to Reduce Page Load Time on High-Content Sites,2
"Import & Export Events, Venues & Organizers – The Events Calendar Compatibility",2
Import & Export Slim SEO Metadata in WordPress,2
"Import Export Listings from Business Directory, GeoDirectory & More",2
Import MetaBox Fields with WP Ultimate CSV Importer,2
Import Variable Products into WooCommerce Using CSV,2
Import to Custom Fields - Guides for WordPress Users,2
Importación avanzada de campos personalizados con CSV Importer,2
Importación de Toolset Types para mayor eficiencia,2
Importar productos de WooCommerce con el plugin CSV Importer,2
Importar productos variables en WooCommerce como CSV,2
Optimice la exportación de datos con Exportador definitivo,2
Optimizar clonación campo personalizado de Meta Box,2
Optimizing WordPress Database for Speed and Stability,2
Organize Media Easily with AIO WP Media Library Manager,2
Pasos sencillos para instalar cargadores Ioncube | Guía completa,2
Polylang Import Translation for WordPress Multilingual Sites,2
Safely Update Outdated WordPress Plugins & Clean Site Data,2
Smackcoders利用規約,2
Sobre Nosotros | Smackcoders (en inglés),2
Taxonomías personalizadas con ACF: Potencia tu sitio web,2
Toolset Types Import from CSV or XML | Ultimate CSV Importer,2
"Ultimate CSV Importer 8.6 – WP Rentals, Serialized & More",2
Una guía paso a paso para importar páginas de WordPress,2
User Role Management Archives - Smackcoders Inc,2
WPML Multilingual Import & Export with Ultimate CSV Importer,2
WooCommerceでバリアブル商品のインポート方法,2
WooCommerceの顧客のインポートとエクスポート,2
WordPressでLMSデータのインポートとエクスポートを行う方法,2
WordPressとWooCommerceのデータを移行する方法,2
お問い合わせ - Smackcoders,2
我々について | Smackcoders,2
究極のCSVインポーター FAQで簡素化 - 迅速な回答を得ましょう!,2
究極ガイド: WordPressで投稿をエクスポートする方法,2
複数のユーザー役割を持つユーザーをインポート/エクスポートする方法,2
2025年の初心者のためのWordPressのSEOガイド,1
AI-Generated WordPress Content Import with Gemini & Claude,1
Aumente sus clientes potenciales con WordPress Leads Builder,1
Blog de Smackcoders | Características del producto y publicación,1
CSV/XMLでWordPress投稿のインポート、ページ＆CPTも簡単に,1
ChatGPT Integration with CSV Importer: Import Effortlessly,1
ChatGPTとCSVインポーターの統合:簡単にインポート,1
Complete Guide to Using AI in WordPress- Best Plugins & Tips,1
Conviértete en socio – Producto / Servicios,1
Creador de prospectos de Wordpress para cualquier profesional de CRM Archives - Smackcoders Inc,1
Create an Online Store with WordPress – Easy Beginner Guide,1
Custom Field Suite インポートの最適化 - ワークフローの強化,1
Cómo exportar importar una sola publicación WordPress,1
Cómo migrar datos de WordPress y WooCommerce,1
Easy Inventory & Stock Manager for WooCommerce Plugin,1
Explore Leads Builder FAQ and Video Tutorials,1
"Export Import Single WordPress Post, Page, & Product Easily",1
Funciones avanzadas de Polylang para sitios web multilingües,1
Gestión de contenido multilingüe con Polylang e importador de CSV,1
Guía completa para usar la IA en WordPress,1
Guía de solución de problemas del importador CSV de WP Ultimate CSV,1
How to Add a Free WordPress Contact Form – Easy Guide,1
How to Import CSV - Smackcoders Inc,1
How to Import Export Elementor Websites as CSV,1
How to Import WooCommerce Orders? A Step-by-Step Guide,1
How to Import WooCommerce Products with Custom Fields | ACF,1
How to Import and Export Listings and Owners in WP Rentals,1
How to Import and Export WordPress Users Easily,1
How to Scale Your WordPress Site for High Traffic,1
Import CSV to WordPress - Best Tips and How-To Guides,1
Importación de datos de LearnPress | Guía fácil y rápida,1
Importar campos personalizados ACF desde CSV y XML,1
Importar categorías y etiquetas de WordPress con CSV Importer,1
JetEngineデータのインポートとエクスポート| Ultimate CSV Importer,1
Launch Your WordPress Site in 12 Steps,1
Los 10 mejores plugins de SEO de WordPress en 2025,1
Meta Boxカスタムフィールドクローンで効率を向上,1
Meta Boxカスタムフィールドデータインポートエクスポート,1
Monthly WordPress Maintenance Checklist,1
Polylang Import Translations – Manage Multilingual Content Easily,1
Política de privacidad: Protegemos su información,1
RankMath Data Import & ExportでSEOを強化,1
Reliable WordPress Backup & Restore Strategy,1
SEO Import Made Easy with WP Ultimate CSV Importer,1
Smackcodersブログ|製品の機能と投稿,1
Smackcodersマイアカウントポータル,1
Soporte de Smackcoders,1
Top 4 Best WordPress Popup Builders,1
Ultimate CSV Importer 8.5 – Data Export with WP Query & more,1
Ultimate CSV Importer Modulesでインポートする方法,1
Ultimate CSV Importer Pro v8.2 - Excel Import Export & More,1
Ultimate CSV Importer による AI統合 – ChatGPT など,1
Ultimate CSV Importerによる多言語コンテンツ管理,1
Ultimate Exporterでデータエクスポートを最適化,1
"Ver Artículos del Carrito de la Compra - Productos, Plugins y Módulos de Smackcoders",1
WP Rentalsで不動産と所有者をインポート/エクスポート,1
WP Ultimate CSV Importer - Documentación,1
WP Ultimate CSV Importer - ドキュメント,1
WP Ultimate CSV Importerで簡単にできるSEOインポート,1
WooCommerce Tutorials – Master Online Store Management,1
WooCommerceの注文をインポートする方法は?,1
WooCommerceインベントリマネージャー-簡単な在庫管理,1
WordPress Archives - Smackcoders Inc,1
WordPress Guide – Essential Tips & Tutorials,1
WordPressでAI を使用する方法 | 完全ガイド,1
WordPressでシリアル化されたフィールドのインポートする,1
WordPressにJetReviewデータをインポートする方法,1
WordPressユーザーのインポートとエクスポート方法を解説,1
WordPressユーザーのエクスポート方法：簡単ステップガイド,1
black friday - Smackcoders Inc,1
export wordpress to a new server - Smackcoders Inc,1
¿Cómo migrar Shopify a WooCommerce? Guía fácil y rápida,1
​WooCommerceの注文をGoogleスプレッドシートにエクスポートする,1
あなたにぴったりの製品パッケージを選択してください:価格設定,1
インポート/エクスポートユーザーメンバー - Ultimate Members,1
カスタムフィールドを使用したWooCommerce製品のインポート,1
サンプルCSV&XMLファイル - WP Ultimate CSV/XML Importer,1
ショッピングカートのアイテムを表示 - Smackcodersの製品、プラグイン、モジュール,1
ワードプレス Archives - Smackcoders Inc,1
ワードプレス製品 - Smackcoders Inc,1
条件付きの高度なインポートフィルター,1

Table: Session primary channel group (Default Channel Group) - Sessions
sessionDefaultChannelGroup,sessions
Direct,553
Unassigned,485
Organic Search,399
Referral,81
Cross-network,29
Organic Social,14
Organic Video,8

Table: Session Google Ads campaign - Sessions
sessionCampaignName,sessions
(direct),553
(organic),395
(not set),221
(referral),103
bfcm,77
csv_importer_free,51
(cross-network),29
BF_deal,28
csv_importer_free_plugin_troubleshoot,24
wp_helpdesk_integration,19
csv_importer_pro,16
BFCM,8
offer,6
import_woocommerce,5
readme,5
csv-pro-coupon,3
import_export_plugin_promotion2024,3
BF_deal\'123,2
Labor_day_deal,2
csv_importer,2
csv_importer_pro_cta_banner,2
free_exporter,2
plugin_menu,2
pro_plugin_docs,2
wp_mayor_review,2
Dec18,1
ListingTraffic,1
create-custom-taxonomies-with-acf,1
csv_importer_docs,1
export-import-single-wordpress-post-page-product,1
import-and-export-woocommerce-customers,1
lead_builder_free,1

Table: Landing page + query string - Organic Google Search impressions
landingPagePlusQueryString,organicGoogleSearchImpressions
/blog/export-import-advanced-custom-fields-csv-wordpress.html,983
/blog/how-to-install-wamp-and-xampp.html,743
/blog/wordpress-seo-plugins.html,599
/blog/create-custom-taxonomies-with-acf.html,568
/blog/wordpress-ultimate-csv-importer-csv-sample-files-and-updates.html,554
/blog/add-external-urls-to-featured-images-wordpress.html,539
/ja/blog/add-external-urls-to-featured-images-wordpress.html,538
/blog/how-to-import-page-to-wordpress.html,508
/wp-ultimate-csv-importer-pro.html,508
/es/blog/como-instalar-wamp-y-xampp.html,439
/blog/wordpress-seo-guide.html,430
/blog/create-and-import-custom-post-types-in-wordpress.html,424
/blog/how-to-install-ioncube-loaders-simple-steps-for-various-hosting-types.html,395
/documentation/wp-ultimate-csv-importer-pro/rankmath-data-import-and-export,384
/blog/how-to-restore-wordpress-site-from-backup.html,364
/ja/blog/how-to-import-csv-file-in-wordpress.html,358
/blog/enable-configure-wp-cron.html,344
/blog/how-to-import-csv-file-in-wordpress-without-plugin.html,329
/documentation/wp-ultimate-csv-importer-pro/how-to-import-variable-products-in-woocommerce,315
/,308
/blog/import-export-gravity-forms-entries.html,306
/blog/export-import-single-wordpress-post-page-product.html,287
/blog/mastering-wpml-language-localization.html,266
/ja/blog/enable-configure-wp-cron.html,248
/blog/how-to-export-wordpress-users.html,245
/blog/advanced-techniques-for-wordpress-import-and-export.html,234
/blog/best-woocommerce-affiliate-plugins.html,233
/documentation/wp-ultimate-csv-importer-pro/import-wordpress-categories-and-tags,207
/blog/speed-up-your-wordpress-website.html,187
/blog/create-a-multilingual-website-with-wpml.html,182
/blog/best-wordpress-speed-optimization-plugins.html,176
/documentation/wp-ultimate-csv-importer-pro/jet-engine-data-import,175
/ja/blog/how-to-import-page-to-wordpress.html,172
/wordpress.html,172
/wp-ultimate-csv-importer-pro/jetengine-cct-import.html,172
/about-us.html,162
/documentation/wp-ultimate-csv-importer-pro/acf-import,162
/blog/create-an-online-store-with-wordpress.html,159
/es/blog/como-anadir-urls-externas-a-las-imagenes-destacadas-en-wordpress.html,152
/contact-us.html,145
/documentation/wp-ultimate-csv-importer-pro/import-images-into-wordpress,137
/wp-ultimate-csv-importer-pro/seo-meta-data-import.html,135
/partnership.html,134
/blog/wordpress-security-checklist.html,132
/wp-ultimate-csv-importer-pro/pricing.html,130
/wp-ultimate-csv-importer-pro/features.html,129
/blog/scaling-woocommerce-manage-products-orders.html,126
/ja/blog/blog-create-and-import-custom-post-types-in-wordpress.html,117
/es/blog/importar-paginas-a-wordpress-una-guia-util.html,116
/es/blog/ejemplos-de-archivos-csv-y-xml-para-la-importacion-de-prueba-wp-ultimate-csv-xml-importer.html,110
/documentation/wp-ultimate-csv-importer-pro/import-export-user-members,109
/es/blog/como-habilitar-y-configurar-wp-cron.html,102
/documentation/wp-ultimate-csv-importer-pro/import-and-export-nextgen-gallery-images,101
/blog/import-export-custom-post-types-plugin-data.html,100
/blog/optimize-wordpress-database-for-large-sites.html,98
/blog/how-to-import-csv-file-in-wordpress.html,96
/ja/blog/create-custom-taxonomies-with-acf.html,94
/blog/polylang-import-translation-guide.html,92
/ja/documentation/wp-ultimate-csv-importer/import-wordpress-categories-and-tags,91
/wp-ultimate-exporter.html,91
/blog/wordpress-database-optimization.html,90
/wp-all-import-alternative.html,90
/ja/blog/export-import-advanced-custom-fields-csv-wordpress.html,88
/ja/documentation/wp-ultimate-csv-importer/how-to-import-csv,88
/easy-inventory-and-stock-manager-for-woocommerce.html,87
/blog/best-practices-for-wordpress-sites.html,86
/blog/ai-generated-wordpress-content-import.html,85
/blog/ppom-for-woocommerce-import-export-custom-fields.html,85
/blog/scale-wordpress-for-high-traffic.html,85
/documentation/wp-ultimate-csv-importer-pro/how-to-import-csv,84
/support.html,84
/ja/documentation/wp-ultimate-csv-importer/acf-import,83
/documentation/wp-ultimate-csv-importer-pro/import-and-export-lms-data,82
/es/blog/como-importar-archivos-csv-a-wordpress-de-manera-eficiente.html,82
/blog/export-woocommerce-orders-to-google-sheets.html,79
/wp-ultimate-csv-importer-pro/import-wpml-multilingual-content.html,79
/blog/import-export-elementor-as-csv.html,77
/es/blog/como-instalar-cargadores-ioncube-para-varios-tipos-de-alojamiento.html,75
/ja/blog/how-to-install-wamp-and-xampp.html,73
/documentation/wp-ultimate-csv-importer-pro/troubleshooting-guide,71
/blog/import-export-listings-business-directory-plugins.html,70
/documentation/wp-ultimate-csv-importer-pro/polylang-multilingual-content-import-export,70
/es/blog/tecnicas-avanzadas-para-importar-y-exportar-wordpress.html,69
/es/documentation/wp-ultimate-csv-importer-pro/importar-datos-de-excel-a-wordpress,69
/ja/blog/import-export-custom-post-types-plugin-data.html,68
/blog/import-export-woocommerce-product-reviews.html,66
/blog/wordpress-backup-restore-strategy.html,63
/ja/blog/advanced-techniques-for-wordpress-import-and-export.html,63
/ja/documentation/wp-ultimate-csv-importer/import-images-into-wordpress,61
/es/blog/importar-productos-variables-a-woocommerce-usando-ultimate-csv-importer.html,60
/blog/polylang-plugin-for-wordpress.html,58
/documentation/wp-ultimate-csv-importer-pro/importer-faq,58
/ja/documentation/wp-ultimate-exporter/wordpress-exporter-guide,57
/blog/migrate-shopify-to-woocommerce.html,56
/ja/blog/create-custom-fields-with-acf-in-wordpress.html,56
/blog/import-woocommerce-products-with-custom-fields.html,55
/documentation/wp-ultimate-csv-importer-pro/import-and-export-woocommerce-reviews,55
/blog/polylang-import-products-woocommerce.html,52
/documentation/wp-ultimate-csv-importer-pro/import-data-from-excel-to-wordpress,52
/ja/blog/how-to-export-wordpress-users.html,52
/blog/reduce-page-load-time-on-high-content-sites.html,51
/documentation/wp-ultimate-csv-importer-pro/how-to-import-schedule-or-update,51
/documentation/wp-ultimate-csv-importer-pro/woocommerces,51
/blog/import-posts-or-products-from-excel-to-wordpress.html,50
/blog/ai-in-wordpress.html,49
/ja/blog/ai-in-wordpress.html,46
/ja/blog/wordpress-seo-guide.html,46
/wp-ultimate-csv-importer-pro/import-acf-custom-fields-from-csv.html,46
/documentation/wp-ultimate-csv-importer-pro/import-business-directory-listings-in-wordpress,45
/wp-leads-builder-any-crm-pro.html,45
/documentation/wp-ultimate-csv-importer-pro/metabox-import-export,44
/es/blog/funciones-avanzadas-de-polylang-para-sitios-web-multilingues.html,44
/es/documentation/wp-exportador-definitivo/introduccion-exportador-definitivo,43
/ja/wp-ultimate-csv-importer-pro.html,43
/blog/import-variable-products-into-woocommerce.html,42
/documentation/wp-ultimate-csv-importer-pro/import-and-export-listings-and-owners-in-wp-rentals,42
/es/blog/como-exportar-e-importar-campos-personalizados-avanzados.html,41
/es/blog/importar-productos-de-woocommerce-con-campos-personalizados.html,40
/documentation/wp-ultimate-csv-importer-pro/export-wordpress-data-using-wp-query,39
/ja/documentation/wp-ultimate-csv-importer/import-and-export-wordpress-users,39
/documentation/wp-ultimate-csv-importer-pro/learnpress-data-import,38
/es/blog/creacion-de-taxonomias-personalizadas-con-el-complemento-acf-una-guia-paso-a-paso.html,38
/wp-follow-up-emails.html,38
/blog/create-a-form-in-wordpress-without-plugins.html,37
/ja/blog/create-a-multilingual-website-with-wpml.html,37
/ja/documentation/wp-ultimate-csv-importer/post-page-custompost-import,36
/es/blog/importar-y-exportar-clientes-de-woocommerce.html,35
/documentation/wp-ultimate-csv-importer-pro/what-is-elementor-import-export,34
/blog/import-and-export-woocommerce-customers.html,33
/es/blog/migrar-shopify-a-woocommerce.html,33
/es/documentation/wp-ultimate-csv-importer-pro/importacion-de-csv-de-woocommerce,33
/wp-ultimate-csv-importer-pro/changelog.html,33
/documentation/wp-ultimate-csv-importer-pro/wordpress-export-import-single-page,31
/ja/blog/wordpress-ultimate-csv-importer-csv-sample-files-and-updates.html,31
/ja/documentation/wp-ultimate-csv-importer/polylang-multilingual-content-import-export,31
/documentation/wp-ultimate-csv-importer-pro/import-woocommerce-customers,29
/blog/best-multipurpose-wordpress-themes.html,28
/documentation/wp-ultimate-csv-importer-pro/wpml-multilingual-import,28
/documentation/wp-ultimate-csv-importer-pro/custom-field-suite-import,27
/es/blog/exportar-importar-una-sola-publicacion.html,27
/blog/a-guide-to-wordpress-caching.html,25
/es/blog/como-exportar-usuarios-de-wordpress-una-guia-paso-a-paso.html,25
/ja/wp-all-import-alternative.html,25
/blog/improve-core-web-vitals-in-wordpress.html,24
/es/documentation/wp-ultimate-csv-importer-pro/como-importar-productos-variables-en-woocommerce,24
/blog/wordpress-user-role-management-master-guide.html,23
/documentation/wp-ultimate-csv-importer-pro/import-export-acpt-fields-in-wordpress,23
/documentation/wp-ultimate-csv-importer-pro/toolset-types-import,23
/ja/documentation/wp-ultimate-csv-importer/rankmath-data-import-and-export,23
/documentation/wp-ultimate-csv-importer-pro/import-export-jetbookings-data,22
/es/blog/importar-exportar-resenas-productos-woocommerce.html,22
/documentation.html,21
/es/blog/ia-en-wordpress.html,21
/ja/documentation/wp-ultimate-csv-importer/import-and-export-nextgen-gallery-images,21
/deals.html,20
/documentation/wp-ultimate-csv-importer-pro/import-export-users-with-multiple-user-roles,20
/ja/documentation/wp-ultimate-csv-importer/troubleshooting-guide,20
/wp-ultimate-csv-importer-pro/import-meta-box-fields.html,20
/blog/ai-wordpress-security.html,19
/documentation/wp-ultimate-csv-importer-pro/import-serialized-fields-data,19
/ja/blog/how-to-import-csv-file-in-wordpress-without-plugin.html,19
/es/documentation/wp-ultimate-csv-importer-pro/importar-y-exportar-usuarios-de-wordpress,18
/blog/wordpress-popup-builders.html,16
/es/documentation/wp-ultimate-csv-importer-pro/introduccion-al-plugin-de-wordpress-ultimate-csv-xml-importer,15
/blog/wordpress-admin-productivity-hacks.html,14
/documentation/wp-ultimate-csv-importer-pro/import-events-into-wordpress,14
/documentation/wp-ultimate-csv-importer-pro/post-page-custompost-import,14
/es/blog/video-marketing-de-comercio-electronico.html,14
/es/documentation/wp-ultimate-csv-importer-pro/importar-categorias-y-etiquetas-de-wordpress,14
/es/documentation/wp-ultimate-csv-importer-pro/que-es-elementor-import-export,14
/es/wp-ultimate-csv-importer-pro.html,14
/ja/documentation/wp-ultimate-csv-importer/how-to-import-variable-products-in-woocommerce,14
/ja/documentation/wp-ultimate-csv-importer/import-data-from-excel-to-wordpress,14
/documentation/wp-ultimate-csv-importer-pro/import-and-export-wordpress-users,13
/es/blog/personalizacion-impulsada-por-ia.html,13
/ja/documentation/wp-ultimate-csv-importer/import-export-user-members,13
/ja/documentation/wp-ultimate-csv-importer/meta-box-custom-field-cloneable,13
/documentation/wordpress-leads-builder-for-any-crm-pro/lead-builder-for-any-crm,12
/documentation/wp-ultimate-csv-importer-pro/import-jetreview-data-into-wordpress,11
/documentation/wp-ultimate-csv-importer-pro/meta-box-custom-field-cloneable,11
/es/documentation/wp-ultimate-csv-importer-pro/importacion-de-datos-de-learnpress,11
/manage-large-wordpress-sites-without-slowing-down.html,11
/es/documentation/wp-ultimate-csv-importer-pro/exportacion-de-wordpress-importar-una-sola-pagina,10
/blog/how-to-add-a-free-wordpress-contact-form.html,9
/blog/import-yith-order-tracking-data-and-export-with-csv-importer.html,9
/documentation/wp-ultimate-csv-importer-pro/seopress-import-export,9
/es/blog/plugins-de-afiliados-de-woocommerce.html,9
/es/documentation/wp-ultimate-csv-importer-pro/importar-clientes-de-woocommerce,9
/ja/easy-inventory-and-stock-manager-for-woocommerce.html,9
/documentation/wp-ultimate-csv-importer-pro/iteration-based-import,8
/documentation/wp-ultimate-csv-importer-pro/migrate-wordpress-and-woocommerce-data,8
/es/blog/acelera-tu-sitio-web-de-wordpress.html,8
/es/blog/como-crear-e-importar-tipos-de-publicaciones-personalizadas-en-wordpress.html,8
/import-csv-to-wordpress.html,8
/ja/blog/export-import-single-wordpress-post-page-product.html,8
/ja/blog/import-and-export-woocommerce-customers.html,8
/ja/blog/pre-orders-and-backorders-in-woocommerce.html,8
/ja/documentation/wp-ultimate-csv-importer/what-is-elementor-import-export,8
/blog/voice-search-optimization.html,7
/documentation/wp-ultimate-csv-importer-pro/seo-import,7
/ja/blog/export-woocommerce-orders-to-google-sheets.html,7
/ja/blog/import-woocommerce-products-with-custom-fields.html,7
/ja/documentation/wp-ultimate-csv-importer/custom-field-suite-import,7
/ja/documentation/wp-ultimate-csv-importer/migrate-wordpress-and-woocommerce-data,7
/ja/documentation/wp-ultimate-csv-importer/woocommerces,7
/wp-ultimate-csv-importer-pro/polylang-import-translation.html,7
/es/documentation/wp-ultimate-csv-importer-pro/importar-exportar-miembros-de-usuario,6
/es/documentation/wp-ultimate-csv-importer-pro/importar-y-exportar-listados-y-propietarios-en-wp-rentals,6
/es/wp-ultimate-csv-importer-pro/caracteristicas.html,6
/es/wp-ultimate-csv-importer-pro/importar-productos-de-woocommerce.html,6
/ja/documentation/wp-ultimate-csv-importer/jet-engine-data-import,6
/ja/documentation/wp-ultimate-csv-importer/metabox-import-export,6
/documentation/easy-inventory/easy-inventory-and-stock-manager,5
/documentation/wp-ultimate-csv-importer-pro/how-to-import-woocommerce-orders,5
/es/documentation/wp-ultimate-csv-importer-pro/importacion-y-actualizacion-avanzada-de-campos-personalizados,5
/import-export-wordpress-data.html,5
/ja/wp-ultimate-exporter.html,5
/privacy-policy.html,5
/woocommerce-tutorials.html,5
/wp-ultimate-csv-importer-pro/woocommerce-import-products.html,5
/blog/ultimate-csv-importer-pro-v8-2.html,4
/blog/woocommerce-vs-magento-pros-and-cons.html,4
/blog/wp-ultimate-csv-importer-pro-price-update.html,4
/documentation/woocommerce-to-shopify-integration/woocommerce-to-shopify-integration-authentication-setup,4
/documentation/wp-ultimate-csv-importer-pro/bbpress-import-and-update,4
/es/administrador-facil-de-inventario-y-stock-para-woocommerce.html,4
/es/documentation/wp-ultimate-csv-importer-pro/guia-de-solucion-de-problemas,4
/es/documentation/wp-ultimate-csv-importer-pro/importar-y-exportar-datos-lms-en-wordpress,4
/es/importar-exportar-datos-de-wordpress.html,4
/es/plugins-inteligentes-para-wordpress.html,4
/es/tutoriales-de-woocommerce.html,4
/import-to-custom-fields.html,4
/blog/monthly-wordpress-maintenance-checklist.html,3
/documentation/follow-up-email/follow-up-emails-plugin,3
/documentation/wordpress-leads-builder-for-any-crm-pro/e-commerce-integration,3
/documentation/wp-ultimate-csv-importer-pro/let-clients-export-wordpress-data,3
/es/blog/tienda-woocommerce-para-usuarios-moviles.html,3
/es/documentation/wp-ultimate-csv-importer-pro/importacion-y-exportacion-de-datos-de-rankmath,3
/es/documentation/wp-ultimate-csv-importer-pro/importar-imagenes-en-wordpress,3
/es/documentation/wp-ultimate-csv-importer-pro/meta-box-campos-personalizados-importacion-de-datos-exportacion,3
/es/wp-ultimate-csv-importer-pro/importar-campos-personalizados-acf-desde-csv.html,3
/ja,3
/ja/documentation/wp-ultimate-csv-importer/how-to-import-schedule-or-update,3
/ja/wp-ultimate-csv-importer-pro/import-acf-custom-fields-from-csv.html,3
/refund-policy.html,3
/terms-and-conditions.html,3
/blog/security-fix-for-wp-ultimate-csv-importer.html,2
/documentation/wp-ultimate-exporter/wordpress-exporter-guide,2
/es,2
/es/documentation/creador-de-prospectos-de-wordpress-para-cualquier-profesional-de-crm/wp-lead-builder-para-cualquier-crm,2
/es/documentation/wp-ultimate-csv-importer-pro/importacion-de-custom-field-suite,2
/es/documentation/wp-ultimate-csv-importer-pro/importar-y-exportar-resenas-de-woocommerce,2
/es/documentation/wp-ultimate-csv-importer-pro/migrar-datos-de-wordpress-y-woocommerce,2
/es/documentation/wp-ultimate-csv-importer-pro/modulos-de-importacion-csv-definitivos-de-wordpress,2
/es/wp-ultimate-csv-importer-pro/importacion-de-metadatos-seo.html,2
/es/wp-ultimate-csv-importer-pro/importar-contenido-multilingue-de-wpml.html,2
/es/wp-ultimate-csv-importer-pro/precios.html,2
/ja/blog/ai-powered-personalization-for-ecommerce.html,2
/ja/documentation/wp-ultimate-csv-importer/how-to-import-woocommerce-orders,2
/ja/documentation/wp-ultimate-csv-importer/import-and-export-lms-data,2
/ja/wp-follow-up-emails.html,2
/shop,2
/wordpress-guide.html,2
/wp-ultimate-csv-importer-pro/toolset-types-import.html,2
/aio-wp-media-library-manager.html,1
/blog.html,1
/blog.html/2?utm_source=web&utm_campaign=wp_org&utm_medium=readme,1
/blog/update-outdated-wordpress-plugins-data.html,1
/blog/woocommerce-maintenance-tasks.html,1
/blog/wp-query-ultimate-csv-importer-pro.html,1
/blog/wp-ultimate-csv-importer-8-7-update.html,1
/documentation/wp-ultimate-csv-importer-pro/advanced-import-filters,1
/documentation/wp-ultimate-csv-importer-pro/ai-integration,1
/es/documentation/wp-ultimate-csv-importer-pro/importacion-de-datos-de-motores-a-reaccion,1
/es/documentation/wp-ultimate-csv-importer-pro/importacion-seo-por-wp-ultimate-csv-importer,1
/es/documentation/wp-ultimate-csv-importer-pro/importar-datos-de-campos-serializados,1
/es/documentation/wp-ultimate-csv-importer-pro/importar-y-exportar-campos-acpt-en-wordpress,1
/es/documentation/wp-ultimate-csv-importer-pro/importar-y-exportar-imagenes-de-la-galeria-nextgen,1
/essential-wordpress-plugins.html,1
/ja/documentation/wordpress-leads-builder-for-any-crm-pro/lead-builder-for-any-crm,1
/ja/documentation/wp-ultimate-csv-importer/bbpress-import-and-update,1
/ja/documentation/wp-ultimate-csv-importer/import-and-export-listings-and-owners-in-wp-rentals,1
/ja/documentation/wp-ultimate-csv-importer/import-and-export-woocommerce-reviews,1
/ja/documentation/wp-ultimate-csv-importer/import-export-acpt-fields-in-wordpress,1
/ja/documentation/wp-ultimate-csv-importer/seo-import,1
/ja/wp-ultimate-csv-importer-pro/features.html,1
/ja/wp-ultimate-csv-importer-pro/jetengine-cct-import.html,1
/ja/wp-ultimate-csv-importer-pro/polylang-import-translation.html,1
/multilingual-content-import.html,1

Table: Organic Google Search query - Organic Google Search clicks
landingPagePlusQueryString,organicGoogleSearchClicks
/,48
/wp-ultimate-csv-importer-pro.html,22
/ja/blog/add-external-urls-to-featured-images-wordpress.html,13
/blog/wordpress-ultimate-csv-importer-csv-sample-files-and-updates.html,10
/ja/documentation/wp-ultimate-csv-importer/how-to-import-csv,8
/blog/add-external-urls-to-featured-images-wordpress.html,7
/es/blog/como-instalar-wamp-y-xampp.html,7
/ja/blog/import-export-custom-post-types-plugin-data.html,7
/blog/how-to-install-ioncube-loaders-simple-steps-for-various-hosting-types.html,6
/blog/how-to-install-wamp-and-xampp.html,6
/documentation/wp-ultimate-csv-importer-pro/import-wordpress-categories-and-tags,5
/es/blog/como-importar-archivos-csv-a-wordpress-de-manera-eficiente.html,5
/ja/blog/enable-configure-wp-cron.html,5
/ja/blog/export-import-advanced-custom-fields-csv-wordpress.html,5
/ja/blog/how-to-import-page-to-wordpress.html,5
/ja/documentation/wp-ultimate-csv-importer/acf-import,5
/blog/enable-configure-wp-cron.html,4
/contact-us.html,4
/ja/blog/blog-create-and-import-custom-post-types-in-wordpress.html,4
/ja/blog/create-custom-taxonomies-with-acf.html,4
/ja/blog/how-to-import-csv-file-in-wordpress.html,4
/ja/wp-all-import-alternative.html,4
/about-us.html,3
/blog/best-woocommerce-affiliate-plugins.html,3
/blog/create-a-multilingual-website-with-wpml.html,3
/blog/create-custom-taxonomies-with-acf.html,3
/blog/how-to-import-csv-file-in-wordpress-without-plugin.html,3
/documentation/wp-ultimate-csv-importer-pro/import-and-export-nextgen-gallery-images,3
/documentation/wp-ultimate-csv-importer-pro/jet-engine-data-import,3
/documentation/wp-ultimate-csv-importer-pro/learnpress-data-import,3
/es/blog/como-instalar-cargadores-ioncube-para-varios-tipos-de-alojamiento.html,3
/ja/blog/create-custom-fields-with-acf-in-wordpress.html,3
/ja/blog/how-to-import-csv-file-in-wordpress-without-plugin.html,3
/ja/documentation/wp-ultimate-csv-importer/import-images-into-wordpress,3
/ja/wp-ultimate-csv-importer-pro.html,3
/blog/import-export-custom-post-types-plugin-data.html,2
/blog/import-export-gravity-forms-entries.html,2
/blog/polylang-import-translation-guide.html,2
/documentation/wp-ultimate-csv-importer-pro/how-to-import-variable-products-in-woocommerce,2
/documentation/wp-ultimate-csv-importer-pro/import-business-directory-listings-in-wordpress,2
/documentation/wp-ultimate-csv-importer-pro/import-data-from-excel-to-wordpress,2
/documentation/wp-ultimate-csv-importer-pro/import-export-user-members,2
/documentation/wp-ultimate-csv-importer-pro/import-export-users-with-multiple-user-roles,2
/documentation/wp-ultimate-csv-importer-pro/polylang-multilingual-content-import-export,2
/documentation/wp-ultimate-csv-importer-pro/rankmath-data-import-and-export,2
/es/blog/creacion-de-taxonomias-personalizadas-con-el-complemento-acf-una-guia-paso-a-paso.html,2
/ja/blog/how-to-install-wamp-and-xampp.html,2
/ja/blog/import-woocommerce-products-with-custom-fields.html,2
/ja/documentation/wp-ultimate-csv-importer/how-to-import-variable-products-in-woocommerce,2
/ja/documentation/wp-ultimate-csv-importer/import-data-from-excel-to-wordpress,2
/ja/documentation/wp-ultimate-csv-importer/import-wordpress-categories-and-tags,2
/ja/documentation/wp-ultimate-exporter/wordpress-exporter-guide,2
/wp-ultimate-exporter.html,2
/aio-wp-media-library-manager.html,1
/blog/advanced-techniques-for-wordpress-import-and-export.html,1
/blog/ai-generated-wordpress-content-import.html,1
/blog/ai-in-wordpress.html,1
/blog/create-a-form-in-wordpress-without-plugins.html,1
/blog/create-an-online-store-with-wordpress.html,1
/blog/create-and-import-custom-post-types-in-wordpress.html,1
/blog/export-import-advanced-custom-fields-csv-wordpress.html,1
/blog/how-to-export-wordpress-users.html,1
/blog/how-to-import-page-to-wordpress.html,1
/blog/how-to-restore-wordpress-site-from-backup.html,1
/blog/import-export-elementor-as-csv.html,1
/blog/import-woocommerce-products-with-custom-fields.html,1
/blog/mastering-wpml-language-localization.html,1
/blog/optimize-wordpress-database-for-large-sites.html,1
/deals.html,1
/documentation/wp-ultimate-csv-importer-pro/acf-import,1
/documentation/wp-ultimate-csv-importer-pro/how-to-import-csv,1
/documentation/wp-ultimate-csv-importer-pro/wordpress-export-import-single-page,1
/es/blog/como-crear-e-importar-tipos-de-publicaciones-personalizadas-en-wordpress.html,1
/es/blog/como-exportar-e-importar-campos-personalizados-avanzados.html,1
/es/blog/ejemplos-de-archivos-csv-y-xml-para-la-importacion-de-prueba-wp-ultimate-csv-xml-importer.html,1
/es/blog/exportar-importar-una-sola-publicacion.html,1
/es/blog/funciones-avanzadas-de-polylang-para-sitios-web-multilingues.html,1
/es/blog/ia-en-wordpress.html,1
/es/blog/importar-productos-variables-a-woocommerce-usando-ultimate-csv-importer.html,1
/es/documentation/wp-ultimate-csv-importer-pro/guia-de-solucion-de-problemas,1
/es/documentation/wp-ultimate-csv-importer-pro/importacion-de-datos-de-learnpress,1
/es/documentation/wp-ultimate-csv-importer-pro/importar-categorias-y-etiquetas-de-wordpress,1
/es/wp-ultimate-csv-importer-pro/caracteristicas.html,1
/ja/blog/create-a-multilingual-website-with-wpml.html,1
/ja/blog/export-woocommerce-orders-to-google-sheets.html,1
/ja/documentation/wp-ultimate-csv-importer/custom-field-suite-import,1
/ja/documentation/wp-ultimate-csv-importer/import-and-export-lms-data,1
/ja/documentation/wp-ultimate-csv-importer/import-export-user-members,1
/ja/documentation/wp-ultimate-csv-importer/migrate-wordpress-and-woocommerce-data,1
/ja/easy-inventory-and-stock-manager-for-woocommerce.html,1
/ja/wp-ultimate-exporter.html,1
/support.html,1
/wordpress.html,1
/wp-all-import-alternative.html,1
/wp-ultimate-csv-importer-pro/import-wpml-multilingual-content.html,1
/wp-ultimate-csv-importer-pro/jetengine-cct-import.html,1
/wp-ultimate-csv-importer-pro/seo-meta-data-import.html,1

Table: Session manual source - Sessions
sessionSource,sessions
(direct),553
google,363
(not set),218
plugin,67
hostwp.io,38
website,34
(data not available),29
csv_importer_free_plugin,24
readme,19
bing,16
webcartisan,15
marketplace.zoho.com,12
yahoo,11
agencyhandy.com,7
ajaxsearchpro.com,7
hashthemes,7
rankmath,6
wordpress_org,6
rss,5
web,5
wordpress.org,5
youtube.com,5
perplexity.ai,4
unlimites-elements,4
yandex.ru,4
crocoblock,3
csv-importer-free-admin-notice,3
duckduckgo,3
pjurcom-clone.entwurfsansicht.de,3
youtube,3
88.com,2
Smsite,2
americanstandard.com.sg,2
automanai.lt,2
bookingpress,2
csv_importer_pro_plugin_settings,2
dev.ozero.ua,2
l.instagram.com,2
lead_builder_free,2
mail.google.com,2
main-metallbauer.de,2
nfrar.co.uk,2
skt,2
upcity.com,2
wordpress,2
wp_mayor,2
wpzinc.com,2
WpOrg,1
acquisition-international.com,1
aida64.imyqw.com,1
amandakellypottery.com,1
baukunst.quellplan.de,1
blog,1
cbd-lafermedupetitsud.fr,1
chatgpt.com,1
city.ya.ru,1
crm.vp360.eu,1
csv_importer_free_readme,1
darkturquoise-deer-580302.hostingersite.com,1
designercasuals.com,1
dg.greenenergyconsumers.org,1
edenrwa.com,1
en-gb.wordpress.org,1
facebook.com,1
fb,1
flycart,1
goldcoasttaxdepreciation.com.au,1
hhfoodways.org,1
in.search.yahoo.com,1
jyoseikami.com,1
kampeerliefhebbers.com,1
kaoba100.top,1
keerdus.eu,1
labelchapo.ir,1
ledomainedailleurs.fr,1
linkedin.com,1
lotasbook.org,1
m.facebook.com,1
mainwp.com,1
maison-millet.com,1
marketplace.zoho.com.au,1
mtw-wp-stg-cms.mtpro.jp,1
orange-aardvark-383981.hostingersite.com,1
past-questions.local,1
pjurcom-relaunch.entwurfsansicht.de,1
planhealthfaire.fr,1
rankmath.com,1
search.google.com,1
sekolahanak.com,1
superamara.com,1
tanjungmardeka.id,1
test.turbodoctor.ro,1
tourbooking.elysiumdeveloper.net,1
valentiaweb.xsrv.jp,1
vqfq.ratraiser.online,1
webingenius.com,1
welovedemos.com,1
whitesmoke-gnat-530501.hostingersite.com,1
worldpressit.com,1
wpbakery.com,1
wpbrigade,1
wpmayor,1
wppy.ratraiser.online,1
xy.btr09.cn,1

