Session source,New users,Sessions,Engagement rate,Average engagement time per session,Bounce rate,Engaged sessions
(direct),485,553,0.27486437613019893,91.76189493670887,0.72513562386980113,152
google,260,363,0.71900826446281,252.15160562809916,0.28099173553719009,261
(not set),84,218,0.36238532110091742,230.82698288073394,0.63761467889908252,79
(data not available),21,29,0.7931034482758621,423.948241,0.20689655172413793,23
plugin,21,67,0.4925373134328358,477.60797676119404,0.5074626865671642,33
hostwp.io,19,38,0.52631578947368418,284.04953142105262,0.47368421052631576,20
csv_importer_free_plugin,11,24,0.5,204.53360404166668,0.5,12
bing,8,16,0.5,125.0180043125,0.5,8
marketplace.zoho.com,8,12,0.41666666666666669,41.897395333333336,0.58333333333333337,5
website,8,34,0.55882352941176472,279.68097511764705,0.44117647058823528,19
yahoo,8,11,0.81818181818181823,274.77719372727273,0.18181818181818182,9
webcartisan,5,15,0.46666666666666667,157.73102006666664,0.53333333333333333,7
agencyhandy.com,4,7,0.2857142857142857,130.86625742857143,0.7142857142857143,2
hashthemes,4,7,0.14285714285714285,136.53737957142857,0.8571428571428571,1
rankmath,4,6,0.83333333333333337,68.697196833333336,0.16666666666666666,5
rss,4,5,0.2,2.699384,0.8,1
youtube.com,4,5,0.4,338.4170464,0.6,2
ajaxsearchpro.com,3,7,0.7142857142857143,405.11787028571428,0.2857142857142857,5
crocoblock,3,3,0.66666666666666663,670.98631833333332,0.33333333333333331,2
perplexity.ai,3,4,0.5,7.30739025,0.5,2
Smsite,2,2,1,72.4008025,0,2
duckduckgo,2,3,0.66666666666666663,61.239797666666668,0.33333333333333331,2
unlimites-elements,2,4,0.25,5.5547375,0.75,1
yandex.ru,2,4,0.5,248.324719,0.5,2
youtube,2,3,0.66666666666666663,631.20598266666673,0.33333333333333331,2
88.com,1,2,0,0,1,0
WpOrg,1,1,0,3.160051,1,0
baukunst.quellplan.de,1,1,1,61.037589,0,1
blog,1,1,0,2.976172,1,0
cbd-lafermedupetitsud.fr,1,1,0,2.181598,1,0
chatgpt.com,1,1,1,551.131164,0,1
city.ya.ru,1,1,1,28.322407,0,1
crm.vp360.eu,1,1,1,43.379623,0,1
csv-importer-free-admin-notice,1,3,0.33333333333333331,9.1087533333333326,0.66666666666666663,1
darkturquoise-deer-580302.hostingersite.com,1,1,0,0,1,0
dg.greenenergyconsumers.org,1,1,1,107.012851,0,1
edenrwa.com,1,1,1,815.722071,0,1
en-gb.wordpress.org,1,1,1,91.521479,0,1
facebook.com,1,1,1,29.075047,0,1
fb,1,1,0,0,1,0
goldcoasttaxdepreciation.com.au,1,1,1,545.396462,0,1
hhfoodways.org,1,1,1,284.175136,0,1
in.search.yahoo.com,1,1,1,26.74526,0,1
jyoseikami.com,1,1,0,0,1,0
kampeerliefhebbers.com,1,1,1,31.149387,0,1
keerdus.eu,1,1,1,100.744372,0,1
l.instagram.com,1,2,0.5,10.7189395,0.5,1
labelchapo.ir,1,1,0,0,1,0
lead_builder_free,1,2,0.5,132.19044200000002,0.5,1
ledomainedailleurs.fr,1,1,1,323.528758,0,1
lotasbook.org,1,1,1,407.870555,0,1
m.facebook.com,1,1,0,0,1,0
main-metallbauer.de,1,2,1,25.414585,0,2
maison-millet.com,1,1,1,369.364015,0,1
marketplace.zoho.com.au,1,1,1,10.707012,0,1
mtw-wp-stg-cms.mtpro.jp,1,1,1,35.290057,0,1
nfrar.co.uk,1,2,0.5,228.549485,0.5,1
orange-aardvark-383981.hostingersite.com,1,1,1,1913.768481,0,1
past-questions.local,1,1,1,142.409628,0,1
readme,1,19,0.68421052631578949,278.37720110526317,0.31578947368421051,13
tanjungmardeka.id,1,1,1,35.354537,0,1
test.turbodoctor.ro,1,1,1,1053.42454,0,1
tourbooking.elysiumdeveloper.net,1,1,1,1741.60675,0,1
upcity.com,1,2,0.5,145.402213,0.5,1
vqfq.ratraiser.online,1,1,0,0,1,0
web,1,5,0.4,241.00416620000001,0.6,2
webingenius.com,1,1,0,0,1,0
whitesmoke-gnat-530501.hostingersite.com,1,1,0,0,1,0
wordpress,1,2,0.5,381.3672255,0.5,1
wordpress.org,1,5,0.8,207.08742619999998,0.2,4
wordpress_org,1,6,0.66666666666666663,51.583830166666665,0.33333333333333331,4
worldpressit.com,1,1,1,3402.988559,0,1
wppy.ratraiser.online,1,1,0,0,1,0
wpzinc.com,1,2,0.5,688.937917,0.5,1
acquisition-international.com,0,1,1,10.295083,0,1
aida64.imyqw.com,0,1,1,351.490773,0,1
amandakellypottery.com,0,1,1,1442.800311,0,1
americanstandard.com.sg,0,2,0.5,13.7402925,0.5,1
automanai.lt,0,2,0,0,1,0
bookingpress,0,2,1,423.549622,0,2
csv_importer_free_readme,0,1,1,1237.959519,0,1
csv_importer_pro_plugin_settings,0,2,0.5,33.0910315,0.5,1
designercasuals.com,0,1,0,0,1,0
dev.ozero.ua,0,2,0.5,52.5322365,0.5,1
flycart,0,1,1,41.078025,0,1
kaoba100.top,0,1,1,16.393877,0,1
linkedin.com,0,1,1,631.694039,0,1
mail.google.com,0,2,1,621.6085145,0,2
mainwp.com,0,1,1,69.293448,0,1
pjurcom-clone.entwurfsansicht.de,0,3,0.66666666666666663,185.05501033333334,0.33333333333333331,2
pjurcom-relaunch.entwurfsansicht.de,0,1,1,125.388123,0,1
planhealthfaire.fr,0,1,1,262.474339,0,1
rankmath.com,0,1,1,1840.552147,0,1
search.google.com,0,1,1,13.786968,0,1
sekolahanak.com,0,1,1,52.455689,0,1
skt,0,2,1,352.11842,0,2
superamara.com,0,1,1,726.354036,0,1
valentiaweb.xsrv.jp,0,1,0,0,1,0
welovedemos.com,0,1,1,31.134881,0,1
wp_mayor,0,2,0,4.713447,1,0
wpbakery.com,0,1,1,79.856988,0,1
wpbrigade,0,1,1,256.225485,0,1
wpmayor,0,1,1,21.8214,0,1
xy.btr09.cn,0,1,0,0,1,0
