Session source / medium,New users,Sessions,Engagement rate,Average engagement time per session,Bounce rate,Engaged sessions,Purchase revenue
(direct) / (none),485,553,0.27486437613019893,91.76189493670887,0.72513562386980113,152,0
google / organic,260,363,0.71900826446281,252.15160562809916,0.28099173553719009,261,0
(not set),84,218,0.36238532110091742,230.82698288073396,0.63761467889908252,79,1494.75
(data not available),21,29,0.7931034482758621,423.948241,0.20689655172413793,23,0
plugin / wordpress,21,67,0.4925373134328358,477.607976761194,0.5074626865671642,33,0
hostwp.io / clb,19,38,0.52631578947368418,284.04953142105262,0.47368421052631576,20,0
csv_importer_free_plugin / error_message,11,24,0.5,204.53360404166668,0.5,12,0
bing / organic,8,16,0.5,125.0180043125,0.5,8,0
marketplace.zoho.com / referral,8,12,0.41666666666666669,41.897395333333336,0.58333333333333337,5,0
website / cta_banner,8,32,0.53125,284.3671825,0.46875,17,0
yahoo / organic,8,11,0.81818181818181823,274.77719372727273,0.18181818181818182,9,0
webcartisan / clb,5,15,0.46666666666666667,157.73102006666664,0.53333333333333333,7,0
agencyhandy.com / clb,4,7,0.2857142857142857,130.86625742857143,0.7142857142857143,2,0
hashthemes / deals,4,7,0.14285714285714285,136.53737957142857,0.8571428571428571,1,0
rankmath / clb,4,6,0.83333333333333337,68.697196833333336,0.16666666666666666,5,0
youtube.com / referral,4,5,0.4,338.4170464,0.6,2,0
ajaxsearchpro.com / clb,3,7,0.7142857142857143,405.11787028571428,0.2857142857142857,5,0
crocoblock / blog,3,3,0.66666666666666663,670.98631833333332,0.33333333333333331,2,0
perplexity.ai / referral,3,4,0.5,7.30739025,0.5,2,0
Smsite / CTA,2,2,1,72.4008025,0,2,0
duckduckgo / organic,2,3,0.66666666666666663,61.239797666666668,0.33333333333333331,2,0
rss / (not set),2,2,0,0,1,0,0
rss / rss,2,3,0.33333333333333331,4.4989733333333328,0.66666666666666663,1,0
unlimites-elements / clb,2,4,0.25,5.5547375,0.75,1,0
yandex.ru / referral,2,4,0.5,248.324719,0.5,2,0
youtube / video,2,3,0.66666666666666663,631.20598266666673,0.33333333333333331,2,0
88.com / referral,1,2,0,0,1,0,0
WpOrg / Readme,1,1,0,3.160051,1,0,0
baukunst.quellplan.de / referral,1,1,1,61.037589,0,1,0
blog / post,1,1,0,2.976172,1,0,0
cbd-lafermedupetitsud.fr / referral,1,1,0,2.181598,1,0,0
chatgpt.com / referral,1,1,1,551.131164,0,1,0
city.ya.ru / referral,1,1,1,28.322407,0,1,0
crm.vp360.eu / referral,1,1,1,43.379623,0,1,0
csv-importer-free-admin-notice / wp_org_readme,1,3,0.33333333333333331,9.1087533333333326,0.66666666666666663,1,0
darkturquoise-deer-580302.hostingersite.com / referral,1,1,0,0,1,0,0
dg.greenenergyconsumers.org / referral,1,1,1,107.012851,0,1,0
edenrwa.com / referral,1,1,1,815.722071,0,1,0
en-gb.wordpress.org / referral,1,1,1,91.521479,0,1,0
facebook.com / referral,1,1,1,29.075047,0,1,0
fb / post,1,1,0,0,1,0,0
goldcoasttaxdepreciation.com.au / referral,1,1,1,545.396462,0,1,0
hhfoodways.org / referral,1,1,1,284.175136,0,1,0
in.search.yahoo.com / referral,1,1,1,26.74526,0,1,0
jyoseikami.com / referral,1,1,0,0,1,0,0
kampeerliefhebbers.com / referral,1,1,1,31.149387,0,1,0
keerdus.eu / referral,1,1,1,100.744372,0,1,0
l.instagram.com / referral,1,2,0.5,10.7189395,0.5,1,0
labelchapo.ir / referral,1,1,0,0,1,0,0
lead_builder_free / plugin,1,2,0.5,132.19044200000002,0.5,1,0
ledomainedailleurs.fr / referral,1,1,1,323.528758,0,1,0
lotasbook.org / referral,1,1,1,407.870555,0,1,0
m.facebook.com / referral,1,1,0,0,1,0,0
main-metallbauer.de / referral,1,2,1,25.414585,0,2,0
maison-millet.com / referral,1,1,1,369.364015,0,1,0
marketplace.zoho.com.au / referral,1,1,1,10.707012,0,1,0
mtw-wp-stg-cms.mtpro.jp / referral,1,1,1,35.290057,0,1,0
nfrar.co.uk / referral,1,2,0.5,228.549485,0.5,1,0
orange-aardvark-383981.hostingersite.com / referral,1,1,1,1913.768481,0,1,0
past-questions.local / referral,1,1,1,142.409628,0,1,0
readme / referral,1,1,1,195.913315,0,1,0
tanjungmardeka.id / referral,1,1,1,35.354537,0,1,0
test.turbodoctor.ro / referral,1,1,1,1053.42454,0,1,0
tourbooking.elysiumdeveloper.net / referral,1,1,1,1741.60675,0,1,0
upcity.com / referral,1,2,0.5,145.402213,0.5,1,0
vqfq.ratraiser.online / referral,1,1,0,0,1,0,0
web / wporg,1,4,0.25,59.72878875,0.75,1,0
webingenius.com / referral,1,1,0,0,1,0,0
whitesmoke-gnat-530501.hostingersite.com / referral,1,1,0,0,1,0,0
wordpress / readme,1,2,0.5,381.3672255,0.5,1,0
wordpress.org / referral,1,5,0.8,207.08742619999998,0.2,4,0
wordpress_org / readme,1,6,0.66666666666666663,51.583830166666665,0.33333333333333331,4,0
worldpressit.com / referral,1,1,1,3402.988559,0,1,0
wppy.ratraiser.online / referral,1,1,0,0,1,0,0
wpzinc.com / referral,1,2,0.5,688.937917,0.5,1,0
acquisition-international.com / referral,0,1,1,10.295083,0,1,0
aida64.imyqw.com / referral,0,1,1,351.490773,0,1,0
amandakellypottery.com / referral,0,1,1,1442.800311,0,1,0
americanstandard.com.sg / referral,0,2,0.5,13.7402925,0.5,1,0
automanai.lt / referral,0,2,0,0,1,0,0
bookingpress / clb,0,2,1,423.549622,0,2,0
csv_importer_free_readme / wporg,0,1,1,1237.959519,0,1,0
csv_importer_pro_plugin_settings / dashboard,0,2,0.5,33.0910315,0.5,1,0
designercasuals.com / referral,0,1,0,0,1,0,0
dev.ozero.ua / referral,0,2,0.5,52.5322365,0.5,1,0
flycart / deals,0,1,1,41.078025,0,1,0
kaoba100.top / referral,0,1,1,16.393877,0,1,0
linkedin.com / referral,0,1,1,631.694039,0,1,0
mail.google.com / referral,0,2,1,621.6085145,0,2,0
mainwp.com / referral,0,1,1,69.293448,0,1,0
pjurcom-clone.entwurfsansicht.de / referral,0,3,0.66666666666666663,185.05501033333334,0.33333333333333331,2,0
pjurcom-relaunch.entwurfsansicht.de / referral,0,1,1,125.388123,0,1,0
planhealthfaire.fr / referral,0,1,1,262.474339,0,1,0
rankmath.com / referral,0,1,1,1840.552147,0,1,0
readme / (not set),0,18,0.66666666666666663,282.95852811111109,0.33333333333333331,12,0
search.google.com / referral,0,1,1,13.786968,0,1,0
sekolahanak.com / referral,0,1,1,52.455689,0,1,0
skt / deals,0,2,1,352.11842,0,2,0
superamara.com / referral,0,1,1,726.354036,0,1,0
valentiaweb.xsrv.jp / referral,0,1,0,0,1,0,0
web / wp_org,0,1,1,966.105676,0,1,0
website / sm_cta,0,2,1,204.701657,0,2,0
welovedemos.com / referral,0,1,1,31.134881,0,1,0
wp_mayor / review_post,0,2,0,4.713447,1,0,0
wpbakery.com / referral,0,1,1,79.856988,0,1,0
wpbrigade / deals,0,1,1,256.225485,0,1,0
wpmayor / clb,0,1,1,21.8214,0,1,0
xy.btr09.cn / referral,0,1,0,0,1,0,0
