firstUserDefaultChannelGroup,totalUsers,newUsers,Returning users,Average engagement time per active user,Engaged sessions per active user,eventCount,keyEvents,userKeyEventRate
Direct,819,485,334,0.15924825031255074,0.28083028083028083,4436,95,0.0337711069418386
Unassigned,700,180,520,0.38850762582046333,0.17714285714285713,2553,42,0.0292682926829268
Organic Search,329,280,49,0.7532757062195641,0.9422492401215805,3406,35,0.0251572327044025
Referral,61,46,15,4.224523671559283,0.8032786885245902,800,23,0.087719298245614
Cross-network,24,22,2,10.786604956896552,0.75,167,0,0.0
Organic Social,10,7,3,14.421109741666665,0.7,63,0,0.0
Organic Video,6,6,0,41.11294597619048,0.5,52,0,0.0
