Top pages,Clicks,Impressions,CTR,Position
https://www.smackcoders.com/,87,644,0.13509316770186336,10.15527950310559
https://www.smackcoders.com/wp-ultimate-csv-importer-pro.html,23,868,0.026497695852534562,7.443548387096774
https://www.smackcoders.com/blog/wordpress-ultimate-csv-importer-csv-sample-files-and-updates.html,22,1050,0.02095238095238095,11.135238095238096
https://www.smackcoders.com/blog/how-to-install-wamp-and-xampp.html,17,1779,0.00955593029792018,7.767847105115234
https://www.smackcoders.com/ja/blog/add-external-urls-to-featured-images-wordpress.html,13,628,0.020700636942675158,6.2165605095541405
https://www.smackcoders.com/ja/blog/enable-configure-wp-cron.html,13,214,0.06074766355140187,5.738317757009346
https://www.smackcoders.com/blog/add-external-urls-to-featured-images-wordpress.html,11,3617,0.0030411943599668234,5.558473873375726
https://www.smackcoders.com/wp-all-import-alternative.html,11,293,0.03754266211604096,22.12286689419795
https://www.smackcoders.com/blog/how-to-import-page-to-wordpress.html,10,983,0.01017293997965412,12.422177009155646
https://www.smackcoders.com/blog/how-to-install-ioncube-loaders-simple-steps-for-various-hosting-types.html,10,1161,0.008613264427217916,8.737295434969854
https://www.smackcoders.com/blog/enable-configure-wp-cron.html,9,1030,0.008737864077669903,15.032038834951456
https://www.smackcoders.com/documentation/wp-ultimate-csv-importer-pro/import-images-into-wordpress,8,187,0.0427807486631016,7.7967914438502675
https://www.smackcoders.com/ja/blog/how-to-import-page-to-wordpress.html,8,243,0.03292181069958848,6.8353909465020575
https://www.smackcoders.com/blog/export-import-advanced-custom-fields-csv-wordpress.html,7,1159,0.0060396893874029335,9.294219154443486
https://www.smackcoders.com/contact-us.html,7,222,0.03153153153153153,2.243243243243243
https://www.smackcoders.com/ja/documentation/wp-ultimate-csv-importer/acf-import,7,76,0.09210526315789473,11.118421052631579
https://www.smackcoders.com/ja/blog/export-import-advanced-custom-fields-csv-wordpress.html,6,133,0.045112781954887216,13.165413533834586
https://www.smackcoders.com/ja/blog/how-to-import-csv-file-in-wordpress.html,6,214,0.028037383177570093,19.850467289719628
https://www.smackcoders.com/ja/blog/import-export-custom-post-types-plugin-data.html,6,55,0.10909090909090909,4.618181818181818
https://www.smackcoders.com/ja/documentation/wp-ultimate-csv-importer/import-images-into-wordpress,6,47,0.1276595744680851,4.617021276595745
https://www.smackcoders.com/ja/wp-ultimate-csv-importer-pro.html,6,42,0.14285714285714285,6.642857142857143
https://www.smackcoders.com/wordpress.html,6,239,0.02510460251046025,3.2552301255230125
https://www.smackcoders.com/about-us.html,5,247,0.020242914979757085,3.408906882591093
https://www.smackcoders.com/blog/create-a-multilingual-website-with-wpml.html,4,227,0.01762114537444934,12.405286343612335
https://www.smackcoders.com/blog/create-custom-taxonomies-with-acf.html,4,1387,0.002883922134102379,7.447728911319395
https://www.smackcoders.com/blog/how-to-import-csv-file-in-wordpress-without-plugin.html,4,633,0.00631911532385466,10.091627172195892
https://www.smackcoders.com/documentation/wp-ultimate-csv-importer-pro/troubleshooting-guide,4,222,0.018018018018018018,5.891891891891892
https://www.smackcoders.com/blog/export-import-single-wordpress-post-page-product.html,3,516,0.005813953488372093,11.11046511627907
https://www.smackcoders.com/blog/how-to-restore-wordpress-site-from-backup.html,3,865,0.003468208092485549,32.65202312138729
https://www.smackcoders.com/blog/mastering-wpml-language-localization.html,3,458,0.006550218340611353,9.510917030567686
https://www.smackcoders.com/blog/optimize-wordpress-database-for-large-sites.html,3,512,0.005859375,15.9375
https://www.smackcoders.com/blog/ppom-for-woocommerce-import-export-custom-fields.html,3,218,0.013761467889908258,7.68348623853211
https://www.smackcoders.com/documentation/wp-ultimate-csv-importer-pro/import-and-export-nextgen-gallery-images,3,193,0.015544041450777202,18.683937823834196
https://www.smackcoders.com/documentation/wp-ultimate-csv-importer-pro/jet-engine-data-import,3,200,0.015,7.62
https://www.smackcoders.com/documentation/wp-ultimate-csv-importer-pro/learnpress-data-import,3,127,0.023622047244094488,7.086614173228346
https://www.smackcoders.com/es/blog/como-importar-archivos-csv-a-wordpress-de-manera-eficiente.html,3,85,0.03529411764705882,7.1647058823529415
https://www.smackcoders.com/ja/blog/create-a-multilingual-website-with-wpml.html,3,139,0.02158273381294964,7.460431654676259
https://www.smackcoders.com/ja/blog/create-custom-taxonomies-with-acf.html,3,111,0.02702702702702703,12.666666666666666
https://www.smackcoders.com/ja/documentation/wp-ultimate-exporter/wordpress-exporter-guide,3,87,0.034482758620689655,6.517241379310345
https://www.smackcoders.com/blog/build-dynamic-wordpress-sites-with-custom-post-types.html,2,405,0.0049382716049382715,8.05925925925926
https://www.smackcoders.com/blog/create-a-form-in-wordpress-without-plugins.html,2,251,0.00796812749003984,7.888446215139442
https://www.smackcoders.com/blog/create-and-import-custom-post-types-in-wordpress.html,2,574,0.003484320557491289,8.538327526132404
https://www.smackcoders.com/blog/import-export-elementor-as-csv.html,2,123,0.016260162601626018,9.991869918699187
https://www.smackcoders.com/blog/import-export-gravity-forms-entries.html,2,414,0.004830917874396135,26.58695652173913
https://www.smackcoders.com/blog/import-export-listings-business-directory-plugins.html,2,168,0.011904761904761904,10.69047619047619
https://www.smackcoders.com/documentation.html,2,102,0.0196078431372549,2.6470588235294117
https://www.smackcoders.com/documentation/woocommerce-to-shopify-integration/woocommerce-to-shopify-customer-sync,2,14,0.14285714285714285,6.071428571428571
https://www.smackcoders.com/documentation/wp-ultimate-csv-importer-pro/custom-field-suite-import,2,68,0.029411764705882353,7.382352941176471
https://www.smackcoders.com/documentation/wp-ultimate-csv-importer-pro/how-to-import-variable-products-in-woocommerce,2,380,0.005263157894736842,18.039473684210527
https://www.smackcoders.com/documentation/wp-ultimate-csv-importer-pro/import-and-export-lms-data,2,188,0.010638297872340425,6.8563829787234045
https://www.smackcoders.com/documentation/wp-ultimate-csv-importer-pro/import-and-export-woocommerce-reviews,2,149,0.013422818791946308,12.624161073825503
https://www.smackcoders.com/documentation/wp-ultimate-csv-importer-pro/import-data-from-excel-to-wordpress,2,113,0.017699115044247787,18.123893805309734
https://www.smackcoders.com/documentation/wp-ultimate-csv-importer-pro/what-is-elementor-import-export,2,117,0.017094017094017096,7.162393162393163
https://www.smackcoders.com/es/blog/como-instalar-wamp-y-xampp.html,2,476,0.004201680672268907,9.247899159663865
https://www.smackcoders.com/ja/blog/advanced-techniques-for-wordpress-import-and-export.html,2,126,0.015873015873015872,8.230158730158731
https://www.smackcoders.com/ja/blog/blog-create-and-import-custom-post-types-in-wordpress.html,2,186,0.010752688172043012,9.795698924731182
https://www.smackcoders.com/ja/documentation/wp-ultimate-csv-importer/bbpress-import-and-update,2,9,0.2222222222222222,8.333333333333332
https://www.smackcoders.com/ja/documentation/wp-ultimate-csv-importer/how-to-import-csv,2,88,0.022727272727272728,9.738636363636363
https://www.smackcoders.com/ja/documentation/wp-ultimate-csv-importer/import-and-export-wordpress-users,2,50,0.04,8.059999999999999
https://www.smackcoders.com/ja/documentation/wp-ultimate-csv-importer/import-data-from-excel-to-wordpress,2,23,0.08695652173913043,5.260869565217392
https://www.smackcoders.com/ja/documentation/wp-ultimate-csv-importer/import-wordpress-categories-and-tags,2,117,0.017094017094017096,37.27350427350427
https://www.smackcoders.com/woocommerce-to-shopify-sync-pro.html,2,39,0.05128205128205128,9.615384615384615
https://www.smackcoders.com/wp-ultimate-csv-importer-pro/pricing.html,2,273,0.007326007326007326,5.736263736263736
https://www.smackcoders.com/wp-ultimate-csv-importer-pro/woocommerce-import-products.html,2,246,0.008130081300813009,31.23170731707317
https://www.smackcoders.com/blog/a-guide-to-wordpress-caching.html,1,351,0.002849002849002849,23.527065527065528
https://www.smackcoders.com/blog/advanced-techniques-for-wordpress-import-and-export.html,1,551,0.0018148820326678765,24.049001814882033
https://www.smackcoders.com/blog/ai-generated-wordpress-content-import.html,1,158,0.006329113924050633,9.329113924050633
https://www.smackcoders.com/blog/best-wordpress-speed-optimization-plugins.html,1,726,0.0013774104683195593,46.84848484848485
https://www.smackcoders.com/blog/create-an-online-store-with-wordpress.html,1,301,0.0033222591362126247,35.87375415282392
https://www.smackcoders.com/blog/export-woocommerce-orders-to-google-sheets.html,1,170,0.0058823529411764705,53.87647058823529
https://www.smackcoders.com/blog/how-to-export-wordpress-users.html,1,580,0.0017241379310344827,12.693103448275862
https://www.smackcoders.com/blog/import-export-custom-post-types-plugin-data.html,1,117,0.008547008547008548,14.35897435897436
https://www.smackcoders.com/blog/import-export-woocommerce-product-reviews.html,1,134,0.007462686567164179,24.46268656716418
https://www.smackcoders.com/blog/polylang-import-products-woocommerce.html,1,237,0.004219409282700422,9.649789029535865
https://www.smackcoders.com/blog/ultimate-csv-importer-pro-v8-2.html,1,29,0.034482758620689655,16.448275862068968
https://www.smackcoders.com/blog/wordpress-seo-plugins.html,1,3664,0.0002729257641921397,72.35671397379913
https://www.smackcoders.com/deals.html,1,86,0.011627906976744186,3.9186046511627906
https://www.smackcoders.com/documentation/woocommerce-to-shopify-integration/w2s-getting-started,1,6,0.16666666666666666,30
https://www.smackcoders.com/documentation/wordpress-leads-builder-for-any-crm-pro/lead-builder-for-any-crm,1,29,0.034482758620689655,28.896551724137932
https://www.smackcoders.com/documentation/wp-ultimate-csv-importer-pro/how-to-import-schedule-or-update,1,201,0.004975124378109453,12.651741293532337
https://www.smackcoders.com/documentation/wp-ultimate-csv-importer-pro/import-export-acpt-fields-in-wordpress,1,60,0.016666666666666666,8.283333333333333
https://www.smackcoders.com/documentation/wp-ultimate-csv-importer-pro/import-export-users-with-multiple-user-roles,1,43,0.023255813953488372,17.72093023255814
https://www.smackcoders.com/documentation/wp-ultimate-csv-importer-pro/import-jetreview-data-into-wordpress,1,31,0.03225806451612903,10.806451612903226
https://www.smackcoders.com/documentation/wp-ultimate-csv-importer-pro/import-wordpress-categories-and-tags,1,302,0.0033112582781456954,10.774834437086092
https://www.smackcoders.com/documentation/wp-ultimate-csv-importer-pro/iteration-based-import,1,18,0.05555555555555555,4.833333333333334
https://www.smackcoders.com/documentation/wp-ultimate-csv-importer-pro/polylang-multilingual-content-import-export,1,91,0.01098901098901099,9.076923076923077
https://www.smackcoders.com/documentation/wp-ultimate-csv-importer-pro/rankmath-data-import-and-export,1,605,0.001652892561983471,10.515702479338843
https://www.smackcoders.com/documentation/wp-ultimate-csv-importer-pro/seo-import,1,79,0.012658227848101266,64.25316455696202
https://www.smackcoders.com/documentation/wp-ultimate-csv-importer-pro/toolset-types-import,1,72,0.013888888888888888,16.416666666666664
https://www.smackcoders.com/documentation/wp-ultimate-csv-importer-pro/woocommerces,1,217,0.004608294930875576,41.86175115207373
https://www.smackcoders.com/easy-inventory-and-stock-manager-for-woocommerce.html,1,130,0.007692307692307693,23.823076923076922
https://www.smackcoders.com/es/blog/como-anadir-urls-externas-a-las-imagenes-destacadas-en-wordpress.html,1,215,0.004651162790697674,6.488372093023256
https://www.smackcoders.com/es/blog/como-exportar-usuarios-de-wordpress-una-guia-paso-a-paso.html,1,19,0.05263157894736842,9.526315789473685
https://www.smackcoders.com/es/blog/como-instalar-cargadores-ioncube-para-varios-tipos-de-alojamiento.html,1,92,0.010869565217391304,5.684782608695652
https://www.smackcoders.com/es/blog/creacion-de-taxonomias-personalizadas-con-el-complemento-acf-una-guia-paso-a-paso.html,1,75,0.013333333333333334,6.68
https://www.smackcoders.com/es/blog/importar-paginas-a-wordpress-una-guia-util.html,1,95,0.010526315789473684,13.578947368421053
https://www.smackcoders.com/es/blog/importar-productos-de-woocommerce-con-campos-personalizados.html,1,43,0.023255813953488372,5.674418604651163
https://www.smackcoders.com/es/blog/importar-y-exportar-clientes-de-woocommerce.html,1,91,0.01098901098901099,7.021978021978022
https://www.smackcoders.com/es/blog/personalizacion-impulsada-por-ia.html,1,31,0.03225806451612903,27.483870967741936
https://www.smackcoders.com/es/blog/tecnicas-avanzadas-para-importar-y-exportar-wordpress.html,1,58,0.017241379310344827,10.482758620689655
https://www.smackcoders.com/es/documentation/wp-ultimate-csv-importer-pro/importar-imagenes-en-wordpress,1,12,0.08333333333333333,5.666666666666667
https://www.smackcoders.com/es/documentation/wp-ultimate-csv-importer-pro/importar-y-exportar-datos-lms-en-wordpress,1,11,0.09090909090909091,4.727272727272727
https://www.smackcoders.com/es/wp-ultimate-csv-importer-pro/importar-contenido-multilingue-de-wpml.html,1,4,0.25,17.25
https://www.smackcoders.com/ja,1,23,0.043478260869565216,7.304347826086956
https://www.smackcoders.com/ja/blog/ai-in-wordpress.html,1,47,0.02127659574468085,16.53191489361702
https://www.smackcoders.com/ja/blog/create-custom-fields-with-acf-in-wordpress.html,1,104,0.009615384615384616,20.028846153846153
https://www.smackcoders.com/ja/blog/export-woocommerce-orders-to-google-sheets.html,1,21,0.047619047619047616,13.619047619047619
https://www.smackcoders.com/ja/blog/how-to-install-wamp-and-xampp.html,1,88,0.011363636363636364,7.454545454545454
https://www.smackcoders.com/ja/blog/pre-orders-and-backorders-in-woocommerce.html,1,47,0.02127659574468085,7.531914893617022
https://www.smackcoders.com/ja/blog/wordpress-ultimate-csv-importer-csv-sample-files-and-updates.html,1,44,0.022727272727272728,4.272727272727273
https://www.smackcoders.com/ja/documentation/wp-ultimate-csv-importer/how-to-import-variable-products-in-woocommerce,1,29,0.034482758620689655,15.620689655172415
https://www.smackcoders.com/ja/documentation/wp-ultimate-csv-importer/import-export-user-members,1,22,0.045454545454545456,18.545454545454547
https://www.smackcoders.com/ja/documentation/wp-ultimate-csv-importer/post-page-custompost-import,1,57,0.017543859649122806,4.649122807017544
https://www.smackcoders.com/ja/documentation/wp-ultimate-csv-importer/troubleshooting-guide,1,36,0.027777777777777776,8.083333333333332
https://www.smackcoders.com/ja/wp-all-import-alternative.html,1,47,0.02127659574468085,9.553191489361701
https://www.smackcoders.com/ja/wp-ultimate-csv-importer-pro/features.html,1,3,0.3333333333333333,5.666666666666667
https://www.smackcoders.com/ja/wp-ultimate-csv-importer-pro/import-acf-custom-fields-from-csv.html,1,13,0.07692307692307693,29.923076923076923
https://www.smackcoders.com/refund-policy.html,1,5,0.2,3.6
https://www.smackcoders.com/wp-follow-up-emails.html,1,187,0.0053475935828877,35.68449197860963
https://www.smackcoders.com/wp-ultimate-csv-importer-pro/features.html,1,281,0.0035587188612099642,8.896797153024911
https://www.smackcoders.com/wp-ultimate-csv-importer-pro/polylang-import-translation.html,1,35,0.02857142857142857,8.82857142857143
https://www.smackcoders.com/wp-ultimate-csv-importer-pro/seo-meta-data-import.html,1,194,0.005154639175257732,7.412371134020619
https://www.smackcoders.com/aio-wp-media-library-manager.html,0,23,0,19.347826086956523
https://www.smackcoders.com/blog.html,0,39,0,13.58974358974359
https://www.smackcoders.com/blog.html/2?utm_source=web&utm_campaign=wp_org&utm_medium=readme,0,6,0,8
https://www.smackcoders.com/blog.html/4?referrer=wordpress.com,0,1,0,4
https://www.smackcoders.com/blog.html/5?referrer=wordpress.com,0,1,0,2
https://www.smackcoders.com/blog.html/7?utm_source,0,1,0,3
https://www.smackcoders.com/blog/add-external-urls-to-featured-images-wordpress.html#frequently-asked-questions,0,5,0,8.8
https://www.smackcoders.com/blog/add-external-urls-to-featured-images-wordpress.html#how-to-add-external-url-links-to-word-press-posts-pages,0,115,0,6.356521739130435
https://www.smackcoders.com/blog/add-external-urls-to-featured-images-wordpress.html#importing-bulk-external-ur-ls-to-featured-images-in-word-press-posts-pages-and-custom-posts,0,59,0,7.067796610169491
https://www.smackcoders.com/blog/add-external-urls-to-featured-images-wordpress.html#word-press-set-featured-images-from-url-programmatically,0,69,0,6.3768115942028984
https://www.smackcoders.com/blog/advanced-techniques-for-wordpress-import-and-export.html#exporting-your-self-hosted-word-press-website-content,0,2,0,3
https://www.smackcoders.com/blog/advanced-techniques-for-wordpress-import-and-export.html#word-press-import-export-plugins,0,2,0,3
https://www.smackcoders.com/blog/ai-in-wordpress.html,0,184,0,25.858695652173914
https://www.smackcoders.com/blog/ai-in-wordpress.html#11-best-ways-to-use-ai-in-word-press,0,2,0,8
https://www.smackcoders.com/blog/ai-in-wordpress.html#build-and-design-a-website,0,2,0,8
https://www.smackcoders.com/blog/ai-in-wordpress.html#top-ai-word-press-plugins,0,2,0,8
https://www.smackcoders.com/blog/ai-powered-personalization-for-ecommerce.html,0,31,0,34.354838709677416
https://www.smackcoders.com/blog/ai-wordpress-security.html,0,22,0,7.181818181818182
https://www.smackcoders.com/blog/avoid-common-woocommerce-store-mistakes.html,0,5,0,12.4
https://www.smackcoders.com/blog/best-multipurpose-wordpress-themes.html,0,163,0,25.20245398773006
https://www.smackcoders.com/blog/best-practices-for-wordpress-sites.html,0,115,0,17.582608695652173
https://www.smackcoders.com/blog/best-woocommerce-affiliate-plugins.html,0,828,0,36.671497584541065
https://www.smackcoders.com/blog/best-woocommerce-affiliate-plugins.html#10-best-woo-commerce-affiliate-plugins-2025,0,12,0,9.833333333333334
https://www.smackcoders.com/blog/best-woocommerce-affiliate-plugins.html#benefits-of-running-an-affiliate-program-for-woo-commerce-stores,0,12,0,9.833333333333334
https://www.smackcoders.com/blog/best-woocommerce-affiliate-plugins.html#maximize-your-woo-commerce-affiliate-programs-success,0,12,0,9.833333333333334
https://www.smackcoders.com/blog/best-woocommerce-plugins.html,0,320,0,19.38125
https://www.smackcoders.com/blog/create-a-form-in-wordpress-without-plugins.html#gathering-your-tools-html-css-and-php,0,4,0,10
https://www.smackcoders.com/blog/create-a-form-in-wordpress-without-plugins.html#reasons-to-build-forms-without-plugins,0,5,0,9.8
https://www.smackcoders.com/blog/create-a-form-in-wordpress-without-plugins.html#your-forms-html-structure,0,1,0,9
https://www.smackcoders.com/blog/create-a-multilingual-website-with-wpml.html#installing-wpml,0,1,0,9
https://www.smackcoders.com/blog/create-a-multilingual-website-with-wpml.html#steps-to-register-with-site-key-in-wpml,0,1,0,9
https://www.smackcoders.com/blog/create-a-multilingual-website-with-wpml.html#why-use-wpml-to-create-a-multilingual-website-in-word-press,0,1,0,9
https://www.smackcoders.com/blog/create-an-online-store-with-wordpress.html#step-1-choose-the-right-hosting-this-is-your-foundation,0,4,0,9.5
https://www.smackcoders.com/blog/create-an-online-store-with-wordpress.html#step-2-install-word-press-in-minutes,0,11,0,9.181818181818182
https://www.smackcoders.com/blog/create-an-online-store-with-wordpress.html#step-3-choose-the-perfect-theme,0,4,0,9.75
https://www.smackcoders.com/blog/create-an-online-store-with-wordpress.html#step-4-customize-your-site-with-elementor,0,3,0,9.333333333333334
https://www.smackcoders.com/blog/create-an-online-store-with-wordpress.html#step-5-set-up-woo-commerce,0,4,0,8.25
https://www.smackcoders.com/blog/create-an-online-store-with-wordpress.html#why-pick-word-press-for-your-store,0,12,0,8.75
https://www.smackcoders.com/blog/create-and-import-custom-post-types-in-wordpress.html#ultimate-csv-importer-word-press-import-csv-to-custom-post-types,0,28,0,6.392857142857143
https://www.smackcoders.com/blog/create-and-import-custom-post-types-in-wordpress.html#what-is-custom-post-type-in-word-press,0,28,0,6.392857142857143
https://www.smackcoders.com/blog/ecommerce-video-marketing.html,0,2,0,6
https://www.smackcoders.com/blog/enable-configure-wp-cron.html#hooking-wp-cron-in-the-task-scheduler,0,32,0,5.03125
https://www.smackcoders.com/blog/enable-configure-wp-cron.html#is-word-press-cron-enabled-how-to-enable-word-press-cron,0,37,0,4.837837837837838
https://www.smackcoders.com/blog/enable-configure-wp-cron.html#mac-linux,0,50,0,5.24
https://www.smackcoders.com/blog/enable-configure-wp-cron.html#word-press-cron-job-or-wp-cron-not-working,0,32,0,5.875
https://www.smackcoders.com/blog/essential-steps-to-launch-a-wordpress-site-the-right-way.html,0,183,0,23.382513661202186
https://www.smackcoders.com/blog/export-import-advanced-custom-fields-csv-wordpress.html#acf-field-types-explained,0,108,0,7.7407407407407405
https://www.smackcoders.com/blog/export-import-advanced-custom-fields-csv-wordpress.html#export-acf-fields-in-word-press-as-csv,0,133,0,7.578947368421052
https://www.smackcoders.com/blog/export-import-advanced-custom-fields-csv-wordpress.html#export-import-of-advanced-custom-fields-data-from-csv,0,152,0,7.5131578947368425
https://www.smackcoders.com/blog/export-import-advanced-custom-fields-csv-wordpress.html#import-acf-fields-in-word-press-from-csv,0,99,0,7.3232323232323235
https://www.smackcoders.com/blog/export-import-advanced-custom-fields-csv-wordpress.html#wp-ultimate-csv-importer-pro,0,36,0,7.777777777777778
https://www.smackcoders.com/blog/export-import-single-wordpress-post-page-product.html#exciting-enhancements-in-wp-ultimate-csv-importer-pro-8-1,0,5,0,8.2
https://www.smackcoders.com/blog/export-import-single-wordpress-post-page-product.html#key-benefits-of-this-feature,0,4,0,7.75
https://www.smackcoders.com/blog/export-import-single-wordpress-post-page-product.html#key-features-of-single-post-csv-import-export,0,126,0,8.531746031746032
https://www.smackcoders.com/blog/export-import-single-wordpress-post-page-product.html#why-do-you-need-to-export-and-import-single-post-page-custom-post-record,0,129,0,8.581395348837209
https://www.smackcoders.com/blog/how-to-add-a-free-wordpress-contact-form.html,0,16,0,20.3125
https://www.smackcoders.com/blog/how-to-export-wordpress-users.html#1-using-the-php-my-admin-method,0,6,0,10
https://www.smackcoders.com/blog/how-to-export-wordpress-users.html#2-using-the-wp-cli-command,0,7,0,10
https://www.smackcoders.com/blog/how-to-export-wordpress-users.html#4-third-party-services,0,41,0,8.926829268292682
https://www.smackcoders.com/blog/how-to-export-wordpress-users.html#how-to-export-word-press-users-with-wp-ultimate-csv-importer-plugin,0,41,0,8.926829268292682
https://www.smackcoders.com/blog/how-to-export-wordpress-users.html#methods-to-export-word-press-users,0,42,0,8.952380952380953
https://www.smackcoders.com/blog/how-to-export-wordpress-users.html#the-basics-of-user-export,0,6,0,10
https://www.smackcoders.com/blog/how-to-import-csv-file-in-wordpress-without-plugin.html#import-using-json-advanced,0,8,0,9.75
https://www.smackcoders.com/blog/how-to-import-csv-file-in-wordpress-without-plugin.html#importing-different-data-types-without-a-plugin,0,13,0,7.846153846153846
https://www.smackcoders.com/blog/how-to-import-csv-file-in-wordpress-without-plugin.html#methods-to-import-csv-files-into-word-press-without-a-plugin,0,53,0,8.264150943396228
https://www.smackcoders.com/blog/how-to-import-csv-file-in-wordpress-without-plugin.html#steps-for-importing-csv-to-word-press-without-a-plugin,0,51,0,8.019607843137255
https://www.smackcoders.com/blog/how-to-import-csv-file-in-wordpress-without-plugin.html#when-and-why-to-import-cs-vs-without-plugins,0,11,0,7.636363636363637
https://www.smackcoders.com/blog/how-to-import-csv-file-in-wordpress-without-plugin.html#wp-cli-for-advanced-users,0,12,0,8.916666666666668
https://www.smackcoders.com/blog/how-to-import-csv-file-in-wordpress.html,0,197,0,21.522842639593907
https://www.smackcoders.com/blog/how-to-import-csv-file-in-wordpress.html#enhancing-csv-file-imports,0,2,0,6.5
https://www.smackcoders.com/blog/how-to-import-csv-file-in-wordpress.html#methods-for-importing-csv-files,0,2,0,6.5
https://www.smackcoders.com/blog/how-to-import-page-to-wordpress.html#common-scenarios-and-methods-to-import-pages-into-word-press,0,132,0,5.606060606060606
https://www.smackcoders.com/blog/how-to-import-page-to-wordpress.html#step-by-step-import-word-press-pages-via-rest-api,0,132,0,5.606060606060606
https://www.smackcoders.com/blog/how-to-import-page-to-wordpress.html#types-of-pages-you-can-import,0,132,0,5.606060606060606
https://www.smackcoders.com/blog/how-to-prepare-woocommerce-for-high-traffic.html,0,57,0,7.491228070175438
https://www.smackcoders.com/blog/how-to-restore-wordpress-site-from-backup.html#import-your-word-press-website-files,0,9,0,8.333333333333332
https://www.smackcoders.com/blog/how-to-restore-wordpress-site-from-backup.html#modern-backup-tools-recommended-plugins,0,9,0,8.333333333333332
https://www.smackcoders.com/blog/how-to-restore-wordpress-site-from-backup.html#points-to-be-remembered-before-importing-a-word-press-site-from-the-backup,0,12,0,8.166666666666668
https://www.smackcoders.com/blog/how-to-restore-wordpress-site-from-backup.html#restore-word-press-site-the-benefits,0,1,0,5
https://www.smackcoders.com/blog/how-to-restore-wordpress-site-from-backup.html#steps-to-back-up-word-press-data,0,2,0,9
https://www.smackcoders.com/blog/import-and-export-woocommerce-customers.html,0,235,0,48.54893617021276
https://www.smackcoders.com/blog/import-export-custom-post-types-plugin-data.html#about-the-custom-post-types-plugin,0,36,0,8.36111111111111
https://www.smackcoders.com/blog/import-export-custom-post-types-plugin-data.html#importing-custom-post-type-data,0,36,0,8.36111111111111
https://www.smackcoders.com/blog/import-export-elementor-as-csv.html#how-to-bulk-export-import-of-elementor-templates,0,9,0,7.777777777777778
https://www.smackcoders.com/blog/import-export-elementor-as-csv.html#how-to-export-and-import-content-designed-with-elementor,0,9,0,7.777777777777778
https://www.smackcoders.com/blog/import-export-gravity-forms-entries.html#how-to-export-gravity-forms-entries,0,1,0,8
https://www.smackcoders.com/blog/import-export-gravity-forms-entries.html#preparing-your-gravity-forms-entries-for-import,0,26,0,9.153846153846153
https://www.smackcoders.com/blog/import-export-gravity-forms-entries.html#step-by-step-guide-to-import-gravity-forms-entries,0,24,0,9.041666666666666
https://www.smackcoders.com/blog/import-export-gravity-forms-entries.html#why-import-gravity-forms-entries-into-word-press,0,3,0,9.666666666666666
https://www.smackcoders.com/blog/import-export-gravity-forms-entries.html#why-wp-ultimate-csv-importer-plugin-for-gravity-forms-entries-import-export,0,1,0,8
https://www.smackcoders.com/blog/import-export-listings-business-directory-plugins.html#how-to-import-listings-data,0,1,0,8
https://www.smackcoders.com/blog/import-export-listings-business-directory-plugins.html#why-use-wp-ultimate-csv-importer-for-your-directory-listings,0,1,0,7
https://www.smackcoders.com/blog/import-export-listings-business-directory-plugins.html#word-press-directory-plugins-you-can-use,0,2,0,7.5
https://www.smackcoders.com/blog/import-export-woocommerce-product-reviews.html#how-to-import-product-reviews-into-woo-commerce,0,8,0,9.875
https://www.smackcoders.com/blog/import-export-woocommerce-product-reviews.html#how-to-set-up-product-reviews-in-woo-commerce,0,8,0,9.875
https://www.smackcoders.com/blog/import-export-woocommerce-product-reviews.html#what-is-woo-commerce-product-reviews,0,8,0,9.875
https://www.smackcoders.com/blog/import-posts-or-products-from-excel-to-wordpress.html,0,132,0,8.015151515151516
https://www.smackcoders.com/blog/import-variable-products-into-woocommerce.html,0,257,0,37.929961089494164
https://www.smackcoders.com/blog/import-variable-products-into-woocommerce.html#exporting-woo-commerce-variations-for-variable-products,0,4,0,6.5
https://www.smackcoders.com/blog/import-variable-products-into-woocommerce.html#step-by-step-guide-to-importing-variations-for-woo-commerce-variable-products,0,4,0,6.5
https://www.smackcoders.com/blog/import-woocommerce-products-with-custom-fields.html,0,68,0,24.5
https://www.smackcoders.com/blog/import-yith-order-tracking-data-and-export-with-csv-importer.html,0,41,0,10.463414634146341
https://www.smackcoders.com/blog/improve-core-web-vitals-in-wordpress.html,0,254,0,17.346456692913385
https://www.smackcoders.com/blog/introducing-wp-ultimate-csv-importer-8-11.html,0,1,0,11
https://www.smackcoders.com/blog/mastering-wpml-language-localization.html#how-to-change-flags-in-wpml,0,3,0,10.333333333333334
https://www.smackcoders.com/blog/mastering-wpml-language-localization.html#how-to-change-language-code,0,3,0,6.333333333333333
https://www.smackcoders.com/blog/mastering-wpml-language-localization.html#how-to-change-the-original-language-in-wpml,0,6,0,8.333333333333332
https://www.smackcoders.com/blog/migrate-shopify-to-woocommerce.html,0,434,0,48.36405529953917
https://www.smackcoders.com/blog/monthly-wordpress-maintenance-checklist.html,0,4,0,14.25
https://www.smackcoders.com/blog/onc-click-import-and-migrate-wordpress.html,0,7,0,8
https://www.smackcoders.com/blog/polylang-import-products-woocommerce.html#how-to-import-woocommerce-orders-with-polylang-translations,0,2,0,6.5
https://www.smackcoders.com/blog/polylang-import-products-woocommerce.html#introduction,0,2,0,6.5
https://www.smackcoders.com/blog/polylang-import-products-woocommerce.html#steps-for-efficient-migration-import-woo-commerce-products-with-polylang-translations,0,2,0,6.5
https://www.smackcoders.com/blog/polylang-import-translation-guide.html,0,249,0,9.53012048192771
https://www.smackcoders.com/blog/polylang-import-translation-guide.html#how-do-you-set-up-languages-on-a-word-press-site-using-polylang,0,1,0,11
https://www.smackcoders.com/blog/polylang-import-translation-guide.html#how-to-import-polylang-translated-content-in-your-multilingual-websites,0,22,0,5.681818181818182
https://www.smackcoders.com/blog/polylang-import-translation-guide.html#how-to-import-posts-and-pages-in-polylang-translation,0,25,0,5.76
https://www.smackcoders.com/blog/polylang-import-translation-guide.html#how-to-import-taxonomies-in-polylang-translations,0,2,0,4
https://www.smackcoders.com/blog/polylang-import-translation-guide.html#how-to-prepare-a-csv-to-import-the-content-of-polylang-translations,0,22,0,5.681818181818182
https://www.smackcoders.com/blog/polylang-plugin-for-wordpress.html,0,146,0,15.712328767123287
https://www.smackcoders.com/blog/reduce-page-load-time-on-high-content-sites.html,0,9,0,18
https://www.smackcoders.com/blog/scale-wordpress-for-high-traffic.html,0,381,0,31.186351706036746
https://www.smackcoders.com/blog/scaling-woocommerce-manage-products-orders.html,0,217,0,11.622119815668203
https://www.smackcoders.com/blog/security-fix-for-wp-ultimate-csv-importer.html,0,30,0,6.3
https://www.smackcoders.com/blog/speed-up-your-wordpress-website.html,0,445,0,72.41797752808989
https://www.smackcoders.com/blog/speed-up-your-wordpress-website.html#tip-1-choose-a-fast-and-lightweight-theme,0,1,0,2
https://www.smackcoders.com/blog/speed-up-your-wordpress-website.html#tip-2-use-a-caching-plugin,0,1,0,2
https://www.smackcoders.com/blog/speed-up-your-wordpress-website.html#tip-3-optimize-images,0,1,0,2
https://www.smackcoders.com/blog/speed-up-your-wordpress-website.html#tip-4-enable-lazy-loading,0,1,0,2
https://www.smackcoders.com/blog/speed-up-your-wordpress-website.html#tip-5-make-use-of-a-content-delivery-network-cdn,0,1,0,2
https://www.smackcoders.com/blog/speed-up-your-wordpress-website.html#tip-7-minimize-http-requests,0,1,0,2
https://www.smackcoders.com/blog/speed-up-your-wordpress-website.html#tip-8-limit-external-scripts,0,1,0,2
https://www.smackcoders.com/blog/ultimate-csv-importer-8-6-wp-rentals-serialized.html,0,29,0,16.620689655172413
https://www.smackcoders.com/blog/update-outdated-wordpress-plugins-data.html,0,11,0,9.727272727272727
https://www.smackcoders.com/blog/voice-search-optimization.html,0,14,0,21.071428571428573
https://www.smackcoders.com/blog/woocommerce-inventory-management.html,0,171,0,35.54970760233918
https://www.smackcoders.com/blog/woocommerce-maintenance-tasks.html,0,4,0,8
https://www.smackcoders.com/blog/woocommerce-variable-pricing-calculator.html,0,7,0,8.428571428571429
https://www.smackcoders.com/blog/woocommerce-vs-magento-pros-and-cons.html,0,18,0,48.5
https://www.smackcoders.com/blog/wordpress-admin-productivity-hacks.html,0,3,0,24.333333333333332
https://www.smackcoders.com/blog/wordpress-backup-restore-strategy.html,0,10,0,20.9
https://www.smackcoders.com/blog/wordpress-database-optimization.html,0,11,0,25.181818181818183
https://www.smackcoders.com/blog/wordpress-popup-builders.html,0,56,0,38.410714285714285
https://www.smackcoders.com/blog/wordpress-security-best-practices.html,0,272,0,23.845588235294116
https://www.smackcoders.com/blog/wordpress-security-checklist.html,0,228,0,25.49122807017544
https://www.smackcoders.com/blog/wordpress-seo-guide.html,0,384,0,65.82291666666667
https://www.smackcoders.com/blog/wordpress-ultimate-csv-importer-csv-sample-files-and-updates.html#sample-files-for-word-press-csv-xml-import,0,74,0,6.135135135135135
https://www.smackcoders.com/blog/wordpress-ultimate-csv-importer-csv-sample-files-and-updates.html#word-press-csv-import,0,74,0,6.135135135135135
https://www.smackcoders.com/blog/wordpress-ultimate-csv-importer-csv-sample-files-and-updates.html#word-press-xml-import,0,74,0,6.135135135135135
https://www.smackcoders.com/blog/wordpress-user-role-management-master-guide.html,0,53,0,8.226415094339622
https://www.smackcoders.com/blog/wp-query-ultimate-csv-importer-pro.html,0,11,0,37.45454545454545
https://www.smackcoders.com/blog/wp-ultimate-csv-importer-8-7-update.html,0,6,0,5.333333333333333
https://www.smackcoders.com/blog/wp-ultimate-csv-importer-8-8-ai-preview-validation.html,0,3,0,9.666666666666666
https://www.smackcoders.com/blog/wp-ultimate-csv-importer-pro-price-update.html,0,7,0,5.857142857142857
https://www.smackcoders.com/checkout.html?add-to-cart=334782072&quantity=1,0,1,0,1
https://www.smackcoders.com/crocoblock-deals.html,0,7,0,6.428571428571429
https://www.smackcoders.com/documentation/easy-inventory/easy-inventory-and-stock-manager,0,7,0,5.571428571428571
https://www.smackcoders.com/documentation/follow-up-email/follow-up-emails-plugin,0,25,0,8.08
https://www.smackcoders.com/documentation/woocommerce-to-shopify-integration/w2s-pro-features,0,1,0,45
https://www.smackcoders.com/documentation/woocommerce-to-shopify-integration/woocommerce-shopify-product-sync,0,10,0,6.6
https://www.smackcoders.com/documentation/woocommerce-to-shopify-integration/woocommerce-to-shopify-field-mapping,0,18,0,4
https://www.smackcoders.com/documentation/woocommerce-to-shopify-integration/woocommerce-to-shopify-integration-authentication-setup,0,32,0,15.625
https://www.smackcoders.com/documentation/woocommerce-to-shopify-integration/woocommerce-to-shopify-integration-plugin,0,160,0,42.175
https://www.smackcoders.com/documentation/woocommerce-to-shopify-integration/woocommerce-to-shopify-order-sync,0,5,0,7.8
https://www.smackcoders.com/documentation/woocommerce-to-shopify-integration/woocommerce-to-shopify-sync-faq,0,13,0,23.153846153846153
https://www.smackcoders.com/documentation/wordpress-leads-builder-for-any-crm-pro/e-commerce-integration,0,9,0,8.666666666666668
https://www.smackcoders.com/documentation/wordpress-leads-builder-for-any-crm-pro/faq-leads-builder,0,4,0,13.25
https://www.smackcoders.com/documentation/wp-ultimate-csv-importer-pro/acf-import,0,258,0,16.22093023255814
https://www.smackcoders.com/documentation/wp-ultimate-csv-importer-pro/acf-import#0-toc-title,0,22,0,5.045454545454546
https://www.smackcoders.com/documentation/wp-ultimate-csv-importer-pro/acf-import#1-toc-title,0,22,0,4.681818181818182
https://www.smackcoders.com/documentation/wp-ultimate-csv-importer-pro/acf-import#2-toc-title,0,1,0,3
https://www.smackcoders.com/documentation/wp-ultimate-csv-importer-pro/acf-import#3-toc-title,0,23,0,4.956521739130435
https://www.smackcoders.com/documentation/wp-ultimate-csv-importer-pro/acf-import#4-toc-title,0,1,0,11
https://www.smackcoders.com/documentation/wp-ultimate-csv-importer-pro/advanced-import-filters,0,23,0,6.695652173913044
https://www.smackcoders.com/documentation/wp-ultimate-csv-importer-pro/ai-integration,0,4,0,6.25
https://www.smackcoders.com/documentation/wp-ultimate-csv-importer-pro/bbpress-import-and-update,0,32,0,25.28125
https://www.smackcoders.com/documentation/wp-ultimate-csv-importer-pro/chatgpt-integration,0,3,0,6
https://www.smackcoders.com/documentation/wp-ultimate-csv-importer-pro/export-wordpress-data-using-wp-query,0,61,0,18.016393442622952
https://www.smackcoders.com/documentation/wp-ultimate-csv-importer-pro/how-to-import-csv,0,240,0,17.483333333333334
https://www.smackcoders.com/documentation/wp-ultimate-csv-importer-pro/how-to-import-schedule-or-update#0-toc-title,0,5,0,5.6
https://www.smackcoders.com/documentation/wp-ultimate-csv-importer-pro/how-to-import-schedule-or-update#1-toc-title,0,4,0,5.75
https://www.smackcoders.com/documentation/wp-ultimate-csv-importer-pro/how-to-import-schedule-or-update#2-toc-title,0,1,0,5
https://www.smackcoders.com/documentation/wp-ultimate-csv-importer-pro/how-to-import-schedule-or-update#3-toc-title,0,5,0,5.6
https://www.smackcoders.com/documentation/wp-ultimate-csv-importer-pro/how-to-import-variable-products-in-woocommerce#0-toc-title,0,88,0,8.306818181818182
https://www.smackcoders.com/documentation/wp-ultimate-csv-importer-pro/how-to-import-variable-products-in-woocommerce#1-toc-title,0,18,0,9.444444444444445
https://www.smackcoders.com/documentation/wp-ultimate-csv-importer-pro/how-to-import-variable-products-in-woocommerce#2-toc-title,0,88,0,8.306818181818182
https://www.smackcoders.com/documentation/wp-ultimate-csv-importer-pro/how-to-import-variable-products-in-woocommerce#3-toc-title,0,18,0,9.444444444444445
https://www.smackcoders.com/documentation/wp-ultimate-csv-importer-pro/how-to-import-variable-products-in-woocommerce#4-toc-title,0,18,0,9.444444444444445
https://www.smackcoders.com/documentation/wp-ultimate-csv-importer-pro/how-to-import-variable-products-in-woocommerce#5-toc-title,0,18,0,9.444444444444445
https://www.smackcoders.com/documentation/wp-ultimate-csv-importer-pro/how-to-import-woocommerce-orders,0,371,0,42.293800539083556
https://www.smackcoders.com/documentation/wp-ultimate-csv-importer-pro/import-and-export-listings-and-owners-in-wp-rentals,0,43,0,9
https://www.smackcoders.com/documentation/wp-ultimate-csv-importer-pro/import-and-export-nextgen-gallery-images#0-toc-title,0,27,0,3.888888888888889
https://www.smackcoders.com/documentation/wp-ultimate-csv-importer-pro/import-and-export-nextgen-gallery-images#1-toc-title,0,27,0,3.888888888888889
https://www.smackcoders.com/documentation/wp-ultimate-csv-importer-pro/import-and-export-nextgen-gallery-images#2-toc-title,0,25,0,4.12
https://www.smackcoders.com/documentation/wp-ultimate-csv-importer-pro/import-and-export-woocommerce-reviews#0-toc-title,0,3,0,9.666666666666666
https://www.smackcoders.com/documentation/wp-ultimate-csv-importer-pro/import-and-export-woocommerce-reviews#1-toc-title,0,3,0,9.666666666666666
https://www.smackcoders.com/documentation/wp-ultimate-csv-importer-pro/import-and-export-woocommerce-reviews#2-toc-title,0,3,0,9.666666666666666
https://www.smackcoders.com/documentation/wp-ultimate-csv-importer-pro/import-and-export-wordpress-users,0,149,0,59.36241610738255
https://www.smackcoders.com/documentation/wp-ultimate-csv-importer-pro/import-business-directory-listings-in-wordpress,0,83,0,12.216867469879517
https://www.smackcoders.com/documentation/wp-ultimate-csv-importer-pro/import-events-into-wordpress,0,53,0,8.150943396226415
https://www.smackcoders.com/documentation/wp-ultimate-csv-importer-pro/import-export-jetbookings-data,0,89,0,7.067415730337078
https://www.smackcoders.com/documentation/wp-ultimate-csv-importer-pro/import-export-user-members,0,1026,0,14.599415204678362
https://www.smackcoders.com/documentation/wp-ultimate-csv-importer-pro/import-images-into-wordpress#0-toc-title,0,20,0,5
https://www.smackcoders.com/documentation/wp-ultimate-csv-importer-pro/import-images-into-wordpress#1-toc-title,0,20,0,5
https://www.smackcoders.com/documentation/wp-ultimate-csv-importer-pro/import-serialized-fields-data,0,54,0,7.592592592592593
https://www.smackcoders.com/documentation/wp-ultimate-csv-importer-pro/import-woocommerce-customers,0,406,0,21.82512315270936
https://www.smackcoders.com/documentation/wp-ultimate-csv-importer-pro/import-wordpress-categories-and-tags#0-toc-title,0,8,0,7.25
https://www.smackcoders.com/documentation/wp-ultimate-csv-importer-pro/import-wordpress-categories-and-tags#1-toc-title,0,34,0,5.823529411764706
https://www.smackcoders.com/documentation/wp-ultimate-csv-importer-pro/import-wordpress-categories-and-tags#2-toc-title,0,41,0,6.097560975609756
https://www.smackcoders.com/documentation/wp-ultimate-csv-importer-pro/import-wordpress-categories-and-tags#3-toc-title,0,34,0,5.823529411764706
https://www.smackcoders.com/documentation/wp-ultimate-csv-importer-pro/importer-faq,0,163,0,15.07361963190184
https://www.smackcoders.com/documentation/wp-ultimate-csv-importer-pro/importer-faq#6-toc-title,0,2,0,10
https://www.smackcoders.com/documentation/wp-ultimate-csv-importer-pro/importer-faq#7-toc-title,0,1,0,10
https://www.smackcoders.com/documentation/wp-ultimate-csv-importer-pro/importer-faq#8-toc-title,0,1,0,10
https://www.smackcoders.com/documentation/wp-ultimate-csv-importer-pro/jet-engine-data-import#0-toc-title,0,4,0,9
https://www.smackcoders.com/documentation/wp-ultimate-csv-importer-pro/jet-engine-data-import#3-toc-title,0,4,0,9
https://www.smackcoders.com/documentation/wp-ultimate-csv-importer-pro/let-clients-export-wordpress-data,0,6,0,11.166666666666666
https://www.smackcoders.com/documentation/wp-ultimate-csv-importer-pro/meta-box-custom-field-cloneable,0,20,0,13.1
https://www.smackcoders.com/documentation/wp-ultimate-csv-importer-pro/meta-box-custom-field-cloneable#1-toc-title,0,1,0,8
https://www.smackcoders.com/documentation/wp-ultimate-csv-importer-pro/meta-box-custom-field-cloneable#4-toc-title,0,1,0,8
https://www.smackcoders.com/documentation/wp-ultimate-csv-importer-pro/metabox-import-export,0,112,0,7.946428571428571
https://www.smackcoders.com/documentation/wp-ultimate-csv-importer-pro/migrate-wordpress-and-woocommerce-data,0,38,0,44.13157894736842
https://www.smackcoders.com/documentation/wp-ultimate-csv-importer-pro/polylang-multilingual-content-import-export#0-toc-title,0,2,0,9
https://www.smackcoders.com/documentation/wp-ultimate-csv-importer-pro/polylang-multilingual-content-import-export#2-toc-title,0,2,0,9
https://www.smackcoders.com/documentation/wp-ultimate-csv-importer-pro/post-page-custompost-import,0,63,0,8.619047619047619
https://www.smackcoders.com/documentation/wp-ultimate-csv-importer-pro/rankmath-data-import-and-export#2-toc-title,0,2,0,9.5
https://www.smackcoders.com/documentation/wp-ultimate-csv-importer-pro/rankmath-data-import-and-export#5-toc-title,0,2,0,9.5
https://www.smackcoders.com/documentation/wp-ultimate-csv-importer-pro/seopress-import-export,0,72,0,16.38888888888889
https://www.smackcoders.com/documentation/wp-ultimate-csv-importer-pro/slim-seo-metadata-import-export,0,67,0,13.26865671641791
https://www.smackcoders.com/documentation/wp-ultimate-csv-importer-pro/woocommerces#0-toc-title,0,2,0,6.5
https://www.smackcoders.com/documentation/wp-ultimate-csv-importer-pro/woocommerces#5-toc-title,0,2,0,6.5
https://www.smackcoders.com/documentation/wp-ultimate-csv-importer-pro/woocommerces#6-toc-title,0,2,0,6.5
https://www.smackcoders.com/documentation/wp-ultimate-csv-importer-pro/wordpress-export-import-single-page,0,91,0,22.75824175824176
https://www.smackcoders.com/documentation/wp-ultimate-csv-importer-pro/wpml-multilingual-import,0,51,0,9.058823529411764
https://www.smackcoders.com/documentation/wp-ultimate-exporter/wordpress-exporter-guide,0,20,0,6.05
https://www.smackcoders.com/documentation/wp-ultimate-exporter/wordpress-exporter-guide#0-toc-title,0,4,0,3
https://www.smackcoders.com/documentation/wp-ultimate-exporter/wordpress-exporter-guide#1-toc-title,0,4,0,3
https://www.smackcoders.com/es/administrador-de-bibliotecas-de-medios-aio-wp.html,0,2,0,11
https://www.smackcoders.com/es/administrador-facil-de-inventario-y-stock-para-woocommerce.html,0,6,0,9.5
https://www.smackcoders.com/es/alternativa-de-importacion-de-wp-all.html,0,2,0,1
https://www.smackcoders.com/es/blog/acelera-tu-sitio-web-de-wordpress.html,0,28,0,72.71428571428571
https://www.smackcoders.com/es/blog/como-anadir-urls-externas-a-las-imagenes-destacadas-en-wordpress.html#como-agregar-enlaces-url-externos-a-publicaciones-y-paginas-de-word-press,0,1,0,5
https://www.smackcoders.com/es/blog/como-anadir-urls-externas-a-las-imagenes-destacadas-en-wordpress.html#importacion-masiva-de-url-externas-a-imagenes-destacadas-en-publicaciones-paginas-y-publicaciones-personalizadas-de-word-press,0,1,0,5
https://www.smackcoders.com/es/blog/como-crear-e-importar-tipos-de-publicaciones-personalizadas-en-wordpress.html,0,5,0,6.6
https://www.smackcoders.com/es/blog/como-exportar-e-importar-campos-personalizados-avanzados.html,0,47,0,13.042553191489361
https://www.smackcoders.com/es/blog/como-exportar-usuarios-de-wordpress-una-guia-paso-a-paso.html#2-uso-del-comando-wp-cli,0,1,0,6
https://www.smackcoders.com/es/blog/como-exportar-usuarios-de-wordpress-una-guia-paso-a-paso.html#como-exportar-usuarios-de-word-press-con-el-plugin-wp-ultimate-csv-importer,0,1,0,6
https://www.smackcoders.com/es/blog/como-exportar-usuarios-de-wordpress-una-guia-paso-a-paso.html#metodos-para-exportar-usuarios-de-word-press,0,1,0,6
https://www.smackcoders.com/es/blog/como-habilitar-y-configurar-wp-cron.html,0,90,0,7.8
https://www.smackcoders.com/es/blog/como-habilitar-y-configurar-wp-cron.html#hooking-wp-cron-in-the-task-scheduler,0,4,0,7
https://www.smackcoders.com/es/blog/como-habilitar-y-configurar-wp-cron.html#is-word-press-cron-enabled-how-to-enable-word-press-cron,0,6,0,8.166666666666668
https://www.smackcoders.com/es/blog/como-habilitar-y-configurar-wp-cron.html#mac-linux,0,10,0,7.7
https://www.smackcoders.com/es/blog/como-habilitar-y-configurar-wp-cron.html#word-press-cron-job-or-wp-cron-not-working,0,10,0,7.7
https://www.smackcoders.com/es/blog/como-importar-archivos-csv-a-wordpress-de-manera-eficiente.html#enhancing-csv-file-imports,0,3,0,2.666666666666667
https://www.smackcoders.com/es/blog/como-importar-archivos-csv-a-wordpress-de-manera-eficiente.html#introduction-to-csv-files-and-word-press,0,5,0,2.4
https://www.smackcoders.com/es/blog/como-importar-archivos-csv-a-wordpress-de-manera-eficiente.html#methods-for-importing-csv-files,0,5,0,2.4
https://www.smackcoders.com/es/blog/como-importar-archivos-csv-a-wordpress-de-manera-eficiente.html#troubleshooting-and-common-issues,0,5,0,2.4
https://www.smackcoders.com/es/blog/como-importar-archivos-csv-a-wordpress-de-manera-eficiente.html#understanding-the-basics,0,3,0,2.666666666666667
https://www.smackcoders.com/es/blog/como-instalar-wamp-y-xampp.html#pasos-para-importar-un-importador-de-csv,0,4,0,3.75
https://www.smackcoders.com/es/blog/como-instalar-wamp-y-xampp.html#por-que-xampp-y-wamp-son-esenciales-para-los-usuarios-importadores-de-csv,0,12,0,7.166666666666667
https://www.smackcoders.com/es/blog/como-instalar-wamp-y-xampp.html#procedimiento-de-instalacion,0,9,0,8.777777777777779
https://www.smackcoders.com/es/blog/como-instalar-wamp-y-xampp.html#servidor-xampp,0,12,0,7.166666666666667
https://www.smackcoders.com/es/blog/ejemplos-de-archivos-csv-y-xml-para-la-importacion-de-prueba-wp-ultimate-csv-xml-importer.html,0,178,0,9.252808988764045
https://www.smackcoders.com/es/blog/exportar-importar-una-sola-publicacion.html,0,25,0,18.88
https://www.smackcoders.com/es/blog/exportar-importar-una-sola-publicacion.html#key-benefits-of-this-feature,0,2,0,9.5
https://www.smackcoders.com/es/blog/exportar-importar-una-sola-publicacion.html#why-do-you-need-to-export-and-import-single-post-page-custom-post-record,0,2,0,9.5
https://www.smackcoders.com/es/blog/exportar-pedidos-de-woocommerce-a-hojas-de-calculo-de-google.html,0,30,0,38.2
https://www.smackcoders.com/es/blog/funciones-avanzadas-de-polylang-para-sitios-web-multilingues.html,0,49,0,11.040816326530612
https://www.smackcoders.com/es/blog/ia-en-wordpress.html,0,80,0,21.8
https://www.smackcoders.com/es/blog/importar-exportar-resenas-productos-woocommerce.html,0,64,0,30.390625
https://www.smackcoders.com/es/blog/importar-paginas-a-wordpress-una-guia-util.html#common-scenarios-and-methods-to-import-pages-into-word-press,0,1,0,5
https://www.smackcoders.com/es/blog/importar-paginas-a-wordpress-una-guia-util.html#how-to-import-a-page-from-another-website-in-word-press,0,1,0,5
https://www.smackcoders.com/es/blog/importar-paginas-a-wordpress-una-guia-util.html#types-of-pages-you-can-import,0,1,0,5
https://www.smackcoders.com/es/blog/importar-paginas-a-wordpress-una-guia-util.html#why-import-pages-into-word-press,0,1,0,5
https://www.smackcoders.com/es/blog/importar-productos-variables-a-woocommerce-usando-ultimate-csv-importer.html,0,52,0,8.423076923076923
https://www.smackcoders.com/es/blog/migrar-shopify-a-woocommerce.html,0,60,0,43.8
https://www.smackcoders.com/es/blog/plugins-de-afiliados-de-woocommerce.html,0,10,0,9.4
https://www.smackcoders.com/es/blog/plugins-de-afiliados-de-woocommerce.html#10-best-woo-commerce-affiliate-plugins-2025,0,1,0,7
https://www.smackcoders.com/es/blog/plugins-de-afiliados-de-woocommerce.html#benefits-of-running-an-affiliate-program-for-woo-commerce-stores,0,1,0,7
https://www.smackcoders.com/es/blog/plugins-de-afiliados-de-woocommerce.html#maximize-your-woo-commerce-affiliate-programs-success,0,1,0,7
https://www.smackcoders.com/es/blog/plugins-seo-de-wordpress.html,0,1,0,8
https://www.smackcoders.com/es/blog/tecnicas-avanzadas-para-importar-y-exportar-wordpress.html#exportacion-de-contenido-de-tu-sitio-de-word-press-autohospedado,0,6,0,7.333333333333333
https://www.smackcoders.com/es/blog/tecnicas-avanzadas-para-importar-y-exportar-wordpress.html#importacion-de-datos-de-word-press-a-un-nuevo-servidor,0,1,0,8
https://www.smackcoders.com/es/blog/tecnicas-avanzadas-para-importar-y-exportar-wordpress.html#plugins-de-importacion-exportacion-en-word-press,0,6,0,7.333333333333333
https://www.smackcoders.com/es/blog/tecnicas-avanzadas-para-importar-y-exportar-wordpress.html#tecnicas-avanzadas-y-mejores-practicas,0,1,0,8
https://www.smackcoders.com/es/blog/tienda-woocommerce-para-usuarios-moviles.html,0,1,0,10
https://www.smackcoders.com/es/blog/video-marketing-de-comercio-electronico.html,0,34,0,28.705882352941178
https://www.smackcoders.com/es/contactenos.html,0,1,0,1
https://www.smackcoders.com/es/creador-de-leads-de-wordpress-para-cualquier-crm.html,0,5,0,86
https://www.smackcoders.com/es/documentation/creador-de-prospectos-de-wordpress-para-cualquier-profesional-de-crm/preguntas-frecuentes-sobre-el-lead-builder-y-videos,0,2,0,30
https://www.smackcoders.com/es/documentation/creador-de-prospectos-de-wordpress-para-cualquier-profesional-de-crm/wp-lead-builder-para-cualquier-crm,0,8,0,31.25
https://www.smackcoders.com/es/documentation/wp-exportador-definitivo/introduccion-exportador-definitivo,0,42,0,11.761904761904763
https://www.smackcoders.com/es/documentation/wp-ultimate-csv-importer-pro/campo-personalizado-de-meta-box-clonable,0,1,0,61
https://www.smackcoders.com/es/documentation/wp-ultimate-csv-importer-pro/como-importar-productos-variables-en-woocommerce,0,61,0,10.672131147540984
https://www.smackcoders.com/es/documentation/wp-ultimate-csv-importer-pro/como-importar-productos-variables-en-woocommerce#0-toc-title,0,1,0,6
https://www.smackcoders.com/es/documentation/wp-ultimate-csv-importer-pro/como-importar-productos-variables-en-woocommerce#1-toc-title,0,1,0,6
https://www.smackcoders.com/es/documentation/wp-ultimate-csv-importer-pro/exportacion-de-wordpress-importar-una-sola-pagina,0,29,0,71.96551724137932
https://www.smackcoders.com/es/documentation/wp-ultimate-csv-importer-pro/exportar-datos-de-wordpress-mediante-wp-query,0,4,0,10.5
https://www.smackcoders.com/es/documentation/wp-ultimate-csv-importer-pro/filtros-de-importacion,0,1,0,12
https://www.smackcoders.com/es/documentation/wp-ultimate-csv-importer-pro/guia-de-solucion-de-problemas,0,10,0,6.1
https://www.smackcoders.com/es/documentation/wp-ultimate-csv-importer-pro/importacion-de-csv-de-woocommerce,0,41,0,10.146341463414634
https://www.smackcoders.com/es/documentation/wp-ultimate-csv-importer-pro/importacion-de-datos-de-learnpress,0,5,0,5.6
https://www.smackcoders.com/es/documentation/wp-ultimate-csv-importer-pro/importacion-de-datos-de-motores-a-reaccion,0,9,0,8.444444444444445
https://www.smackcoders.com/es/documentation/wp-ultimate-csv-importer-pro/importacion-de-tipos-de-conjuntos-de-herramientas,0,1,0,6
https://www.smackcoders.com/es/documentation/wp-ultimate-csv-importer-pro/importacion-multilingue-de-wp,0,2,0,10
https://www.smackcoders.com/es/documentation/wp-ultimate-csv-importer-pro/importacion-seo-por-wp-ultimate-csv-importer,0,2,0,9.5
https://www.smackcoders.com/es/documentation/wp-ultimate-csv-importer-pro/importacion-y-actualizacion-avanzada-de-campos-personalizados,0,9,0,17.88888888888889
https://www.smackcoders.com/es/documentation/wp-ultimate-csv-importer-pro/importacion-y-exportacion-de-datos-de-rankmath,0,10,0,13.9
https://www.smackcoders.com/es/documentation/wp-ultimate-csv-importer-pro/importar-categorias-y-etiquetas-de-wordpress,0,28,0,4.5
https://www.smackcoders.com/es/documentation/wp-ultimate-csv-importer-pro/importar-clientes-de-woocommerce,0,52,0,42.61538461538461
https://www.smackcoders.com/es/documentation/wp-ultimate-csv-importer-pro/importar-datos-de-campos-serializados,0,1,0,1
https://www.smackcoders.com/es/documentation/wp-ultimate-csv-importer-pro/importar-datos-de-excel-a-wordpress,0,29,0,10
https://www.smackcoders.com/es/documentation/wp-ultimate-csv-importer-pro/importar-eventos-a-wordpress,0,1,0,3
https://www.smackcoders.com/es/documentation/wp-ultimate-csv-importer-pro/importar-exportar-datos-de-jetbookings,0,1,0,38
https://www.smackcoders.com/es/documentation/wp-ultimate-csv-importer-pro/importar-exportar-miembros-de-usuario,0,20,0,8
https://www.smackcoders.com/es/documentation/wp-ultimate-csv-importer-pro/importar-listados-de-directorios-comerciales-en-wordpress,0,1,0,10
https://www.smackcoders.com/es/documentation/wp-ultimate-csv-importer-pro/importar-pedidos-de-woocommerce,0,11,0,5.545454545454546
https://www.smackcoders.com/es/documentation/wp-ultimate-csv-importer-pro/importar-usuarios-de-exportacion-con-varios-roles-de-usuario,0,2,0,5.5
https://www.smackcoders.com/es/documentation/wp-ultimate-csv-importer-pro/importar-y-exportar-campos-acpt-en-wordpress,0,2,0,6
https://www.smackcoders.com/es/documentation/wp-ultimate-csv-importer-pro/importar-y-exportar-imagenes-de-la-galeria-nextgen,0,3,0,7
https://www.smackcoders.com/es/documentation/wp-ultimate-csv-importer-pro/importar-y-exportar-listados-y-propietarios-en-wp-rentals,0,2,0,11
https://www.smackcoders.com/es/documentation/wp-ultimate-csv-importer-pro/importar-y-exportar-resenas-de-woocommerce,0,30,0,57.56666666666667
https://www.smackcoders.com/es/documentation/wp-ultimate-csv-importer-pro/importar-y-exportar-usuarios-de-wordpress,0,16,0,9.6875
https://www.smackcoders.com/es/documentation/wp-ultimate-csv-importer-pro/integracion-de-ia,0,1,0,18
https://www.smackcoders.com/es/documentation/wp-ultimate-csv-importer-pro/introduccion-al-plugin-de-wordpress-ultimate-csv-xml-importer,0,30,0,5.766666666666667
https://www.smackcoders.com/es/documentation/wp-ultimate-csv-importer-pro/meta-box-campos-personalizados-importacion-de-datos-exportacion,0,2,0,4
https://www.smackcoders.com/es/documentation/wp-ultimate-csv-importer-pro/migrar-datos-de-wordpress-y-woocommerce,0,2,0,3
https://www.smackcoders.com/es/documentation/wp-ultimate-csv-importer-pro/modulos-de-importacion-csv-definitivos-de-wordpress,0,4,0,13.5
https://www.smackcoders.com/es/documentation/wp-ultimate-csv-importer-pro/preguntas-frecuentes-relacionadas-con-wp-ultimate-csv-importer,0,6,0,4.166666666666666
https://www.smackcoders.com/es/documentation/wp-ultimate-csv-importer-pro/que-es-elementor-import-export,0,16,0,11.8125
https://www.smackcoders.com/es/plugins-inteligentes-para-wordpress.html,0,6,0,17
https://www.smackcoders.com/es/sobre-nosotros.html,0,5,0,86.4
https://www.smackcoders.com/es/wp-ultimate-csv-importer-pro.html,0,21,0,11.428571428571429
https://www.smackcoders.com/es/wp-ultimate-csv-importer-pro/importacion-de-metadatos-seo.html,0,2,0,22.5
https://www.smackcoders.com/es/wp-ultimate-csv-importer-pro/importacion-exportacion-jetengine-con-ultimate-csv-importer.html,0,1,0,8
https://www.smackcoders.com/es/wp-ultimate-csv-importer-pro/importar-campos-personalizados-acf-desde-csv.html,0,11,0,15
https://www.smackcoders.com/es/wp-ultimate-csv-importer-pro/importar-productos-de-woocommerce.html,0,12,0,45.833333333333336
https://www.smackcoders.com/ja/about-us.html,0,1,0,39
https://www.smackcoders.com/ja/aio-wp-media-library-manager.html,0,1,0,4
https://www.smackcoders.com/ja/blog/add-external-urls-to-featured-images-wordpress.html#how-to-add-external-url-links-to-word-press-posts-pages,0,62,0,5.225806451612903
https://www.smackcoders.com/ja/blog/add-external-urls-to-featured-images-wordpress.html#how-to-extract-fifu-featured-images-and-alt-text-data-from-word-press,0,20,0,6.1
https://www.smackcoders.com/ja/blog/add-external-urls-to-featured-images-wordpress.html#how-to-get-featured-image-ur-ls-in-word-press-posts-pages,0,52,0,5.865384615384615
https://www.smackcoders.com/ja/blog/add-external-urls-to-featured-images-wordpress.html#how-to-hide-featured-images-in-word-press-posts-and-pages,0,20,0,6.1
https://www.smackcoders.com/ja/blog/add-external-urls-to-featured-images-wordpress.html#importing-bulk-external-ur-ls-to-featured-images-in-word-press-posts-pages-and-custom-posts,0,83,0,5.265060240963855
https://www.smackcoders.com/ja/blog/add-external-urls-to-featured-images-wordpress.html#install-word-press-featured-image-from-url-fifu-plugin,0,23,0,5.913043478260869
https://www.smackcoders.com/ja/blog/advanced-techniques-for-wordpress-import-and-export.html#%E3%82%BB%E3%83%AB%E3%83%95%E3%83%9B%E3%82%B9%E3%83%86%E3%82%A3%E3%83%B3%E3%82%B0%E3%81%AE-word-press-%E3%82%B5%E3%82%A4%E3%83%88-%E3%82%B3%E3%83%B3%E3%83%86%E3%83%B3%E3%83%84%E3%81%AE%E3%82%A8%E3%82%AF%E3%82%B9%E3%83%9D%E3%83%BC%E3%83%88,0,1,0,10
https://www.smackcoders.com/ja/blog/advanced-techniques-for-wordpress-import-and-export.html#%E4%BA%BA%E6%B0%97%E3%81%AE%E3%83%97%E3%83%A9%E3%82%B0%E3%82%A4%E3%83%B3%E3%81%AE%E6%A6%82%E8%A6%81,0,1,0,10
https://www.smackcoders.com/ja/blog/advanced-techniques-for-wordpress-import-and-export.html#word-press%E3%82%A4%E3%83%B3%E3%83%9D%E3%83%BC%E3%83%88-%E3%82%A8%E3%82%AF%E3%82%B9%E3%83%9D%E3%83%BC%E3%83%88-%E3%83%97%E3%83%A9%E3%82%B0%E3%82%A4%E3%83%B3,0,1,0,10
https://www.smackcoders.com/ja/blog/ai-in-wordpress.html#%E7%94%BB%E5%83%8F%E7%94%9F%E6%88%90,0,4,0,8.5
https://www.smackcoders.com/ja/blog/ai-in-wordpress.html#ai%E3%81%AF-word-press%E3%83%A6%E3%83%BC%E3%82%B6%E3%83%BC%E3%81%AB%E3%81%A9%E3%81%AE%E3%82%88%E3%81%86%E3%81%AB%E5%BD%B9%E7%AB%8B%E3%81%A1%E3%81%BE%E3%81%99%E3%81%8B,0,4,0,8.5
https://www.smackcoders.com/ja/blog/ai-in-wordpress.html#word-press%E3%81%A7-a-i%E3%82%92%E4%BD%BF%E7%94%A8%E3%81%99%E3%82%8B%E3%81%9F%E3%82%81%E3%81%AE-11-%E3%81%AE%E6%9C%80%E8%89%AF%E3%81%AE%E6%96%B9%E6%B3%95,0,4,0,8.5
https://www.smackcoders.com/ja/blog/ai-powered-personalization-for-ecommerce.html,0,30,0,55.63333333333333
https://www.smackcoders.com/ja/blog/create-a-multilingual-website-with-wpml.html#installing-wpml,0,8,0,7.5
https://www.smackcoders.com/ja/blog/create-a-multilingual-website-with-wpml.html#requirements-of-wpml-plugin,0,1,0,9
https://www.smackcoders.com/ja/blog/create-a-multilingual-website-with-wpml.html#steps-to-register-with-site-key-in-wpml,0,8,0,7.5
https://www.smackcoders.com/ja/blog/create-a-multilingual-website-with-wpml.html#why-use-wpml-to-create-a-multilingual-website-in-word-press,0,8,0,7.5
https://www.smackcoders.com/ja/blog/enable-configure-wp-cron.html#hooking-wp-cron-in-the-task-scheduler,0,21,0,5.809523809523809
https://www.smackcoders.com/ja/blog/enable-configure-wp-cron.html#is-word-press-cron-enabled-how-to-enable-word-press-cron,0,14,0,5.142857142857143
https://www.smackcoders.com/ja/blog/enable-configure-wp-cron.html#mac-linux,0,30,0,5.5
https://www.smackcoders.com/ja/blog/enable-configure-wp-cron.html#word-press-cron-job-or-wp-cron-not-working,0,29,0,5.620689655172414
https://www.smackcoders.com/ja/blog/export-import-advanced-custom-fields-csv-wordpress.html#acf-field-types-explained,0,25,0,4.279999999999999
https://www.smackcoders.com/ja/blog/export-import-advanced-custom-fields-csv-wordpress.html#export-import-of-advanced-custom-fields-data-from-csv,0,29,0,4.344827586206897
https://www.smackcoders.com/ja/blog/export-import-advanced-custom-fields-csv-wordpress.html#wp-ultimate-csv-importer-pro,0,6,0,4.666666666666666
https://www.smackcoders.com/ja/blog/export-import-single-wordpress-post-page-product.html,0,25,0,17.4
https://www.smackcoders.com/ja/blog/how-to-export-wordpress-users.html,0,33,0,7.696969696969697
https://www.smackcoders.com/ja/blog/how-to-export-wordpress-users.html#4-%E7%AC%AC%E4%B8%89%E8%80%85%E3%82%B5%E3%83%BC%E3%83%93%E3%82%B9,0,6,0,5.166666666666667
https://www.smackcoders.com/ja/blog/how-to-export-wordpress-users.html#word-press%E3%83%A6%E3%83%BC%E3%82%B6%E3%83%BC%E3%82%92%E3%82%A8%E3%82%AF%E3%82%B9%E3%83%9D%E3%83%BC%E3%83%88%E3%81%99%E3%82%8B%E6%96%B9%E6%B3%95,0,6,0,5.166666666666667
https://www.smackcoders.com/ja/blog/how-to-export-wordpress-users.html#wp-ultimate-csv-importer%E3%83%97%E3%83%A9%E3%82%B0%E3%82%A4%E3%83%B3%E3%82%92%E4%BD%BF%E7%94%A8%E3%81%97%E3%81%A6-word-press%E3%83%A6%E3%83%BC%E3%82%B6%E3%83%BC%E3%82%92%E3%82%A8%E3%82%AF%E3%82%B9%E3%83%9D%E3%83%BC%E3%83%88%E3%81%99%E3%82%8B%E6%96%B9%E6%B3%95,0,6,0,5.166666666666667
https://www.smackcoders.com/ja/blog/how-to-import-csv-file-in-wordpress-without-plugin.html,0,17,0,7.352941176470588
https://www.smackcoders.com/ja/blog/how-to-import-csv-file-in-wordpress-without-plugin.html#steps-for-importing-csv-to-word-press-without-a-plugin,0,1,0,5
https://www.smackcoders.com/ja/blog/how-to-import-csv-file-in-wordpress-without-plugin.html#when-and-why-to-import-cs-vs-without-plugins,0,1,0,5
https://www.smackcoders.com/ja/blog/how-to-import-csv-file-in-wordpress.html#%E3%83%88%E3%83%A9%E3%83%96%E3%83%AB%E3%82%B7%E3%83%A5%E3%83%BC%E3%83%86%E3%82%A3%E3%83%B3%E3%82%B0%E3%81%A8%E4%B8%80%E8%88%AC%E7%9A%84%E3%81%AA%E5%95%8F%E9%A1%8C,0,14,0,3
https://www.smackcoders.com/ja/blog/how-to-import-csv-file-in-wordpress.html#%E5%9F%BA%E6%9C%AC%E3%81%AE%E7%90%86%E8%A7%A3,0,77,0,4.870129870129871
https://www.smackcoders.com/ja/blog/how-to-import-csv-file-in-wordpress.html#csv%E3%83%95%E3%82%A1%E3%82%A4%E3%83%AB%E3%81%A8-word-press%E3%81%AE%E7%B4%B9%E4%BB%8B,0,41,0,4.439024390243903
https://www.smackcoders.com/ja/blog/how-to-import-csv-file-in-wordpress.html#csv-%E3%83%95%E3%82%A1%E3%82%A4%E3%83%AB%E3%81%AE%E3%82%A4%E3%83%B3%E3%83%9D%E3%83%BC%E3%83%88%E3%81%AE%E5%BC%B7%E5%8C%96,0,77,0,4.870129870129871
https://www.smackcoders.com/ja/blog/how-to-import-csv-file-in-wordpress.html#csv-%E3%83%95%E3%82%A1%E3%82%A4%E3%83%AB%E3%81%AE%E3%82%A4%E3%83%B3%E3%83%9D%E3%83%BC%E3%83%88%E6%96%B9%E6%B3%95,0,50,0,4.7
https://www.smackcoders.com/ja/blog/how-to-import-page-to-wordpress.html#common-scenarios-and-methods-to-import-pages-into-word-press,0,8,0,6.875
https://www.smackcoders.com/ja/blog/how-to-import-page-to-wordpress.html#how-to-import-a-page-from-another-website-in-word-press,0,8,0,6.875
https://www.smackcoders.com/ja/blog/how-to-import-page-to-wordpress.html#types-of-pages-you-can-import,0,8,0,6.875
https://www.smackcoders.com/ja/blog/how-to-import-page-to-wordpress.html#why-import-pages-into-word-press,0,8,0,6.875
https://www.smackcoders.com/ja/blog/import-and-export-woocommerce-customers.html,0,33,0,8.030303030303031
https://www.smackcoders.com/ja/blog/import-export-custom-post-types-plugin-data.html#about-the-custom-post-types-plugin,0,16,0,3.8125
https://www.smackcoders.com/ja/blog/import-export-custom-post-types-plugin-data.html#importing-custom-post-type-data,0,19,0,3.9473684210526314
https://www.smackcoders.com/ja/blog/import-export-custom-post-types-plugin-data.html#step-by-step-guide-to-importing,0,3,0,4.666666666666666
https://www.smackcoders.com/ja/blog/import-woocommerce-products-with-custom-fields.html,0,16,0,6.1875
https://www.smackcoders.com/ja/blog/import-woocommerce-products-with-custom-fields.html#common-import-challenges,0,1,0,4
https://www.smackcoders.com/ja/blog/import-woocommerce-products-with-custom-fields.html#real-example-importing-u-s-handmade-goods,0,1,0,4
https://www.smackcoders.com/ja/blog/import-woocommerce-products-with-custom-fields.html#section-1-understanding-advanced-custom-fields-in-woo-commerce,0,8,0,3.75
https://www.smackcoders.com/ja/blog/import-woocommerce-products-with-custom-fields.html#section-2-step-by-step-import-process,0,1,0,4
https://www.smackcoders.com/ja/blog/import-woocommerce-products-with-custom-fields.html#step-1-preparing-your-csv-for-advanced-custom-fields,0,1,0,4
https://www.smackcoders.com/ja/blog/import-woocommerce-products-with-custom-fields.html#step-2-import-your-woo-commerce-data-with-advanced-custom-fields,0,8,0,3.75
https://www.smackcoders.com/ja/blog/import-woocommerce-products-with-custom-fields.html#what-acf-does,0,8,0,3.75
https://www.smackcoders.com/ja/blog/social-media-marketing-for-small-businesses.html,0,28,0,7.142857142857143
https://www.smackcoders.com/ja/blog/wordpress-seo-guide.html,0,152,0,52.46052631578947
https://www.smackcoders.com/ja/documentation/wordpress-leads-builder-for-any-crm-pro/e-commerce-integration,0,1,0,66
https://www.smackcoders.com/ja/documentation/wordpress-leads-builder-for-any-crm-pro/faq-leads-builder,0,1,0,8
https://www.smackcoders.com/ja/documentation/wordpress-leads-builder-for-any-crm-pro/lead-builder-for-any-crm,0,2,0,13
https://www.smackcoders.com/ja/documentation/wp-ultimate-csv-importer/acf-import#0-toc-title,0,10,0,3.7
https://www.smackcoders.com/ja/documentation/wp-ultimate-csv-importer/acf-import#1-toc-title,0,1,0,3
https://www.smackcoders.com/ja/documentation/wp-ultimate-csv-importer/acf-import#2-toc-title,0,1,0,11
https://www.smackcoders.com/ja/documentation/wp-ultimate-csv-importer/acf-import#3-toc-title,0,10,0,4.5
https://www.smackcoders.com/ja/documentation/wp-ultimate-csv-importer/acf-import#5-toc-title,0,1,0,3
https://www.smackcoders.com/ja/documentation/wp-ultimate-csv-importer/ai-integration,0,8,0,13.25
https://www.smackcoders.com/ja/documentation/wp-ultimate-csv-importer/custom-field-suite-import,0,13,0,7.3076923076923075
https://www.smackcoders.com/ja/documentation/wp-ultimate-csv-importer/how-to-import-csv#0-toc-title,0,24,0,3.7916666666666665
https://www.smackcoders.com/ja/documentation/wp-ultimate-csv-importer/how-to-import-csv#1-toc-title,0,2,0,3
https://www.smackcoders.com/ja/documentation/wp-ultimate-csv-importer/how-to-import-csv#2-toc-title,0,23,0,3.9130434782608696
https://www.smackcoders.com/ja/documentation/wp-ultimate-csv-importer/how-to-import-csv#3-toc-title,0,1,0,5
https://www.smackcoders.com/ja/documentation/wp-ultimate-csv-importer/how-to-import-schedule-or-update,0,13,0,9.846153846153847
https://www.smackcoders.com/ja/documentation/wp-ultimate-csv-importer/how-to-import-schedule-or-update#0-toc-title,0,3,0,6.666666666666667
https://www.smackcoders.com/ja/documentation/wp-ultimate-csv-importer/how-to-import-schedule-or-update#1-toc-title,0,3,0,6.666666666666667
https://www.smackcoders.com/ja/documentation/wp-ultimate-csv-importer/how-to-import-woocommerce-orders,0,13,0,18.153846153846153
https://www.smackcoders.com/ja/documentation/wp-ultimate-csv-importer/import-and-export-lms-data,0,1,0,1
https://www.smackcoders.com/ja/documentation/wp-ultimate-csv-importer/import-and-export-nextgen-gallery-images,0,39,0,9.35897435897436
https://www.smackcoders.com/ja/documentation/wp-ultimate-csv-importer/import-and-export-woocommerce-reviews,0,9,0,13.11111111111111
https://www.smackcoders.com/ja/documentation/wp-ultimate-csv-importer/import-business-directory-listings-in-wordpress,0,6,0,22.666666666666668
https://www.smackcoders.com/ja/documentation/wp-ultimate-csv-importer/import-export-users-with-multiple-user-roles,0,3,0,6.666666666666667
https://www.smackcoders.com/ja/documentation/wp-ultimate-csv-importer/import-images-into-wordpress#0-toc-title,0,18,0,5.111111111111111
https://www.smackcoders.com/ja/documentation/wp-ultimate-csv-importer/import-images-into-wordpress#1-toc-title,0,18,0,5.111111111111111
https://www.smackcoders.com/ja/documentation/wp-ultimate-csv-importer/import-images-into-wordpress#2-toc-title,0,4,0,4
https://www.smackcoders.com/ja/documentation/wp-ultimate-csv-importer/import-serialized-fields-data,0,8,0,16.625
https://www.smackcoders.com/ja/documentation/wp-ultimate-csv-importer/import-woocommerce-customers,0,5,0,16.8
https://www.smackcoders.com/ja/documentation/wp-ultimate-csv-importer/import-wordpress-categories-and-tags#0-toc-title,0,10,0,6.2
https://www.smackcoders.com/ja/documentation/wp-ultimate-csv-importer/import-wordpress-categories-and-tags#1-toc-title,0,7,0,5.571428571428571
https://www.smackcoders.com/ja/documentation/wp-ultimate-csv-importer/import-wordpress-categories-and-tags#2-toc-title,0,1,0,1
https://www.smackcoders.com/ja/documentation/wp-ultimate-csv-importer/import-wordpress-categories-and-tags#4-toc-title,0,4,0,5.75
https://www.smackcoders.com/ja/documentation/wp-ultimate-csv-importer/import-wordpress-categories-and-tags#5-toc-title,0,3,0,4.666666666666666
https://www.smackcoders.com/ja/documentation/wp-ultimate-csv-importer/import-wordpress-categories-and-tags#6-toc-title,0,3,0,5
https://www.smackcoders.com/ja/documentation/wp-ultimate-csv-importer/importer-faq,0,1,0,31
https://www.smackcoders.com/ja/documentation/wp-ultimate-csv-importer/jet-engine-data-import,0,8,0,8.75
https://www.smackcoders.com/ja/documentation/wp-ultimate-csv-importer/let-clients-export-wordpress-data,0,1,0,19
https://www.smackcoders.com/ja/documentation/wp-ultimate-csv-importer/meta-box-custom-field-cloneable,0,22,0,9.5
https://www.smackcoders.com/ja/documentation/wp-ultimate-csv-importer/metabox-import-export,0,19,0,10.210526315789474
https://www.smackcoders.com/ja/documentation/wp-ultimate-csv-importer/migrate-wordpress-and-woocommerce-data,0,6,0,35
https://www.smackcoders.com/ja/documentation/wp-ultimate-csv-importer/polylang-multilingual-content-import-export,0,53,0,12.528301886792454
https://www.smackcoders.com/ja/documentation/wp-ultimate-csv-importer/rankmath-data-import-and-export,0,22,0,11
https://www.smackcoders.com/ja/documentation/wp-ultimate-csv-importer/seo-import,0,6,0,28.5
https://www.smackcoders.com/ja/documentation/wp-ultimate-csv-importer/seopress-import-export,0,2,0,24.5
https://www.smackcoders.com/ja/documentation/wp-ultimate-csv-importer/toolset-types-import,0,1,0,94
https://www.smackcoders.com/ja/documentation/wp-ultimate-csv-importer/what-is-elementor-import-export,0,17,0,13.058823529411764
https://www.smackcoders.com/ja/documentation/wp-ultimate-csv-importer/woocommerces,0,10,0,12.3
https://www.smackcoders.com/ja/documentation/wp-ultimate-csv-importer/wpml-multilingual-import,0,2,0,2.5
https://www.smackcoders.com/ja/documentation/wp-ultimate-exporter/wordpress-exporter-guide#0-toc-title,0,12,0,8.833333333333332
https://www.smackcoders.com/ja/documentation/wp-ultimate-exporter/wordpress-exporter-guide#1-toc-title,0,5,0,9.2
https://www.smackcoders.com/ja/documentation/wp-ultimate-exporter/wordpress-exporter-guide#2-toc-title,0,2,0,6
https://www.smackcoders.com/ja/documentation/wp-ultimate-exporter/wordpress-exporter-guide#3-toc-title,0,5,0,9.6
https://www.smackcoders.com/ja/easy-inventory-and-stock-manager-for-woocommerce.html,0,35,0,16.82857142857143
https://www.smackcoders.com/ja/wordpress.html,0,1,0,7
https://www.smackcoders.com/ja/wp-follow-up-emails.html,0,2,0,5
https://www.smackcoders.com/ja/wp-leads-builder-any-crm-pro.html,0,1,0,18
https://www.smackcoders.com/ja/wp-ultimate-csv-importer-pro/import-wpml-multilingual-content.html,0,4,0,22
https://www.smackcoders.com/ja/wp-ultimate-csv-importer-pro/jetengine-cct-import.html,0,3,0,13.333333333333334
https://www.smackcoders.com/ja/wp-ultimate-csv-importer-pro/toolset-types-import.html,0,2,0,9.5
https://www.smackcoders.com/ja/wp-ultimate-exporter.html,0,3,0,2.666666666666667
https://www.smackcoders.com/manage-large-wordpress-sites-without-slowing-down.html,0,185,0,12.524324324324324
https://www.smackcoders.com/partnership.html,0,99,0,3.717171717171717
https://www.smackcoders.com/privacy-policy.html,0,14,0,5.714285714285714
https://www.smackcoders.com/support.html,0,170,0,3.1882352941176473
https://www.smackcoders.com/terms-and-conditions.html,0,15,0,6
https://www.smackcoders.com/wp-content/uploads/2024/06/advanced-polylang-features-for-multilingual-websites-scaled.webp,0,1,0,7
https://www.smackcoders.com/wp-leads-builder-any-crm-pro.html,0,72,0,31.444444444444443
https://www.smackcoders.com/wp-ultimate-csv-importer-pro/changelog.html,0,82,0,8.75609756097561
https://www.smackcoders.com/wp-ultimate-csv-importer-pro/import-acf-custom-fields-from-csv.html,0,111,0,24.864864864864863
https://www.smackcoders.com/wp-ultimate-csv-importer-pro/import-meta-box-fields.html,0,29,0,12.586206896551724
https://www.smackcoders.com/wp-ultimate-csv-importer-pro/import-wpml-multilingual-content.html,0,109,0,26.24770642201835
https://www.smackcoders.com/wp-ultimate-csv-importer-pro/jetengine-cct-import.html,0,252,0,6.182539682539683
https://www.smackcoders.com/wp-ultimate-csv-importer-pro/toolset-types-import.html,0,20,0,12.05
https://www.smackcoders.com/wp-ultimate-exporter.html,0,155,0,10.04516129032258
