Top queries,Clicks,Impressions,CTR,Position
smackcoders,64,157,0.40764331210191085,1.0063694267515924
wp ultimate csv importer,16,116,0.13793103448275862,2.2758620689655173
wp ultimate csv importer pro,8,27,0.2962962962962963,1.3333333333333333
ultimate csv importer,5,25,0.2,2.12
smackcoders tirunelveli,4,9,0.4444444444444444,1
wordpress csv インポート プラグイン,3,5,0.6,1
ultimate csv importer pro,2,6,0.3333333333333333,1
wamp,2,222,0.009009009009009009,9.207207207207206
wpresidence-core/samples/import-locations-sample.csv,2,8,0.25,4
best affiliate plugins for woocommerce,1,13,0.07692307692307693,28
best woocommerce affiliate plugin,1,14,0.07142857142857142,7.571428571428571
import pages wordpress,1,12,0.08333333333333333,3.75
import wordpress,1,1,1,1
mamp xampp 違い,1,1,1,6
smackcoders inc,1,8,0.125,1
smackcoders reviews,1,11,0.09090909090909091,7.363636363636363
software company in tirunelveli,1,3,0.3333333333333333,12.333333333333334
software company tirunelveli,1,3,0.3333333333333333,21
the wordpress rest api must be enabled for wpml to work correctly.,1,8,0.125,6
tirunelveli it company,1,8,0.125,26.5
tirunelveli startup it company,1,5,0.2,5.4
ultimate csv importer pro free download,1,5,0.2,2
ultimate csv importer pro nulled,1,7,0.14285714285714285,1.4285714285714286
wamp para mac,1,3,0.3333333333333333,1
wampserver linux,1,9,0.1111111111111111,4.111111111111111
woocommerce import variations,1,2,0.5,5
wordpress export users to csv without plugin,1,7,0.14285714285714285,5.714285714285714
wordpress import categories from csv,1,6,0.16666666666666666,7
wordpress エクスポート,1,4,0.25,11.5
wordpress エクスポート インポート,1,6,0.16666666666666666,5
wordpress ユーザー エクスポート,1,7,0.14285714285714285,4.142857142857142
wp all import alternative,1,51,0.0196078431372549,6.333333333333333
wp all import serialized,1,19,0.05263157894736842,5.894736842105263
wp inventory manager,1,1,1,6
wp ultimate csv importer plugin,1,4,0.25,2
wp ultimate csv importer pro nulled,1,3,0.3333333333333333,2
wp-cron.php?doing_wp_cron,1,2,0.5,6
xampp para mac,1,8,0.125,7.25
ワードプレス インポート,1,4,0.25,4.25
"""rank_math_focus_keyword"" meta key",0,1,0,10
"""shopify to woocommerce migration service",0,2,0,44.5
"""suitecrm""",0,1,0,19
"""wordfence""",0,5,0,40.2
"""wordpress""",0,2,0,30.5
"""wp rocket""",0,1,0,13
/wp-cron.php,0,1,0,4
/wp-cron.php?doing_wp_cron,0,1,0,5
15 wordpress plugins that will skyrocket your site speed,0,11,0,52.27272727272727
2fa wordpress,0,1,0,6
a href,0,1,0,1
acelerar pagina web,0,6,0,67.83333333333333
acelerar wordpress,0,9,0,80.22222222222223
acelerar wordpress 2018,0,1,0,90
acf blog,0,1,0,14
acf csv import,0,3,0,7
acf export,0,31,0,8.903225806451612
acf export field groups,0,4,0,8.75
acf field not showing on page,0,1,0,2
acf get field from taxonomy,0,8,0,6.25
acf get field taxonomy,0,3,0,6.333333333333333
acf get taxonomy field,0,6,0,6.666666666666667
acf get term field,0,6,0,4.833333333333334
acf import,0,7,0,8
acf import export,0,4,0,7.75
acf taxonomies,0,3,0,5.333333333333333
acf taxonomy,0,34,0,5.323529411764706
acf taxonomy field,0,12,0,8.333333333333332
acf taxonomy get field,0,2,0,9
acf vs acf pro,0,1,0,2
acf エクスポート,0,5,0,2.4
acf カスタム投稿,0,4,0,4.25
acf タクソノミー,0,4,0,7.25
acf タクソノミーフィールド,0,5,0,4.8
acf 投稿タイプ,0,8,0,6.5
acf_get_field,0,1,0,36
acpt plugin,0,1,0,6
acpt plugin wordpress,0,1,0,8
acpt pro,0,1,0,8
acpt wordpress,0,5,0,8.6
activate external crons,0,1,0,26
ad astra flag url,0,1,0,4
add custom field to taxonomy wordpress,0,1,0,11
add hyperlink to jpg,0,1,0,1
add link to image wordpress,0,1,0,8
add nextgen gallery to post,0,9,0,16.88888888888889
add post type,0,5,0,92.2
advanced cron manager,0,1,0,3
advanced csv import,0,3,0,3
advanced custom field wordpress,0,1,0,4
advanced custom fields,0,2,0,31.5
advanced custom fields export import,0,1,0,10
advanced custom fields import csv,0,1,0,11
advanced custom fields plugin wordpress,0,2,0,5
advanced custom fields pricing 2025,0,1,0,11
advanced custom fields pro,0,1,0,15
advanced custom fields wordpress,0,2,0,4
advanced custom fields wordpress plugin acf,0,3,0,6.333333333333333
affiliate for woocommerce plugin,0,18,0,30.27777777777778
affiliate marketing plugin woocommerce,0,26,0,32.730769230769226
affiliate plugin for woocommerce,0,17,0,27.294117647058822
affiliate plugin woocommerce,0,19,0,24.789473684210527
affiliate plugins for woocommerce,0,21,0,19.714285714285715
affiliate program for woocommerce,0,3,0,40.333333333333336
affiliate program plugin,0,1,0,49
affiliate program plugin for woocommerce,0,17,0,30.764705882352942
affiliate software woocommerce,0,1,0,48
affiliate woocommerce,0,1,0,42
affiliate woocommerce plugin,0,10,0,30
affiliates woocommerce,0,1,0,42
ai engine wordpress,0,1,0,56
ai engine wordpress tutorial,0,1,0,8
ai for wordpress,0,10,0,25.1
ai wordpress,0,1,0,35
ai wordpress security,0,2,0,5.5
ai wordpress tools,0,1,0,91
ai パーソナライゼーション ec,0,1,0,45
ai+tool+development+for+wordpress,0,1,0,97
ai活用型wordpressサイトビルダー,0,1,0,35
all import wordpress plugin,0,2,0,21
all import wp,0,2,0,49
all in one seo tutorial,0,1,0,99
apache vs xampp,0,1,0,33
archivo csv ejemplo,0,8,0,4.125
archivo xml wordpress,0,2,0,1
archivos csv,0,2,0,12.5
archivos csv ejemplos,0,2,0,13.5
artificial intelligence wordpress,0,6,0,69
asana csvインポート テンプレート,0,1,0,4
asana import csv,0,1,0,3
automating admin tasks in wordpress,0,4,0,8.75
backing up wordpress website,0,2,0,95.5
backup a wordpress website,0,2,0,63
backup and restore wordpress,0,14,0,2.2857142857142856
backup and restore wordpress site to new server,0,10,0,23.2
backup and restore wordpress website,0,5,0,25.6
backup database wordpress,0,1,0,73
backup en wordpress,0,1,0,66
backup for wordpress site,0,1,0,68
backup my wordpress site,0,2,0,65
backup of wordpress website,0,1,0,65
backup restore wordpress,0,1,0,1
backup site wordpress,0,1,0,45
backup woocommerce products,0,3,0,47.666666666666664
backup wordpress manually,0,17,0,59.411764705882355
backup wordpress site and database,0,6,0,61.833333333333336
backup wordpress site manually,0,2,0,45
backup wordpress site to computer,0,4,0,49.5
backup wp site,0,3,0,67
backups wordpress,0,1,0,99
bbpress,0,1,0,17
benefits of affiliate plugins,0,2,0,11
benutzer in wordpress importieren,0,1,0,66
best affiliate and referral program for woocommerce,0,1,0,1
best affiliate plugin for woocommerce,0,1,0,1
best affiliate software for woocommerce,0,5,0,19
best free wordpress plugin for speed optimization,0,1,0,1
best free wordpress seo plugins,0,1,0,87
best inventory management software for woocommerce,0,1,0,55
best media library manager,0,1,0,24
best multipurpose wordpress theme,0,2,0,31.5
best multipurpose wordpress themes,0,3,0,8.333333333333332
best optimization plugin wordpress,0,4,0,12
best performance plugin wordpress,0,2,0,28.5
best plugin for seo,0,1,0,71
best plugin for seo in wordpress,0,1,0,56
best plugin seo,0,2,0,73.5
best referral plugin for woocommerce,0,1,0,43
best scaling solutions for wordpress,0,1,0,37
best search engine optimization plugin for wordpress,0,1,0,47
best seo for wordpress,0,13,0,59.15384615384615
best seo plugin,0,2,0,58
best seo plugin for wordpress,0,17,0,56.588235294117645
best seo plugin for wordpress free,0,1,0,91
best seo plugin in wordpress,0,1,0,45
best seo plugin wordpress,0,20,0,61
best seo plugin wp,0,1,0,52
best seo plugins 2025,0,4,0,78.75
best seo plugins for wordpress,0,3,0,44
best seo software for wordpress,0,4,0,75
best seo software wordpress,0,5,0,72.8
best seo tool for wordpress,0,39,0,82.97435897435898
best seo tool wordpress,0,13,0,76.84615384615384
best seo tools for wordpress,0,43,0,78.79069767441861
best seo tools wordpress,0,6,0,87.33333333333333
best seo wordpress,0,1,0,98
best seo wordpress plugin,0,6,0,56.833333333333336
best seo wp plugin,0,1,0,63
best speed optimization plugin wordpress,0,4,0,25.5
best speed optimization plugin wordpress download,0,2,0,1
best speed plugin for wordpress,0,1,0,31
best speed plugin wordpress,0,1,0,60
best way to backup wordpress site,0,2,0,53.5
best website optimization plugin for wordpress,0,1,0,12
best website speed optimization services,0,2,0,2
best woocommerce affiliate plugins,0,2,0,16
best wordpress affiliate plugin woocommerce,0,1,0,2
best wordpress cache plugins,0,4,0,66
best wordpress multipurpose themes,0,1,0,30
best wordpress optimization plugin,0,9,0,18.22222222222222
best wordpress optimization plugins,0,7,0,24.857142857142858
best wordpress optimizer plugin,0,1,0,49
best wordpress page speed plugin,0,1,0,20
best wordpress performance plugins,0,1,0,29
best wordpress plugin for seo,0,4,0,60.5
best wordpress plugin for speed optimization,0,1,0,26
best wordpress plugins for seo,0,2,0,79
best wordpress plugins for speed,0,1,0,29
best wordpress plugins seo,0,1,0,69
best wordpress plugins to speed up website,0,3,0,29.333333333333332
best wordpress seo,0,14,0,78.35714285714286
best wordpress seo 2022,0,2,0,45
best wordpress seo plugin,0,10,0,59.5
best wordpress seo plugins,0,43,0,68.46511627906976
best wordpress seo tool,0,18,0,83.22222222222223
best wordpress seo tools,0,16,0,89.125
best wordpress speed optimization plugin,0,11,0,19.818181818181817
best wordpress speed optimization plugin free download,0,1,0,2
best wordpress speed optimization plugins,0,3,0,16.666666666666664
best wordpress speed optimization service,0,9,0,43.22222222222222
best wordpress speed plugin,0,32,0,16.46875
best wordpress xml import,0,9,0,25
beste seo plugins wordpress,0,1,0,40
blog acf,0,10,0,26.3
build your own website,0,1,0,1
building custom online directories and listings sites,0,1,0,3
bulk edit advanced custom fields users,0,9,0,46.77777777777778
bulk edit custom post types pods,0,3,0,12.333333333333334
bulk edit export import wordpress download manager,0,14,0,47.642857142857146
bulk edit learnpress course prices,0,1,0,44
bulk edit ultimate member directories,0,2,0,38.5
bulk import categories wordpress,0,2,0,9
bulk update entries gravity forms,0,4,0,42.25
buscar url por imagen,0,1,0,1
cambiar puerto wampserver,0,3,0,18.333333333333332
can you add a hyperlink to a jpeg,0,1,0,1
cara import artikel wordpress,0,19,0,8.736842105263158
chatgpt plus file upload limit,0,1,0,1
cheap tools for speeding up wordpress,0,1,0,1
coders solutions,0,3,0,72.33333333333333
codewp ai tutorial,0,1,0,6
cognito export users,0,1,0,6
comercio electronico youtube,0,7,0,57
como abrir un archivo csv,0,2,0,1
como configurar o xampp ou mamp para desenvolvimento web local,0,5,0,7.8
como convertir una imagen a url,0,1,0,3
como crear un archivo csv,0,1,0,1
como descargar wampserver,0,1,0,7
como descargar xuper,0,1,0,3
como exportar clientes de woocommerce,0,55,0,17.4
como exportar datos de shopify,0,30,0,69.4
como exportar productos de woocommerce,0,49,0,56.95918367346939
como exportar usuarios de wordpress,0,6,0,8.5
como hacer un archivo csv,0,2,0,1
como importar un archivo csv a python,0,1,0,47
como instalar owasp zap en kali linux,0,1,0,3
como instalar suitecrm,0,1,0,53
como instalar wampserver,0,1,0,8
como instalar whatsapp en mi laptop,0,1,0,3
como leer un archivo xml,0,1,0,1
como pasar de excel a project,0,1,0,1
como subir una pagina de wordpress a internet,0,4,0,67.75
como ver archivo csv,0,1,0,1
como ver el xml de una factura,0,1,0,1
como xam,0,1,0,2
companies in tirunelveli,0,3,0,21
company in tirunelveli,0,2,0,12.5
complementos wordpress,0,1,0,20
con que se abre un archivo csv,0,1,0,1
connect woocommerce to google sheets,0,13,0,85.38461538461539
connect wordpress suitecrm,0,11,0,49.90909090909091
connect wordpress vtiger,0,6,0,49
contact form in wordpress without plugin,0,1,0,53
convert image to link url,0,1,0,4
convert shopify to woocommerce,0,3,0,55
convertir a csv,0,1,0,5
convertir html a wordpress,0,1,0,5
copy pages from one wordpress site to another,0,1,0,1
copy wordpress page to another site,0,1,0,1
core web vitals thresholds lcp 2.5s cls 0.1 inp 200ms official google,0,1,0,12
core web vitals thresholds lcp 2.5s inp 200ms cls 0.1 google guidance,0,2,0,10.5
core web vitals thresholds lcp 2.5s inp 200ms cls 0.1 official docs,0,3,0,6
core web vitals thresholds lcp 2.5s inp 200ms cls 0.1 official google,0,3,0,10
core web vitals wordpress,0,1,0,82
coupon affiliate plugin woocommerce,0,14,0,30.5
crear kmz desde excel,0,1,0,2
crear mcp,0,1,0,3
crear url de imagen,0,1,0,6
create a contact form in wordpress,0,1,0,90
create an image url,0,1,0,6
create custom post type wordpress code,0,7,0,76.28571428571429
create custom post type wordpress tutorial,0,3,0,86
create image with link,0,1,0,4
create link for picture,0,1,0,6
create online shop in wordpress,0,1,0,1
create online shop wordpress,0,2,0,2
create post type wordpress,0,1,0,49
creating a form in wordpress without plugin,0,3,0,17
creating an online store with wordpress,0,1,0,34
crm multilingüe,0,2,0,93.5
crm para woocommerce,0,5,0,76.6
crm wordpress woocommerce,0,1,0,82
cron job wordpress,0,1,0,49
cron jobs wordpress,0,2,0,55
cron php,0,1,0,1
cron wordpress,0,35,0,15.285714285714286
csv,0,1,0,1
csv a excel,0,2,0,3.5
csv a word,0,1,0,5
csv a xml,0,1,0,6
csv data sample,0,1,0,29
csv de prueba,0,2,0,3.5
csv demo file download,0,1,0,11
csv dummy file,0,1,0,9
csv ejemplo,0,1,0,11
csv example file download,0,2,0,16
csv export wordpress,0,1,0,26
csv file example,0,1,0,1
csv file sample,0,9,0,14.555555555555555
csv file sample data,0,1,0,20
csv file sample download,0,7,0,13
csv import,0,21,0,65.76190476190476
csv import for wordpress,0,5,0,11.6
csv import wordpress,0,3,0,12.666666666666666
csv importer,0,43,0,11.744186046511627
csv importer plus for acf,0,9,0,7.666666666666667
csv importer woocommerce,0,1,0,11
csv importer wordpress,0,2,0,5
csv in xml,0,1,0,95
csv photo,0,1,0,1
csv pro,0,20,0,8.7
csv sample,0,2,0,12.5
csv sample file,0,6,0,17
csv sample file download,0,4,0,6.75
csv sample files,0,1,0,17
csv to xml,0,4,0,85.25
csv wordpress,0,2,0,5
csv xml,0,3,0,64.33333333333334
csv インポート,0,12,0,49.583333333333336
csvインポート,0,9,0,37.888888888888886
csvインポートとは,0,1,0,33
custom field suite,0,2,0,13.5
custom fields exporter,0,1,0,13
custom fields importer,0,3,0,21
custom post exporter,0,2,0,10
custom post importer,0,3,0,8.666666666666668
custom post type in wordpress code,0,6,0,54.666666666666664
custom post type maker export import csv,0,5,0,14.8
custom post type maker export import google sheets,0,5,0,13
custom post type wordpress example,0,1,0,40
cyber secure coder,0,1,0,9
código seguro de verificación (csv),0,1,0,1
data import into wordpress,0,4,0,16.5
database backup wordpress,0,1,0,57
dbeaver csv インポート,0,4,0,2
de figma a wordpress,0,2,0,2.5
"define('disable_wp_cron', true);",0,1,0,5
demo csv,0,1,0,12
demo csv file,0,2,0,10.5
desactivar wp-cron wordpress,0,1,0,18
descargar pagina de wordpress,0,6,0,70.5
descargar wamp,0,1,0,14
disable wp cron,0,2,0,72
disable wp cron wordpress,0,1,0,69
disable wp-cron,0,1,0,83
disable_wp_cron,0,3,0,9.333333333333334
display featured image wordpress,0,1,0,85
donde esta importar en wordpress,0,18,0,5.111111111111111
download csv file sample,0,1,0,9
download csv sample file,0,1,0,18
download wamp for mac,0,2,0,9
download wordpress backup,0,3,0,88.66666666666667
download wpml plugin,0,1,0,11
dummy woocommerce products csv,0,4,0,9.25
dynamics 365 import data,0,1,0,2
"easy import products from csv, excel, xml, json, txt files",0,1,0,21
easy online store,0,6,0,71.66666666666667
easy seo for wordpress,0,2,0,95.5
ec パーソナライゼーション トレンド,0,4,0,61.5
ecommerce on wordpress,0,4,0,87
ecommerce video marketing,0,2,0,4
ecommerce with wordpress,0,10,0,86.4
ejemplo csv,0,1,0,4
ejemplo de archivo csv,0,1,0,12
elementor multipurpose wordpress theme,0,1,0,85
elementor to wordpress migration,0,1,0,64
elimina los recursos que bloqueen el renderizado wordpress,0,1,0,31
email automation woocommerce,0,1,0,54
embed link in image whatsapp,0,1,0,1
enable cron,0,1,0,6
enable wp cron,0,2,0,1.5
escanear link de una imagen,0,1,0,1
evaluate the e-commerce platforms company woocommerce on affiliates - be,0,2,0,4.5
evaluate the e-commerce platforms company woocommerce on affiliates - se,0,1,0,1
excel wordpress,0,1,0,5
exemple csv,0,1,0,9
export acf,0,27,0,8.666666666666668
export acf data,0,2,0,7
export acf fields,0,2,0,10
export and import posts wordpress,0,7,0,10.571428571428571
export and import wordpress users,0,2,0,17
export blog posts wordpress,0,2,0,40
export custom post type wordpress,0,2,0,11
export customers from woocommerce,0,13,0,51.07692307692308
export customers woocommerce,0,1,0,31
export data from woocommerce,0,14,0,89.71428571428571
export data from wordpress,0,10,0,38.6
export database from wordpress,0,1,0,20
export database wordpress,0,2,0,50
export elementor page,0,10,0,17.3
export from wordpress,0,2,0,30.5
export gravity form entries,0,8,0,16.375
export gravity forms entries,0,8,0,13.75
export gravity forms files,0,4,0,33
export gravity forms to google sheets,0,4,0,77.5
export import bulk edit forums bbpress,0,3,0,13.666666666666666
export import custom post types,0,10,0,19.5
export import directory listings,0,1,0,1
export import orders woocommerce,0,1,0,42
export import posts wordpress,0,2,0,5.5
export import wordpress site,0,1,0,65
export magento orders to google sheets,0,8,0,44.625
export orders to google sheets,0,1,0,18
export page wordpress,0,1,0,11
export pages wordpress,0,1,0,12
export posts from wordpress,0,1,0,1
export posts specific language,0,1,0,8
export posts to google sheets,0,1,0,15
export shopify products to woocommerce,0,4,0,13.25
export shopify to woocommerce,0,5,0,28.6
export to text,0,1,0,8
export user data,0,1,0,2
export user data from wordpress,0,1,0,8
export user data wordpress plugin,0,1,0,10
export users from wordpress,0,27,0,1.037037037037037
export users to csv wordpress plugin,0,2,0,10
export users wordpress,0,3,0,7.666666666666667
export woocommerce coupons to excel,0,4,0,61.25
export woocommerce customers,0,18,0,40.5
export woocommerce orders by payment method,0,14,0,31.785714285714285
export woocommerce orders from database,0,5,0,96.8
export woocommerce orders to excel,0,6,0,85.16666666666667
export woocommerce orders to excel or google sheets,0,1,0,17
export woocommerce orders to google sheets,0,2,0,13
export woocommerce reviews,0,1,0,9
export woocommerce subscriptions to google sheets,0,2,0,27.5
export woocommerce to google sheets,0,4,0,14.5
export woocommerce to json,0,1,0,73
export woocommerce to shopify,0,1,0,100
export wordpress,0,4,0,6
export wordpress site,0,1,0,1
export wordpress to google sheets,0,7,0,69.42857142857143
export wordpress to postgresql,0,2,0,80
export wordpress users,0,3,0,9
export wordpress users to csv,0,2,0,11
exportación y seo,0,1,0,33
exportar entradas wordpress,0,10,0,20.8
exportar o importar,0,2,0,64
exportar pedidos de shopify,0,4,0,80.25
exportar productos woocommerce,0,4,0,11.5
exportar tema wordpress,0,10,0,10.1
exportar usuarios wordpress,0,16,0,7.125
exportar wordpress,0,1,0,9
exporting data from gravity forms,0,4,0,26.5
extension xml,0,1,0,1
external importer pro,0,4,0,75
fast data export tools,0,1,0,29
faster wordpress,0,1,0,84
featured image from url,0,6,0,4.666666666666666
featured image from url (fifu),0,7,0,7.857142857142857
featured image from url plugin wordpress,0,1,0,8
featured image from url wordpress plugin,0,1,0,5
featured image url,0,2,0,7
featured image wordpress plugin,0,1,0,4
fifu plugin,0,1,0,9
final cut pro export captions,0,1,0,1
follow up email icon,0,2,0,1
follow up email plugin,0,1,0,3
follow up email woocommerce,0,1,0,21
follow up emails woocommerce,0,2,0,29.5
formato csv ejemplo,0,1,0,1
free plugin limited time,0,1,0,23
free wordpress contact form,0,1,0,37
free wordpress security best practices 2025,0,3,0,1.6666666666666665
free wordpress security checklist,0,3,0,2
full wordpress backup,0,3,0,76.33333333333333
gambar eksternal,0,1,0,73
generar archivo csv,0,1,0,2
geodirectory divi,0,1,0,57
get featured image url,0,1,0,13
get featured image url wordpress,0,13,0,22.23076923076923
get_field taxonomy,0,6,0,7.166666666666667
gimp 一括エクスポート,0,1,0,3
global mapper,0,1,0,1
google sheets woocommerce,0,11,0,72.27272727272727
google sheets woocommerce integration,0,3,0,89.66666666666667
gravity form woocommerce import,0,3,0,8.333333333333332
gravity forms csv export,0,1,0,4
gravity forms data migration,0,6,0,16.666666666666664
gravity forms entries in excel,0,4,0,54
gravity forms export entries,0,11,0,15.272727272727273
gravity forms export entries automatically,0,4,0,50.5
gravity forms export entries csv,0,1,0,10
gravity forms export entries csv documentation,0,4,0,9.75
gravity forms export survey results,0,4,0,12.5
gravity forms export to excel,0,4,0,39.5
gravity forms ftp,0,2,0,83.5
gravity forms import csv,0,8,0,8.125
gravity forms import csv conditional logic,0,4,0,58.5
gravity forms import entries,0,29,0,8.89655172413793
gravity forms import entries download,0,1,0,9
gravity forms import entries free,0,4,0,7.25
gravity forms import excel,0,8,0,6.625
gravity forms import users,0,6,0,3.8333333333333335
gravity forms leadconnector integration,0,13,0,63.07692307692308
gravity forms schedule entries export,0,6,0,12
gravity forms to database table,0,6,0,65.83333333333333
gravity forms to excel,0,12,0,59.75
gravity forms update existing entry,0,3,0,41.666666666666664
gravity import,0,3,0,9.666666666666666
guide to wordpress security,0,4,0,70.25
gutenberg blocks,0,1,0,7
high traffic wordpress,0,9,0,82.77777777777777
hivepress listings export import,0,1,0,33
how can enterprises scale wordpress hosting to handle high traffic spikes?,0,5,0,4.6
how can i create a csv file,0,1,0,1
how do businesses ensure reliable website uptime for wordpress sites?,0,1,0,8
how do i add a link to a picture,0,1,0,1
how do i backup a wordpress site,0,1,0,75
how do i format a csv file to import variable products with different attributes like size and color in woocommerce?,0,2,0,10
how do i seo my wordpress site,0,3,0,82
how make your own website,0,1,0,1
how scalable is wordpress,0,8,0,63.75
how to add featured image in wordpress elementor,0,1,0,8
how to add link to an image,0,2,0,1
how to back up all photos,0,1,0,1
how to back up and restore a wordpress site,0,6,0,10.166666666666666
how to back up woocommerce,0,1,0,100
how to back up woocommerce database,0,7,0,86.14285714285714
how to back up woocommerce website,0,5,0,87.6
how to back up wordpress,0,1,0,34
how to back up wordpress site,0,4,0,42.5
how to back up wordpress website,0,1,0,65
how to backup a wordpress site,0,4,0,45.5
how to backup and restore wordpress website,0,2,0,1
how to backup my wordpress site,0,1,0,54
how to backup website in wordpress,0,4,0,47.25
how to backup wordpress,0,1,0,95
how to backup wordpress blog,0,3,0,86.33333333333333
how to backup wordpress site,0,5,0,60.2
how to backup your wordpress site,0,1,0,54
how to build a form in wordpress,0,1,0,89
how to build an online store with wordpress,0,2,0,1
how to build trust on a website,0,1,0,2
how to call custom post type in wordpress,0,6,0,82
how to change image url in wordpress,0,1,0,48
how to create a custom form in wordpress,0,1,0,99
how to create a form in php,0,1,0,1
how to create a form in wordpress without plugin catswhocode,0,2,0,7.5
how to create a link for a photo,0,1,0,1
how to create a url link for a website,0,1,0,1
how to create a wordpress payment form without a plugin,0,5,0,74.6
how to create an online store with wordpress,0,10,0,20.5
how to create custom post types in wordpress,0,1,0,44
how to create form in wordpress page,0,1,0,70
how to create forms in wordpress without plugin,0,6,0,25.833333333333332
how to create link for an image,0,1,0,1
how to create link for photos,0,1,0,1
how to do seo for wordpress blog,0,2,0,99
how to do seo for wordpress site,0,6,0,88.16666666666667
how to do seo in wordpress,0,14,0,58.92857142857143
how to do seo on wordpress,0,1,0,54
how to do seo wordpress,0,11,0,83.0909090909091
how to download all images from wordpress media library,0,1,0,2
how to download wamp,0,1,0,28
how to download xampp in windows 10,0,1,0,3
how to enable wp cron,0,1,0,3
how to export all products from woocommerce,0,1,0,5
how to export and import posts in wordpress,0,1,0,11
how to export and import wordpress pages,0,5,0,9.8
how to export customers from woocommerce,0,9,0,41
how to export data from wordpress,0,8,0,20.75
how to export entries from gravity forms,0,1,0,1
how to export gravity form entries,0,1,0,10
how to export order details from woocommerce to excel,0,4,0,93
how to export post in wordpress,0,1,0,9
how to export single page in wordpress,0,2,0,12
how to export users from active directory,0,1,0,2
how to export users from wordpress,0,3,0,8
how to export website from wordpress,0,1,0,74
how to fix it,0,1,0,3
how to import a page in wordpress,0,24,0,5.833333333333333
how to import a website,0,9,0,38.333333333333336
how to import a website into wordpress,0,2,0,1
how to import contacts from csv file,0,1,0,1
how to import csv file in wordpress without plugin,0,3,0,1.3333333333333333
how to import page in wordpress,0,19,0,4
how to import pages in wordpress,0,23,0,4.565217391304348
how to import woocommerce variations,0,24,0,21.25
how to import wordpress database,0,2,0,63.5
how to improve page load time in wordpress,0,1,0,99
how to improve page speed insights wordpress,0,1,0,3
how to improve seo on wordpress,0,2,0,74
how to improve seo wordpress,0,5,0,91
how to improve website speed wordpress,0,1,0,61
how to improve wordpress seo,0,17,0,39
how to increase speed of website in wordpress,0,1,0,58
how to increase the speed of wordpress website,0,1,0,60
how to increase website speed wordpress,0,3,0,61
how to increase wordpress site speed,0,2,0,78.5
how to insert hyperlink in jpeg image online,0,1,0,1
how to install ioncube loader,0,2,0,2.5
how to install php windows,0,1,0,1
how to install wamp,0,2,0,6.5
how to install wamp server,0,33,0,2.4545454545454546
how to install wamp server in windows 11,0,2,0,3
how to install wpml plugin in wordpress,0,1,0,8
how to install xampp,0,2,0,4.5
how to install xampp in ubuntu,0,2,0,1
how to install xampp in windows 11,0,1,0,2
how to install xampp on macos step by step,0,3,0,7
how to integrate ai in wordpress,0,1,0,1
how to make a link for a photo,0,2,0,1
how to make a link of a photo,0,1,0,1
how to make a picture into a link,0,1,0,1
how to make a wordpress site multilingual,0,2,0,2
how to make backup of wordpress site,0,6,0,73.16666666666667
how to make backup of wordpress website,0,1,0,85
how to make custom post in wordpress,0,1,0,41
how to make my wordpress site load faster,0,1,0,88
how to make photo into link,0,2,0,1
how to make website faster wordpress,0,1,0,69
how to make website load faster wordpress,0,16,0,74.625
how to make wordpress site load faster,0,1,0,66
how to make your own website,0,1,0,1
how to recover wordpress website,0,4,0,1
how to reduce blog loading time,0,1,0,88
how to reduce page load time in javascript,0,7,0,29.571428571428573
how to restore a wordpress site from backup,0,1,0,26
how to restore backup wordpress,0,1,0,46
how to restore website,0,1,0,98
how to restore website from backup,0,2,0,66
how to restore wordpress backup,0,16,0,36.625
how to restore wordpress from backup,0,5,0,34
how to restore wordpress site without backup,0,1,0,39
how to scale woocommerce,0,3,0,2.666666666666667
how to scale wordpress,0,6,0,40
how to secure a wordpress website from common threats,0,1,0,4
how to send image as link,0,1,0,2
how to seo on wordpress,0,1,0,97
how to seo wordpress site,0,1,0,73
how to set up seo on wordpress,0,1,0,74
how to set up xampp or mamp for local web development,0,11,0,7
how to setup wamp,0,16,0,8.6875
how to speed up your wordpress site,0,11,0,65.81818181818181
how to start an online store with wordpress,0,9,0,23.444444444444443
how to turn image into a link,0,1,0,1
how to use ai in wordpress,0,4,0,21.25
how to use wpml plugin in wordpress,0,1,0,8
how to wordpress seo,0,1,0,87
how to xampp install,0,1,0,92
hrdocs customer reviews,0,2,0,95
html to wordpress,0,1,0,2
html wordpress 移行,0,7,0,51.57142857142857
html 画像url 取得,0,5,0,3.8
html 画像挿入 ファイル,0,2,0,2
i need to deploy wordpress with redis page caching—what’s the simplest way to set that up on a host that can scale during traffic spikes?,0,6,0,9
i'm expecting a big traffic spike from a marketing campaign. how do i prepare my wordpress hosting?,0,2,0,1
image convert to url link,0,1,0,3
image imports,0,1,0,100
imagen destacada wordpress,0,2,0,28
implementar ia en wordpress,0,11,0,7
implementar inteligencia artificial en wordpress,0,3,0,62
import,0,1,0,1
import bbpress forums topics and replies bulk,0,34,0,8.647058823529413
import categories,0,1,0,31
import categories wordpress,0,2,0,6
import contact form 7 entries to gravity forms,0,4,0,23.5
import csv,0,1,0,38
import csv into wordpress,0,3,0,8.333333333333332
import csv to wordpress,0,5,0,6.8
import csv wordpress,0,4,0,11
import dat do wordpressu,0,1,0,87
import entries gravity forms,0,1,0,11
import export pages wordpress,0,10,0,9.2
import export post,0,1,0,9
import export pro,0,2,0,75.5
import export wordpress,0,2,0,23
import flat file,0,3,0,38.666666666666664
import gallery,0,1,0,74
import gravity form entries,0,2,0,6.5
import gravity forms entries,0,7,0,9.285714285714286
import html into wordpress,0,1,0,52
import in wordpress,0,3,0,11
import orders into woocommerce,0,1,0,37
import orders woocommerce,0,1,0,36
import page,0,2,0,7.5
import page wordpress,0,17,0,4.1764705882352935
import post translations wpml,0,2,0,13
import posts into wordpress,0,1,0,41
import products into woocommerce,0,1,0,70
import reviews to woocommerce,0,3,0,10
import reviews woocommerce,0,2,0,9
import seo titles,0,2,0,10
import seopress title description keyword,0,8,0,15.375
import shipment numbers woocommerce,0,1,0,50
import shopify to woocommerce,0,2,0,39.5
import site to wordpress,0,1,0,2
import sql wordpress,0,1,0,99
import to wordpress,0,5,0,2.8
import translation,0,2,0,32.5
import users from csv with meta,0,1,0,27
import users into wordpress,0,1,0,33
import variable products woocommerce,0,2,0,10.5
import website into wordpress,0,1,0,15
import woocommerce attribute swatches iconic,0,9,0,49.77777777777778
import woocommerce categories by hierarchy,0,1,0,21
import woocommerce customer reviews,0,3,0,14.333333333333334
import woocommerce customers,0,2,0,5.5
import woocommerce orders,0,2,0,33
import woocommerce product reviews,0,1,0,17
import woocommerce products from google sheets in real time,0,1,0,42
import woocommerce variable products with images and attributes,0,2,0,10
import wordpress database,0,1,0,57
import wordpress users,0,3,0,35
import wp,0,2,0,8.5
import wp pro,0,3,0,7
import xml to wordpress,0,2,0,46
import xml wordpress,0,1,0,47
import/export for advanced custom fields,0,4,0,3.25
importación y exportación de datos,0,3,0,72
importar documentos de excel a world office,0,2,0,2.5
importar pedidos woocommerce,0,1,0,3
importar productos woocommerce,0,16,0,5.875
importar usuarios wordpress,0,1,0,7
importar wordpress,0,3,0,7.333333333333333
importar y exportar datos,0,3,0,56.666666666666664
importer csv,0,1,0,70
importer pro,0,2,0,2
importer wordpress,0,1,0,38
importing entries to gravity forms,0,8,0,8.25
improve page speed wordpress,0,18,0,64.44444444444444
improve seo on wordpress,0,6,0,79.83333333333333
improve seo wordpress,0,1,0,96
improve site speed wordpress,0,4,0,69.75
improve website speed wordpress,0,2,0,76
improve wordpress site speed,0,32,0,63.15625
improve wordpress speed,0,16,0,73.5625
improve wordpress website speed,0,30,0,64.03333333333333
improve your wordpress website's speed,0,7,0,72.28571428571429
improving seo on wordpress,0,1,0,80
increase loading speed of wordpress website,0,1,0,45
increase page speed wordpress,0,21,0,62.333333333333336
increase website speed wordpress,0,1,0,56
increase wordpress site speed,0,2,0,64
increase wordpress speed,0,9,0,87.11111111111111
increase wordpress website speed,0,8,0,49.875
instalar glpi en windows con xampp,0,2,0,2
instalar php en windows,0,1,0,2
instalar wamp,0,7,0,22.285714285714285
instalar wampserver,0,5,0,4.6
instalar xampp en linux,0,1,0,2
instalar xampp en mac,0,4,0,6.5
instalar xampp en ubuntu,0,3,0,3.3333333333333335
instalar xampp windows 11,0,1,0,5
install ioncube,0,9,0,1.5555555555555556
install ioncube loader,0,5,0,2.8
install ioncube loader php,0,1,0,7
install ioncube loader ubuntu,0,1,0,10
install ioncube loader xampp,0,4,0,7.75
install wamp,0,37,0,7.702702702702703
install wamp server,0,3,0,29
install xampp on ubuntu 24.04,0,1,0,2
installation of xampp/wamp,0,3,0,1.3333333333333333
installing wamp,0,3,0,6.666666666666667
integrate woocommerce with shopify,0,3,0,24.666666666666668
integrating+ai+with+wordpress,0,2,0,83
inventory management for woocommerce,0,2,0,27.5
inventory management system woocommerce,0,2,0,33.5
iocube,0,2,0,7.5
ion cube loader,0,1,0,7
ioncube,0,30,0,14.133333333333333
ioncube decoder,0,1,0,1
ioncube decoder php 8.2,0,1,0,56
ioncube denwer,0,2,0,88.5
ioncube download,0,1,0,5
ioncube hostinger,0,2,0,8.5
ioncube install,0,3,0,11
ioncube kurulumu,0,1,0,9
ioncube loader,0,14,0,5.357142857142857
ioncube loader install,0,9,0,2.5555555555555554
ioncube loader is not loaded. please enable it to continue installation,0,5,0,2.2
ioncube loader wizard,0,7,0,6.714285714285714
ioncube loader xampp,0,1,0,7
ioncube loaders,0,5,0,9.2
ioncube ltd,0,1,0,67
ioncube php loader,0,3,0,26.333333333333332
ioncube_loader_win_7.4.dll,0,2,0,10
is mandrillapp.com safe,0,1,0,1
is wordpress scalable,0,7,0,86.42857142857143
it companies in tirunelveli,0,3,0,32.33333333333333
it companies tirunelveli,0,1,0,30
it company in tirunelveli,0,5,0,33.8
jasper,0,1,0,12
jasper ai wordpress,0,1,0,2
jasper ai wordpress integration,0,1,0,6
jasper ai wordpress plugin,0,1,0,13
jet importacion,0,2,0,12
jetbookings,0,4,0,7.5
jetengine bulk convert post type,0,28,0,18.392857142857142
jetengine bulk edit custom post types,0,3,0,24
jetengine import custom post types,0,2,0,15.5
jetreview,0,7,0,8
jpeg urlに変換,0,1,0,6
language switcher polylang,0,1,0,57
launching wordpress,0,1,0,36
lead builder,0,7,0,6
leadbuilder,0,2,0,13.5
learnpress bulk edit max number of students,0,2,0,9.5
learnpress migrate courses,0,26,0,29.115384615384617
lightweight wordpress plugin,0,1,0,83
lightweight wordpress speed plugin,0,4,0,1
link for photos,0,1,0,3
lms import,0,1,0,8
loader php,0,1,0,81
loader-wizard.php,0,3,0,9.666666666666666
localhost/loader-wizard.php,0,3,0,7.666666666666667
loopback requests to wp-cron.php are blocked. this may prevent scheduled tasks from running. please check your server configuration.,0,1,0,1
magento パーソナライゼーション,0,5,0,67.2
make a form in wordpress,0,1,0,90
make website load faster wordpress,0,1,0,83
make wordpress load faster,0,2,0,84
make wordpress site load faster,0,1,0,44
make wordpress website faster,0,2,0,60
mal import list,0,1,0,6
manual de woocommerce,0,5,0,80.6
manual woocommerce,0,2,0,57.5
marketing electronico,0,1,0,88
mb custom post types bulk edit,0,1,0,42
mdファイル 画像 埋め込み,0,3,0,6
meta box,0,10,0,9
meta box builder,0,1,0,5
meta box export import custom post types,0,7,0,17.571428571428573
meta box plugin bulk edit custom fields,0,29,0,32.6551724137931
meta box wordpress,0,1,0,10
meta box 使い方,0,1,0,9
meta box 繰り返しフィールド,0,3,0,1
meta csv generator pro,0,1,0,3
meta v82,0,1,0,26
meta-box,0,2,0,11
metabox,0,1,0,11
metabox wordpress,0,1,0,13
metacampos,0,1,0,65
metadatos seo,0,2,0,92.5
migración de woocommerce a shopify,0,8,0,43
migrar de shopify a woocommerce,0,1,0,4
migrar de shopify a wordpress,0,4,0,8.5
migrar de woocommerce a shopify,0,3,0,69
migrar de wordpress a shopify,0,1,0,75
migrar woocommerce a shopify,0,2,0,83.5
migrar wordpress a shopify,0,3,0,74.33333333333333
migrate & import shopify to woocommerce,0,2,0,41
migrate formidable forms to gravity forms,0,4,0,53.5
migrate from shopify to woocommerce,0,9,0,23.77777777777778
migrate gravity forms add-ons,0,5,0,36.6
migrate gravity forms entries,0,6,0,10.166666666666666
migrate jigoshop to woocommerce,0,2,0,57.5
migrate ninja forms to gravity forms,0,5,0,68
migrate products from shopify to woocommerce,0,2,0,62.5
migrate products from woocommerce to shopify,0,5,0,88.8
migrate shopify to woocommerce,0,28,0,13.178571428571429
migrate woocommerce site,0,2,0,68
migrate woocommerce to woocommerce,0,1,0,52
migrate woocommerce website,0,3,0,80.33333333333333
migrate wp ecommerce to woocommerce,0,1,0,61
migrating from shopify to woocommerce,0,4,0,36.75
migration woocommerce shopify,0,3,0,83
mobile coders,0,1,0,54
monthly wordpress maintenance,0,3,0,87.66666666666667
monthly wordpress maintenance checklist,0,2,0,7
move shopify to woocommerce,0,2,0,50
moving from shopify to woocommerce,0,2,0,60.5
multi level affiliates woocommerce,0,3,0,50
multipurpose themes,0,2,0,7
multipurpose wordpress theme,0,14,0,23.785714285714285
new csv,0,1,0,3
new relic,0,1,0,37
nexcodecanyonp speed improvements ocean review buy,0,2,0,6
nextgen galleries,0,1,0,13
nextgen gallery,0,16,0,8.375
nextgen gallery custom template,0,1,0,74
nextgen gallery export,0,2,0,2
nextgen gallery link image to url,0,7,0,53.57142857142857
nextgen gallery pro free download,0,5,0,46.4
nextgen gallery 画像 アップロードできない,0,7,0,10.285714285714286
ngg gallery,0,5,0,79.4
ninja forms multilingual,0,1,0,2
not working,0,1,0,3
online store hosting,0,1,0,79
online store using wordpress,0,1,0,49
online store video marketing,0,1,0,6
online store wordpress,0,18,0,53.333333333333336
open link from image,0,1,0,5
optimise wordpress database,0,1,0,31
optimiser wordpress,0,4,0,88.25
optimize page load time,0,1,0,97
optimize speed wordpress,0,2,0,82.5
optimize wordpress database,0,9,0,38.77777777777778
optimize wordpress site performance,0,4,0,91.25
optimize wordpress speed plugin,0,1,0,54
optimize wp database,0,1,0,30
optimized data export tools,0,7,0,12.714285714285714
optimizing wordpress for speed,0,1,0,89
page load time reduction,0,1,0,1
page speed optimization wordpress,0,7,0,77.14285714285714
pagina de plugins,0,1,0,75
personalización con ia,0,5,0,25.4
personalización impulsada por ia,0,1,0,9
petalマップ インストール,0,2,0,1
photo with link,0,1,0,4
php ioncube,0,1,0,3
php loader,0,2,0,28.5
php wamp,0,1,0,28
plesk ioncube,0,1,0,5
pll_get_term,0,6,0,8.5
plugin en wordpress,0,1,0,82
plugin optimisation wordpress,0,5,0,37.8
plugin seo wordpress,0,19,0,65.78947368421052
plugin wpml gratis,0,2,0,47
plugins de seo,0,1,0,53
plugins seo wordpress,0,1,0,90
plugins to speed up wordpress site,0,1,0,43
png リンク埋め込み,0,1,0,3
polilang,0,1,0,6
poly yang,0,1,0,2
polylanf,0,1,0,6
polylang,0,9,0,6.888888888888889
polylang bulk translate categories,0,2,0,24
polylang bulk translate posts in google sheets,0,4,0,26.5
polylang bulk translate woocommerce products in google sheets,0,29,0,20.655172413793103
polylang bulk translate woocommerce products with ai,0,5,0,44.8
polylang for woocommerce,0,2,0,22
polylang for woocommerce export and import product translations,0,33,0,11.181818181818182
polylang geolocation,0,1,0,24
polylang pll_get_term documentation,0,1,0,9
polylang plugin,0,2,0,8.5
polylang plugin wordpress,0,4,0,9.5
polylang seo,0,18,0,22.055555555555557
polylang set language programmatically,0,2,0,91
polylang translate and import categories,0,28,0,8.75
polylang translation services,0,3,0,59.333333333333336
polylang woocommerce,0,1,0,32
polylang wordpress plugin,0,9,0,9.777777777777779
polylang wordpress plugin features,0,3,0,9.666666666666666
polylang 使い方,0,17,0,10.117647058823529
poner un link en una imagen,0,1,0,3
popup builders,0,23,0,23.782608695652176
post affiliate pro woocommerce,0,2,0,46.5
ppom,0,73,0,8.958904109589042
ppom for woocommerce,0,2,0,9
preview image url,0,1,0,2
product csv file download,0,37,0,8.45945945945946
product review export,0,1,0,6
producto con diferentes precios woocommerce,0,1,0,76
products csv file download,0,8,0,6.25
que es wamp,0,2,0,19
que significa descargar como csv utf-8,0,2,0,1
"qué formato utilizarías dentro de un entorno administrativo, que soporte datos para procesarse en hojas de cálculo y archivos masivos que pertenezcan a un tipo estándar? ￼ formato xlsx ￼ formato csv ￼ formato txt",0,1,0,1
rank math canonical url meta key rank_math_canonical_url,0,1,0,9
rank math import redirects csv format columns,0,3,0,9.333333333333334
rank math pillar content,0,2,0,43
rank math redirections csv import format columns,0,8,0,9.5
rank math redirections import csv format columns,0,1,0,8
rank tracking csv export,0,14,0,55.285714285714285
rank_math_focus_keyword,0,12,0,21.083333333333332
ranking plugin wordpress,0,1,0,87
rankmath,0,9,0,7.555555555555555
read mastering woocommerce online,0,3,0,45.333333333333336
reduce el contenido javascript que no se use wordpress,0,1,0,39
reduce page load time,0,1,0,62
reduce wordpress plugins,0,1,0,35
requisitos para instalar xampp,0,1,0,12
restore a wordpress backup,0,16,0,40.375
restore backup wordpress,0,3,0,9.666666666666666
restore wordpress,0,4,0,26.25
restore wordpress backup to new server,0,84,0,18.928571428571427
restore wordpress from backup,0,37,0,5.081081081081081
restore wordpress site,0,27,0,17.296296296296298
restore wordpress site from backup,0,5,0,32.2
restore wordpress site to previous date,0,1,0,49
restore wpress file,0,1,0,2
restoring wordpress from backup,0,4,0,1
restoring wordpress site from backup,0,5,0,21
reviews woocommerce,0,3,0,78.66666666666667
sacar url de una imagen,0,1,0,1
sacar url de una imagen online,0,1,0,1
sample csv data file,0,1,0,20
sample csv file,0,6,0,22.666666666666668
sample csv file download,0,9,0,9.777777777777779
sample csv file download for testing,0,1,0,11
sample csv file example,0,3,0,35
sample csv file format,0,3,0,13.333333333333334
sample csv files download,0,1,0,11
sample csv files for testing,0,2,0,26.5
sample csv files to download,0,3,0,15
sample customer csv file download,0,1,0,11
sample product csv file,0,18,0,9.277777777777779
sample product csv file download,0,9,0,7.111111111111111
sample product csv file for woocommerce,0,4,0,8.25
sample products csv file,0,2,0,7.5
sample woocommerce products csv,0,3,0,9
sansan csv インポート,0,1,0,4
scalable wordpress,0,7,0,75.14285714285714
scalable wordpress hosting,0,1,0,97
scaling wordpress,0,7,0,59.857142857142854
scaling wordpress for high traffic,0,4,0,1
search engine optimization plugin,0,1,0,80
search engine optimization plugin for wordpress,0,1,0,86
search engine optimization wordpress plugin,0,3,0,79.33333333333333
seo csv reports,0,2,0,19
seo data importer,0,7,0,3.5714285714285716
seo en wordpress,0,2,0,48
seo for wordpress,0,45,0,57.355555555555554
seo for wordpress plugin,0,3,0,52.333333333333336
seo for wordpress site,0,3,0,98
seo for wordpress sites,0,2,0,97
seo for wordpress website,0,10,0,57.3
seo for wordpress websites,0,10,0,70.2
seo for wp,0,1,0,68
seo guide for wordpress,0,1,0,50
seo in wordpress,0,66,0,66.78787878787878
seo on wordpress,0,2,0,61
seo optimisation wordpress,0,4,0,90
seo optimization plugin wordpress,0,1,0,86
seo optimization tools wordpress,0,12,0,85.08333333333333
seo optimization wordpress plugin,0,2,0,79
seo options wordpress,0,4,0,75.25
seo plug in,0,1,0,73
seo plugin for wordpress,0,42,0,72.95238095238095
seo plugin wordpress,0,37,0,59.027027027027025
seo plugin wordpress best,0,1,0,85
seo plugin wp,0,1,0,63
seo plugins,0,14,0,67.21428571428571
seo plugins for wordpress,0,53,0,59.735849056603776
seo plugins in wordpress,0,3,0,78.66666666666667
seo plugins wordpress,0,9,0,67.55555555555556
seo setting in wordpress,0,1,0,55
seo software for wordpress,0,9,0,87.33333333333333
seo tips for wordpress,0,4,0,80.5
seo tool for wordpress,0,6,0,74.66666666666667
seo tool wordpress,0,2,0,85
seo tools for wordpress,0,50,0,68.24
seo tools wordpress,0,46,0,71.17391304347827
seo widget wordpress,0,1,0,78
seo with wordpress,0,3,0,50
seo wordpress,0,99,0,54.01010101010101
seo wordpress guide,0,2,0,80.5
seo wordpress plugin,0,50,0,69.1
seo wordpress plugins,0,1,0,96
seo wordpress sans plugin,0,7,0,85.28571428571429
seo wordpress tips,0,5,0,91.4
seo wordpress tools,0,6,0,79.5
seo ワードプレス,0,1,0,100
seopress logo,0,1,0,56
seopress woocommerce,0,5,0,68.2
seoワードプレス,0,1,0,99
serialized data wordpress,0,1,0,11
set up seo wordpress,0,1,0,86
setting up xampp,0,1,0,53
setup seo wordpress,0,2,0,84.5
setup_xampp.bat,0,1,0,1
shop in wordpress,0,7,0,32.85714285714286
shop on wordpress,0,1,0,56
shopify export to woocommerce,0,2,0,64
shopify import woocommerce,0,1,0,69
shopify to woocommerce,0,19,0,57.36842105263158
shopify to woocommerce migration,0,13,0,35.92307692307692
shopify to woocommerce migration free,0,1,0,25
shopify to woocommerce migration plugin,0,2,0,66
shopify to woocommerce migration tool,0,2,0,22.5
shopify to woocommerce plugin,0,2,0,48
shopify to wordpress migration,0,2,0,63.5
shopify woocommerce integration,0,1,0,65
shopify woocommerce migration,0,2,0,79.5
simple export import for acf data,0,4,0,4
site:smackcoders.com,0,1,0,1
site:www.smackcoders.com,0,5,0,1
smack,0,2,0,7.5
smack coders,0,3,0,1
smack technologies,0,2,0,6
smackcoders inc. photos,0,10,0,2.8
smackcoders photos,0,5,0,2.8
solid affiliate,0,1,0,11
speed booster plugin,0,3,0,1.6666666666666665
speed optimization in wordpress,0,33,0,74.63636363636364
speed optimization plugin,0,2,0,45
speed up wordpress database,0,1,0,41
speed up your wordpress site,0,7,0,74.42857142857143
speedup website,0,1,0,63
start ecommerce website with wordpress,0,1,0,93
stock manager for woocommerce,0,1,0,18
sugar crm wordpress,0,1,0,70
suitecrm wordpress,0,5,0,63.8
switch from shopify to woocommerce,0,2,0,46.5
sync woocommerce with google sheets,0,8,0,80.625
taxonomia wordpress,0,6,0,18.166666666666668
taxonomy import,0,4,0,8.5
test email woocommerce,0,1,0,94
the best seo plugin for wordpress,0,2,0,52.5
the best seo plugins for wordpress,0,1,0,65
the disable_wp_cron constant is set to true. wp-cron spawning is disabled.,0,3,0,3
themeco templates,0,3,0,58.666666666666664
tirunelveli company,0,2,0,13
tirunelveli it companies,0,2,0,30
tirunelveli it company list,0,4,0,29.5
tirunelveli software company,0,2,0,27.5
tirunelveli software company list,0,2,0,34.5
toolset bulk edit post type relationships,0,1,0,42
toolset types,0,27,0,9.518518518518519
toolset types wordpress,0,1,0,35
top 7 wordpress plugins for seo,0,8,0,28.75
top seo plugins,0,1,0,87
top seo plugins for wordpress,0,19,0,38.526315789473685
top seo wordpress plugins,0,2,0,49.5
top wordpress seo plugins,0,14,0,81.71428571428571
transfer jigoshop to woocommerce,0,1,0,69
transfer products from shopify to woocommerce,0,5,0,20.4
transfer shopify store to woocommerce,0,2,0,21.5
transfer shopify to woocommerce,0,5,0,25.8
transfer woocommerce to shopify,0,6,0,100
transfer woocommerce to woocommerce,0,2,0,80.5
transfer wp ecommerce to woocommerce,0,1,0,83
trusted restore,0,1,0,55
tutor lms export import courses csv,0,1,0,13
tutorial seo wordpress,0,4,0,51.25
typo3 to wordpress migration,0,1,0,2
ultimate csv importer free,0,2,0,2
ultimate imports,0,5,0,11
ultimate member,0,4,0,11
ultimate member bulk edit profiles,0,5,0,9.2
ultimate member export,0,2,0,5
ultimate member export users,0,1,0,3
ultimate members wordpress,0,1,0,18
ultimate membership pro wordpress plugin,0,2,0,73.5
uploading data to wordpress,0,6,0,36.666666666666664
url de imagen,0,1,0,1
url for an image,0,2,0,1
url of image,0,4,0,1
user list wordpress,0,1,0,77
vampp download,0,2,0,11
ver archivos csv,0,1,0,6
video marketing ecommerce,0,1,0,77
video mercadeo,0,24,0,18.416666666666668
videos de comercio electronico,0,3,0,64.66666666666666
videos sobre comercio electronico,0,2,0,73
voice search schema markup,0,1,0,2
voice search wordpress,0,1,0,32
wambserver,0,1,0,1
wammp,0,6,0,25.5
wamp and xampp,0,2,0,6.5
wamp control panel,0,1,0,17
wamp descargar,0,7,0,18.142857142857142
wamp download for mac,0,2,0,6.5
wamp download mac,0,2,0,6.5
wamp for linux,0,9,0,3.4444444444444446
wamp for mac,0,41,0,6.560975609756097
wamp for mac download,0,1,0,7
wamp for macos,0,4,0,6.25
wamp hindi meaning,0,2,0,12
wamp in hindi,0,5,0,7.2
wamp install,0,15,0,6.333333333333333
wamp installation,0,1,0,5
wamp installation on windows 11,0,3,0,3.3333333333333335
wamp linux,0,12,0,6.5
wamp mac,0,12,0,5.333333333333333
wamp macos,0,3,0,3.3333333333333335
wamp manager,0,2,0,5
wamp o xampp,0,1,0,5
wamp on mac,0,2,0,5.5
wamp or xampp,0,1,0,16
wamp package,0,1,0,7
wamp se,0,5,0,26.2
wamp ser,0,1,0,89
wamp server,0,5,0,21.2
wamp server configuration,0,1,0,12
wamp server for linux,0,4,0,9.25
wamp server for mac,0,5,0,10
wamp server install,0,1,0,3
wamp server installation,0,3,0,12
wamp server installation steps,0,1,0,5
wamp server mac,0,11,0,2.4545454545454546
wamp setup,0,4,0,5.25
wamp software,0,1,0,51
wamp vs xampp,0,4,0,28.25
wamp windows,0,1,0,8
wamp xampp,0,1,0,5
wamp 意味,0,4,0,3.5
wamp/xamp,0,5,0,10.2
wamp/xampp,0,1,0,8
wamp5 download,0,2,0,63.5
wamp64,0,1,0,2
wampp,0,2,0,11.5
wampp install,0,1,0,10
wamps,0,3,0,19.666666666666668
wampserver,0,2,0,8
wampserver download for mac,0,3,0,11
wampserver download mac,0,4,0,6.25
wampserver for linux,0,4,0,4
wampserver for mac,0,14,0,3
wampserver installation steps,0,1,0,6
wampserver mac,0,14,0,2.928571428571429
wampserver mac download,0,2,0,9
wampserver macos,0,4,0,4.25
wampserver o xampp,0,5,0,30.4
wampserver para mac,0,1,0,2
wampserver vs xampp,0,2,0,40.5
wampserver64,0,1,0,2
wapp server,0,1,0,10
warehouse management system woocommerce,0,1,0,84
webshop with wordpress,0,2,0,72.5
website import tools,0,10,0,48.1
website importer free,0,4,0,85.75
website optimization plugin for wordpress,0,1,0,70
website overzetten naar wordpress,0,4,0,3
website zu wordpress umziehen,0,3,0,2
what are the most important steps to make a wordpress site handle high traffic without crashing?,0,1,0,11
what is difference between wordpress and html?,0,1,0,98
what is ioncube,0,2,0,15.5
what is ioncube loader,0,3,0,1
what is the best seo plugin for wordpress,0,1,0,46
what is the image url,0,1,0,1
what is wordpress seo,0,1,0,83
what is wp cron,0,1,0,35
what is wpml in wordpress,0,1,0,11
what's the best scalable hosting option for a woocommerce store that runs big sales events?,0,1,0,1
whatsml documentation,0,1,0,2
which csv file type to use,0,1,0,1
which is the best seo plugin for wordpress,0,1,0,70
which seo plugin is best for wordpress,0,1,0,34
winamp descargar,0,1,0,2
winamp for ubuntu,0,1,0,2
woocommerce accounts to google sheets,0,7,0,80.71428571428571
woocommerce acf,0,1,0,1
woocommerce add reviews manually,0,1,0,23
woocommerce affiliate marketing,0,17,0,40.35294117647059
woocommerce affiliate marketing plugin,0,4,0,28
woocommerce affiliate plugin,0,50,0,22.86
woocommerce affiliate plugin free,0,21,0,20.047619047619047
woocommerce affiliate products,0,1,0,48
woocommerce affiliate products plugin,0,10,0,22.6
woocommerce affiliate program,0,9,0,44
woocommerce affiliate software,0,3,0,24
woocommerce affiliate tracking,0,3,0,72
woocommerce affiliates,0,4,0,30.25
woocommerce commission plugin,0,4,0,70
woocommerce csv,0,1,0,7
woocommerce csv import products documentation,0,1,0,10
woocommerce csv import template,0,1,0,15
woocommerce csv import variable products,0,6,0,11
woocommerce csv importer,0,4,0,13.75
woocommerce csv importer free download,0,5,0,8.8
woocommerce csv template,0,1,0,9
woocommerce customer export,0,1,0,40
woocommerce demo products csv,0,1,0,9
woocommerce dummy product csv,0,1,0,10
woocommerce dummy products csv,0,9,0,8.88888888888889
woocommerce email automation,0,6,0,66.66666666666667
woocommerce email test plugin,0,1,0,93
woocommerce enable reviews for all products,0,1,0,2
woocommerce export,0,1,0,10
woocommerce export customer,0,1,0,36
woocommerce export customer emails,0,1,0,49
woocommerce export customer reviews,0,38,0,23.394736842105264
woocommerce export customers,0,1,0,31
woocommerce export orders,0,1,0,7
woocommerce export orders csv,0,5,0,86.6
woocommerce export product reviews,0,3,0,18
woocommerce export products with url,0,2,0,74.5
woocommerce export products with variations,0,10,0,30.9
woocommerce export reviews,0,1,0,9
woocommerce export stock levels to google sheets daily,0,2,0,19.5
woocommerce export to google sheets,0,16,0,22.3125
woocommerce export users,0,3,0,30
woocommerce export variable products and variations,0,2,0,10.5
woocommerce follow up,0,2,0,24
woocommerce follow up email,0,1,0,21
woocommerce follow up email plugin,0,5,0,21.2
woocommerce follow up emails,0,27,0,22.85185185185185
woocommerce follow up emails plugin,0,8,0,17.375
woocommerce follow-up emails,0,1,0,21
woocommerce generate product descriptions with gemini,0,10,0,15.9
woocommerce google sheets,0,7,0,63.42857142857143
woocommerce google sheets integration,0,8,0,86.5
woocommerce hack,0,1,0,8
woocommerce import categories,0,2,0,14.5
woocommerce import csv template,0,1,0,11
woocommerce import customers,0,3,0,11.666666666666666
woocommerce import from shopify,0,2,0,53
woocommerce import orders,0,1,0,30
woocommerce import plugin,0,1,0,47
woocommerce import product reviews,0,2,0,28
woocommerce import reviews,0,1,0,18
woocommerce import shopify,0,2,0,47
woocommerce import user membership plans,0,3,0,48
woocommerce import variable products,0,18,0,19.555555555555557
woocommerce import variable products csv,0,2,0,10
woocommerce integration with google sheets,0,1,0,90
woocommerce inventory management,0,13,0,60.84615384615385
woocommerce inventory management plugin,0,97,0,37.618556701030926
woocommerce inventory management software,0,2,0,49
woocommerce inventory management system,0,1,0,43
woocommerce inventory manager,0,1,0,34
woocommerce inventory tracking,0,1,0,43
woocommerce large product catalog management,0,2,0,1
woocommerce leadconnector integration,0,9,0,50.77777777777778
woocommerce learnpress,0,1,0,61
woocommerce limite de productos,0,1,0,71
woocommerce migrate orders,0,2,0,37
woocommerce migrate products,0,2,0,83.5
woocommerce migration,0,7,0,75.28571428571429
woocommerce migration to shopify,0,8,0,84
woocommerce multilingual polylang,0,4,0,49.75
woocommerce order import,0,1,0,39
woocommerce orders to google sheets,0,17,0,38.05882352941177
woocommerce payment,0,1,0,9
woocommerce performance plugin,0,2,0,63
woocommerce polylang,0,4,0,16
woocommerce product csv file download,0,8,0,7.75
woocommerce product csv import,0,1,0,36
woocommerce product csv importer documentation,0,1,0,11
woocommerce product csv sample,0,2,0,8.5
woocommerce product import csv,0,1,0,38
woocommerce product import csv template,0,1,0,12
woocommerce product import csv template download,0,1,0,10
woocommerce product import export,0,1,0,93
woocommerce product import export plugin,0,1,0,5
woocommerce product information management,0,2,0,93.5
woocommerce product rating,0,4,0,36.25
woocommerce product sample csv,0,3,0,8
woocommerce products import,0,1,0,49
woocommerce review product,0,4,0,25.25
woocommerce sample data csv download,0,7,0,8.285714285714285
woocommerce sample product csv file download,0,1,0,8
woocommerce sample products csv,0,4,0,9.25
woocommerce sample products csv download,0,6,0,9.166666666666666
woocommerce scalability,0,2,0,4
woocommerce scaling,0,4,0,16
woocommerce shopify migration,0,4,0,84.5
woocommerce site migration,0,4,0,66.25
woocommerce speed plugin,0,2,0,88.5
woocommerce stock management,0,1,0,57
woocommerce stock management plugin,0,1,0,17
woocommerce stock manager,0,3,0,17
woocommerce test email template,0,2,0,97
woocommerce to google sheets,0,22,0,58.22727272727273
woocommerce to google sheets integration,0,3,0,82.33333333333333
woocommerce to woocommerce migration,0,2,0,55
woocommerce update,0,1,0,3
woocommerce variable product import,0,1,0,8
word press seo,0,14,0,60.785714285714285
wordpress,0,1,0,9
wordpress advanced custom fields,0,4,0,3.75
wordpress advanced custom fields plugin,0,1,0,4
wordpress affiliate plugin woocommerce,0,8,0,32.375
wordpress ai,0,8,0,18.875
wordpress ai content generator,0,1,0,1
wordpress ai website builder,0,1,0,1
wordpress allow csv upload,0,7,0,10.714285714285714
wordpress artificial intelligence,0,1,0,72
wordpress at scale,0,1,0,44
wordpress automatic backup,0,1,0,84
wordpress automatic exports and imports,0,22,0,14.909090909090908
wordpress back,0,1,0,90
wordpress backup and recovery,0,8,0,33.625
wordpress backup and restore,0,71,0,7.591549295774648
wordpress backup and restore to new server,0,17,0,28.529411764705884
wordpress backup best practices 2025,0,4,0,10.75
wordpress backup blog,0,2,0,96.5
wordpress backup ftp,0,8,0,65.625
wordpress backup how to,0,4,0,77.75
wordpress backup restore,0,3,0,13.666666666666666
wordpress backuppen,0,2,0,84.5
wordpress backups,0,1,0,95
wordpress beiträge importieren,0,3,0,3
wordpress best practices security,0,2,0,80
wordpress best seo,0,4,0,80.25
wordpress best seo plugin,0,5,0,45.6
wordpress bulk edit advanced custom fields,0,1,0,40
wordpress contact form without plugin,0,7,0,20
wordpress content import,0,6,0,33.333333333333336
wordpress copy page to another site,0,1,0,1
wordpress core web vitals optimization,0,2,0,31
wordpress create custom post type plugin,0,4,0,47
wordpress cron,0,13,0,17.46153846153846
wordpress cron job,0,21,0,35.23809523809524
wordpress cron job example,0,7,0,68.28571428571429
wordpress cronjob,0,2,0,83
wordpress cronjobs,0,2,0,81
wordpress csv,0,3,0,5
wordpress csv import,0,6,0,10.666666666666666
wordpress csv import plugins,0,2,0,10.5
wordpress csv importer,0,12,0,10.5
wordpress csv インポート,0,16,0,3.625
wordpress csv エクスポート,0,8,0,6.25
wordpress csvエクスポート,0,2,0,7.5
wordpress database export,0,1,0,34
wordpress database maintenance,0,9,0,57.666666666666664
wordpress database optimization,0,1,0,43
wordpress database optimize,0,1,0,36
wordpress database size,0,1,0,82
wordpress db backup,0,1,0,60
wordpress db export,0,1,0,17
wordpress e-commerce store,0,1,0,62
wordpress ecommerce tutorial,0,34,0,68.1470588235294
wordpress excel,0,2,0,18.5
wordpress export,0,3,0,7.333333333333333
wordpress export and import pages,0,2,0,7
wordpress export and import users,0,1,0,22
wordpress export custom post type,0,1,0,9
wordpress export database plugin,0,1,0,61
wordpress export db,0,1,0,51
wordpress export google sheets,0,8,0,55.25
wordpress export import comments,0,1,0,48
wordpress export import pages,0,1,0,2
wordpress export import users,0,1,0,16
wordpress export menu,0,1,0,4
wordpress export pages to another site,0,1,0,1
wordpress export plugins,0,6,0,17.5
wordpress export post,0,1,0,15
wordpress export posts to csv,0,2,0,9
wordpress export single page,0,1,0,9
wordpress export single page plugin,0,6,0,7.5
wordpress export specific pages,0,5,0,12
wordpress export to excel,0,9,0,55.666666666666664
wordpress export tool,0,1,0,20
wordpress export user,0,2,0,4.5
wordpress export user emails,0,1,0,2
wordpress export users,0,21,0,11.619047619047619
wordpress export users plugin,0,1,0,17
wordpress export users to csv,0,3,0,10
wordpress export users with passwords,0,8,0,8.625
wordpress exporter,0,1,0,6
wordpress featured image url,0,1,0,7
wordpress follow up,0,2,0,11.5
wordpress for seo,0,1,0,56
wordpress form without plugin,0,2,0,20
wordpress forms development,0,4,0,87.25
wordpress free contact form,0,1,0,27
wordpress full course,0,1,0,9
wordpress generate posts with gemini,0,2,0,11.5
wordpress get featured image url,0,23,0,7.260869565217392
wordpress google seo plugin,0,7,0,53.57142857142857
wordpress google speed optimization,0,1,0,64
wordpress growth,0,1,0,4
wordpress hardening checklist,0,5,0,4.4
wordpress high traffic,0,6,0,85.16666666666667
wordpress how to backup,0,1,0,49
wordpress how to backup database,0,1,0,57
wordpress how to export users,0,1,0,21
wordpress imagen destacada,0,2,0,10
wordpress import,0,6,0,20.333333333333332
wordpress import categories,0,3,0,6.333333333333333
wordpress import csv,0,13,0,7.3076923076923075
wordpress import csv plugin,0,2,0,10.5
wordpress import export,0,5,0,10.4
wordpress import page,0,12,0,2.5
wordpress import pages,0,16,0,4.875
wordpress import posts from csv,0,2,0,12
wordpress import posts with featured images,0,2,0,9
wordpress import tags,0,3,0,6
wordpress import users,0,3,0,26.333333333333332
wordpress import users from csv,0,6,0,14.166666666666666
wordpress importer,0,11,0,10.454545454545455
wordpress importer plugin,0,1,0,48
wordpress importer 使い方,0,1,0,5
wordpress improve page speed,0,3,0,64
wordpress install page,0,1,0,5
wordpress is not scalable,0,1,0,35
wordpress leads,0,1,0,26
wordpress maintenance checklist,0,1,0,2
wordpress maintenance checklist new york,0,1,0,2
wordpress maintenance tasks,0,1,0,91
wordpress media_sideload_image documentation,0,1,0,11
wordpress meta box,0,1,0,8
wordpress migrate pages,0,7,0,10.714285714285714
wordpress monthly maintenance,0,2,0,86.5
wordpress monthly maintenance checklist,0,3,0,10.333333333333334
wordpress multipurpose theme,0,1,0,43
wordpress online shop,0,1,0,52
wordpress online store,0,10,0,35.2
wordpress online stores,0,2,0,47
wordpress optimisation plugin,0,4,0,28.5
wordpress optimisation plugins,0,2,0,41
wordpress optimization plugin,0,28,0,60.17857142857143
wordpress optimization plugins,0,2,0,65
wordpress optimizer plugin,0,1,0,49
wordpress page backup,0,1,0,63
wordpress page speed,0,1,0,96
wordpress page speed optimization,0,7,0,85.71428571428571
wordpress page speed optimization plugin,0,1,0,46
wordpress pagespeed optimization,0,1,0,82
wordpress performance optimization best practices,0,13,0,82.92307692307692
wordpress performance plugin,0,5,0,68.8
wordpress performance plugins,0,9,0,69.44444444444444
wordpress plugin advanced custom fields,0,2,0,5
wordpress plugin for seo,0,16,0,67.9375
wordpress plugin for speed optimization,0,2,0,37.5
wordpress plugin optimize speed,0,1,0,81
wordpress plugin performance,0,2,0,49
wordpress plugin polylang,0,2,0,21
wordpress plugin seo,0,27,0,71.74074074074075
wordpress plugin to import faq,0,30,0,43.53333333333333
wordpress plugin ultimate member,0,1,0,23
wordpress plugins for seo,0,12,0,78.75
wordpress plugins seo,0,12,0,77.66666666666667
wordpress polylang,0,1,0,21
wordpress post export,0,1,0,1
wordpress post import,0,1,0,10
wordpress post-hack security,0,3,0,44.666666666666664
wordpress productivity plugin,0,3,0,31
wordpress restore,0,1,0,1
wordpress restore backup,0,20,0,25.2
wordpress restore from backup,0,1,0,37
wordpress scalability,0,9,0,49.111111111111114
wordpress scalable site,0,1,0,1
wordpress scaling,0,6,0,68.83333333333333
wordpress schedule imports from google sheets,0,1,0,39
wordpress search engine optimization plugin,0,1,0,70
wordpress security best practices,0,5,0,69.6
wordpress security best practices 2025,0,6,0,1.5
wordpress security checklist,0,44,0,15.022727272727273
wordpress security guide,0,20,0,70.1
wordpress seo,0,480,0,57.302083333333336
wordpress seo advice,0,1,0,83
wordpress seo basics,0,6,0,66
wordpress seo best practices,0,1,0,89
wordpress seo for beginners,0,24,0,52.708333333333336
wordpress seo guide,0,6,0,68
wordpress seo guide for beginners,0,2,0,3
wordpress seo guidelines,0,1,0,65
wordpress seo help,0,8,0,84
wordpress seo how to,0,2,0,67.5
wordpress seo optimization plugin,0,19,0,69.6842105263158
wordpress seo optimization tips,0,1,0,71
wordpress seo optimization tutorial,0,3,0,62.333333333333336
wordpress seo plugin,0,88,0,70.31818181818181
wordpress seo plugin best,0,1,0,85
wordpress seo plugins,0,112,0,67.02678571428571
wordpress seo settings,0,3,0,48.333333333333336
wordpress seo software,0,37,0,75.21621621621621
wordpress seo strategies,0,1,0,87
wordpress seo strategy,0,2,0,97
wordpress seo tips,0,2,0,92.5
wordpress seo tips for beginners,0,1,0,78
wordpress seo tool,0,1,0,57
wordpress seo tools,0,42,0,72.95238095238095
wordpress seo tutorial,0,41,0,52
wordpress serialized data,0,5,0,10
wordpress set featured image programmatically,0,1,0,1
wordpress shop,0,3,0,20.666666666666668
wordpress shop online,0,1,0,27
wordpress site backups,0,1,0,67
wordpress site optimization,0,1,0,84
wordpress site optimization packages,0,2,0,72
wordpress site optimization plugin,0,2,0,64
wordpress site speed optimization,0,10,0,79.2
wordpress site speed tips,0,1,0,74
wordpress speed optimization plugin,0,17,0,23.294117647058822
wordpress speed optimization plugin free,0,1,0,47
wordpress speed optimization plugins,0,20,0,39.15
wordpress speed optimizer,0,1,0,88
wordpress speed plugin,0,10,0,61.2
wordpress speed plugins,0,1,0,30
wordpress speed up database queries,0,1,0,31
wordpress stock management,0,1,0,45
wordpress store,0,2,0,24.5
wordpress to excel,0,4,0,25.75
wordpress user export,0,4,0,28.25
wordpress user import,0,4,0,19
wordpress web shop,0,1,0,48
wordpress web store,0,3,0,22
wordpress web vitals,0,1,0,47
wordpress website backup and recovery,0,1,0,34
wordpress website backup and restore,0,17,0,1
wordpress website optimization plugins,0,2,0,70.5
wordpress website recovery,0,2,0,57
wordpress website speed optimization plugin,0,2,0,46.5
wordpress woocommerce affiliate plugin,0,12,0,31.583333333333332
wordpress wp all import,0,1,0,40
wordpress wp cron php,0,2,0,21.5
wordpress wp-admin too many redirects,0,1,0,9
wordpress wp-cron.php,0,2,0,4.5
wordpress アイキャッチ画像,0,1,0,11
wordpress アイキャッチ画像 自動設定,0,1,0,19
wordpress アイキャッチ画像とは,0,2,0,12
wordpress インポート,0,12,0,2.666666666666667
wordpress インポートツール,0,5,0,9.4
wordpress エクスポート プラグイン,0,1,0,5
wordpress カスタムフィールド 追加,0,1,0,92
wordpress カスタム投稿,0,1,0,34
wordpress カスタム投稿 追加,0,4,0,5.5
wordpress テーマ エクスポート,0,1,0,2
wordpress 外部リンク,0,4,0,3.75
wordpress 投稿 エクスポート,0,3,0,4.666666666666666
wordpress 画像 リンク,0,6,0,4.833333333333334
wordpress 画像にリンクを貼る,0,3,0,8.666666666666668
wordpress 記事 エクスポート csv,0,3,0,3.6666666666666665
wordpress 記事エクスポート,0,1,0,10
wordpress 顧客管理システム,0,1,0,45
"wordpress's internal cron system is disabled via disable_wp_cron. please ensure a real cron job is set up, otherwise scheduled features like analytics may not work correctly.",0,1,0,9
wordpress-importer,0,2,0,9.5
wordpress-seo,0,2,0,43.5
wordpressseo,0,7,0,59.714285714285715
wordpress向けのai webサイトビルダー,0,1,0,63
wp all,0,1,0,2
wp all export acf,0,4,0,9.25
wp all export plugin author,0,2,0,11
wp all export pro gmail integration,0,1,0,72
wp all export pro google drive integration,0,12,0,83.16666666666667
wp all export pro integrations,0,12,0,47
wp all export wpml,0,1,0,15
wp all import,0,5,0,9
wp all import categories,0,1,0,21
wp all import featured image,0,1,0,24
wp all import free,0,1,0,18
wp all import free alternative,0,10,0,3
wp all import free vs pro,0,1,0,12
wp all import images,0,1,0,29
wp all import polylang,0,2,0,8.5
wp all import polylang add-on,0,1,0,8
wp all import pro,0,1,0,11
wp all import pro free,0,1,0,12
wp all import pro free download,0,8,0,9.625
wp all import pro plugin,0,2,0,6.5
wp all import pro woocommerce,0,1,0,49
wp all import rank math,0,1,0,9
wp all import variable products,0,1,0,27
wp all import woocommerce variable products,0,4,0,26
wp all import woocommerce variations,0,1,0,42
wp all import your server terminated the import process,0,1,0,44
wp all import カスタムフィールド,0,3,0,7.666666666666667
wp backup and restore,0,20,0,1
wp cli cron,0,1,0,7
wp control,0,1,0,45
wp create custom post type,0,1,0,50
wp cron,0,13,0,23.692307692307693
wp cron cli,0,1,0,6
wp cron is not working,0,2,0,17.5
wp cron job,0,2,0,24.5
wp cron php,0,1,0,4
wp cron wordpress,0,1,0,7
wp crontrol,0,8,0,13.25
wp csv,0,2,0,5
wp csv exporter,0,4,0,9
wp csv importer,0,9,0,5
wp db backup,0,1,0,91
wp ecommerce csv import,0,8,0,10
wp ecommerce to woocommerce migration,0,2,0,65
wp excel,0,1,0,11
wp export,0,2,0,7.5
wp export import,0,1,0,6
wp export posts,0,1,0,12
wp exporter,0,1,0,9
wp fastest cache vs wp optimize,0,1,0,49
wp imp exp,0,6,0,7.166666666666667
wp import export,0,14,0,13.714285714285714
wp import export lite 使い方,0,1,0,4
wp import export plugin,0,1,0,23
wp import export pro,0,1,0,7
wp import plugin,0,4,0,8.25
wp import pro,0,1,0,8
wp import – ultimate csv xml importer for wordpress,0,4,0,2.75
wp importer,0,13,0,7.615384615384615
wp media import,0,1,0,2
wp meta box,0,1,0,8
wp ml lifetime,0,2,0,31.5
wp online store,0,1,0,25
wp optimize database,0,1,0,45
wp options importer,0,1,0,2
wp performance plugin,0,3,0,74
wp rental plugin,0,1,0,80
wp rentals documentation,0,1,0,7
wp reviews export and import,0,2,0,4.5
wp rocket alternatives,0,1,0,98
wp rocket vs nitropack vs perfmatters,0,1,0,14
wp rocket vs perfmatters,0,1,0,64
wp schedule,0,1,0,2
wp seo plugin,0,2,0,64
wp seo plugins,0,3,0,73.33333333333333
wp seo tools,0,5,0,88.4
wp site importer,0,3,0,16.333333333333336
wp speed plugin,0,1,0,1
wp suites,0,1,0,97
wp super cache vs wp fastest cache,0,1,0,49
wp ultimate csv,0,2,0,2
wp ultimate csv importer pro free download,0,1,0,2
wp ultimate csv importer pro pricing,0,1,0,1
wp ultimate csv importer wordpress plugin,0,1,0,3
wp ultimate exporter,0,12,0,2.666666666666667
wp-cli user import-csv documentation,0,5,0,11
wp-cron,0,19,0,15.526315789473685
wp-cron php,0,1,0,51
wp-cron wordpress,0,1,0,2
wp-cron.php,0,15,0,14.333333333333334
wp-cron.php doing_wp_cron,0,1,0,6
wp-cron.php とは,0,7,0,6
wp-crontrol,0,1,0,6
wp_postmeta too large,0,1,0,16
wpcron,0,1,0,4
wpengine backup,0,4,0,89
wpengine backups,0,6,0,64
wpengine db acf plugin,0,1,0,2
wpml,0,28,0,7.857142857142857
wpml browser language redirect setting,0,1,0,8
wpml bulk translate events,0,19,0,30.210526315789473
wpml bulk translate woocommerce attributes,0,3,0,48.666666666666664
wpml bulk translate woocommerce categories,0,7,0,42.57142857142857
wpml change language code,0,1,0,6
wpml code,0,1,0,57
wpml couponcode,0,1,0,55
wpml crack,0,5,0,22.2
wpml discount,0,2,0,20
wpml discount code,0,1,0,20
wpml export,0,1,0,8
wpml flagged for later,0,2,0,10
wpml flags,0,1,0,11
wpml full form,0,1,0,11
wpml graphql,0,2,0,11
wpml import,0,4,0,8.5
wpml import product translations,0,2,0,11
wpml import wpml translations google sheets,0,9,0,44.44444444444444
wpml key,0,2,0,16
wpml key free,0,3,0,13.666666666666666
wpml language switcher,0,3,0,20.333333333333332
wpml language url format different languages in directories documentation,0,1,0,9
wpml lifetime,0,1,0,69
wpml lizenz crack,0,3,0,28.333333333333332
wpml login,0,1,0,11
wpml multilingual cms,0,9,0,8.222222222222221
wpml multilingual search,0,1,0,82
wpml requirements,0,1,0,10
wpml site key,0,4,0,7
wpml site key free,0,9,0,7.333333333333333
wpml vs multisite,0,3,0,89
wpml wordpress multilingual,0,1,0,49
wpml wordpress multisite,0,1,0,65
wpml wordpress.org,0,1,0,66
wpml yoast seo multilingual,0,1,0,73
wpml: unable to register: site key not matching,0,1,0,10
wpressファイル インポート,0,1,0,5
wpultimate,0,1,0,9
write steps to install wamp and configure php environment,0,5,0,8.4
wuamp,0,1,0,11
wwe affiliate program,0,1,0,2
www.seojobsonline.co,0,2,0,7
x theme cornerstone templates,0,2,0,66
x 画像 リンク表示,0,1,0,1
xamp,0,1,0,9
xamp para mac,0,1,0,7
xampp,0,4,0,9.5
xampp and wamp,0,3,0,7.333333333333333
xampp and wamp installation in php,0,4,0,3.5
xampp and wampp both install,0,6,0,4.666666666666666
xampp dan wamp,0,6,0,10.166666666666666
xampp descargar,0,1,0,10
xampp installation steps,0,2,0,5
xampp ioncube,0,1,0,6
xampp mysql,0,1,0,10
xampp mysql no inicia,0,1,0,4
xampp not installing on mac,0,1,0,4
xampp o wamp,0,6,0,6.5
xampp or wamp,0,1,0,19
xampp php 8.3,0,1,0,2
xampp php 8.3 download,0,1,0,2
xampp php8.4,0,1,0,2
xampp system requirements,0,2,0,14
xampp uac,0,1,0,34
xampp vs mamp,0,1,0,1
xampp vs wamp,0,5,0,34.2
xampp wamp,0,4,0,10.25
xampp windows11,0,3,0,7.666666666666667
xampp インストール,0,1,0,58
xampp インストール windows11,0,2,0,6
xampp/wamp,0,10,0,6.4
xamppインストール,0,1,0,57
xml file sample download,0,7,0,70.85714285714286
xml import wordpress,0,2,0,70
yoast seo polylang,0,3,0,7.333333333333333
zcoders pvt ltd,0,1,0,9
¿qué beneficios ofrece la personalización en las plataformas de ventas impulsadas por ia?,0,6,0,5.5
"¿qué formato utilizarías dentro de un entorno administrativo, que soporte datos para procesarse en hojas de cálculo y archivos masivos que pertenezcan a un tipo estándar?",0,1,0,1
“secure my wordpress site from hackers”,0,1,0,1
“xampp-osx-8.2.4-0-installer” not opened,0,5,0,4.6
このエレメントはインポートできません,0,1,0,3
インポート やり方,0,11,0,1
インポートやり方,0,2,0,1
データドリブン パーソナライゼーション ec,0,3,0,51.333333333333336
バックオーダー,0,13,0,1
バックオーダー とは,0,1,0,1
バックオーダーとは,0,24,0,1
パーソナライズ コマース,0,3,0,44.666666666666664
ローカライズされた値は許可されません。値はコードページ1252と互換性がある必要があります。,0,1,0,1
ワード プレス seo,0,4,0,46.25
ワードプレス ai,0,7,0,38.142857142857146
ワードプレス csv インポート,0,1,0,7
ワードプレス html,0,13,0,4.076923076923077
ワードプレス html 埋め込み,0,2,0,1.5
ワードプレス seo,0,6,0,61.666666666666664
ワードプレス アイキャッチ,0,5,0,11
ワードプレス アイキャッチ画像とは,0,2,0,13.5
ワードプレス 外部リンク,0,4,0,5
ワードプレス 画像にリンク,0,4,0,5.5
ワードプレス 読み込み,0,2,0,4.5
中小ビジネスのためのソーシャルメディアマーケティング,0,2,0,6.5
中小企業のためのソーシャルメディアマーケティング,0,2,0,3.5
写真をurlにする,0,5,0,3.6
写真をurlにする方法,0,3,0,1
既存サイト wordpress化,0,1,0,6
日本語で,0,1,0,1
画像 url 読み取り,0,5,0,1
画像url 取得 無料,0,1,0,4
画像からサイトに飛ぶ,0,1,0,1
画像にurlを埋め込む,0,1,0,1
画像のurl,0,2,0,1
画像をurlにしたい,0,1,0,4
画像を貼り付けて検索,0,1,0,1
画像アップロード url,0,1,0,3
画像リンク html,0,2,0,6
簡単在庫編集プラグイン,0,2,0,8
自動 フォローアップ メール ソフト,0,2,0,97
