Top pages,Clicks,Impressions,CTR,Position
https://www.smackcoders.com/,74,481,0.15384615384615385,7.214137214137214
https://www.smackcoders.com/wp-ultimate-csv-importer-pro.html,42,851,0.04935370152761457,6.153936545240893
https://www.smackcoders.com/ja/blog/add-external-urls-to-featured-images-wordpress.html,25,554,0.04512635379061372,5.8610108303249095
https://www.smackcoders.com/blog/wordpress-ultimate-csv-importer-csv-sample-files-and-updates.html,22,819,0.026862026862026864,12.134310134310134
https://www.smackcoders.com/blog/how-to-install-ioncube-loaders-simple-steps-for-various-hosting-types.html,13,761,0.017082785808147174,8.501971090670171
https://www.smackcoders.com/contact-us.html,13,224,0.05803571428571429,1.8839285714285714
https://www.smackcoders.com/ja/blog/export-import-advanced-custom-fields-csv-wordpress.html,12,117,0.10256410256410256,5.153846153846154
https://www.smackcoders.com/ja/blog/how-to-import-csv-file-in-wordpress.html,12,221,0.05429864253393665,13.538461538461538
https://www.smackcoders.com/blog/create-custom-taxonomies-with-acf.html,11,856,0.012850467289719626,6.607476635514018
https://www.smackcoders.com/blog/how-to-install-wamp-and-xampp.html,10,1261,0.007930214115781126,7.519429024583664
https://www.smackcoders.com/ja/documentation/wp-ultimate-csv-importer/import-wordpress-categories-and-tags,10,103,0.0970873786407767,5.106796116504855
https://www.smackcoders.com/ja/blog/import-export-custom-post-types-plugin-data.html,9,99,0.09090909090909091,3.515151515151515
https://www.smackcoders.com/blog/add-external-urls-to-featured-images-wordpress.html,8,754,0.010610079575596816,7.526525198938992
https://www.smackcoders.com/es/blog/como-instalar-wamp-y-xampp.html,8,697,0.011477761836441894,8.13916786226686
https://www.smackcoders.com/documentation/wp-ultimate-csv-importer-pro/import-and-export-nextgen-gallery-images,7,168,0.041666666666666664,17.160714285714285
https://www.smackcoders.com/ja/documentation/wp-ultimate-csv-importer/how-to-import-csv,7,110,0.06363636363636363,5.972727272727273
https://www.smackcoders.com/ja/wp-all-import-alternative.html,7,38,0.18421052631578946,4.868421052631579
https://www.smackcoders.com/about-us.html,6,251,0.02390438247011952,2.3187250996015933
https://www.smackcoders.com/documentation/wp-ultimate-csv-importer-pro/import-images-into-wordpress,6,224,0.026785714285714284,8.165178571428571
https://www.smackcoders.com/ja/blog/blog-create-and-import-custom-post-types-in-wordpress.html,6,199,0.03015075376884422,5.276381909547739
https://www.smackcoders.com/ja/blog/create-custom-taxonomies-with-acf.html,6,133,0.045112781954887216,5.428571428571429
https://www.smackcoders.com/ja/blog/enable-configure-wp-cron.html,6,167,0.03592814371257485,5.281437125748503
https://www.smackcoders.com/ja/blog/how-to-import-page-to-wordpress.html,6,270,0.022222222222222223,5.970370370370371
https://www.smackcoders.com/ja/documentation/wp-ultimate-csv-importer/acf-import,6,92,0.06521739130434782,5.315217391304348
https://www.smackcoders.com/ja/wp-ultimate-csv-importer-pro.html,6,62,0.0967741935483871,3.661290322580645
https://www.smackcoders.com/documentation/wp-ultimate-csv-importer-pro/import-wordpress-categories-and-tags,5,250,0.02,8.792
https://www.smackcoders.com/es/blog/como-importar-archivos-csv-a-wordpress-de-manera-eficiente.html,5,95,0.05263157894736842,5.431578947368421
https://www.smackcoders.com/ja/documentation/wp-ultimate-csv-importer/import-data-from-excel-to-wordpress,5,46,0.10869565217391304,4.434782608695652
https://www.smackcoders.com/blog/create-a-multilingual-website-with-wpml.html,4,236,0.01694915254237288,11.741525423728813
https://www.smackcoders.com/blog/enable-configure-wp-cron.html,4,384,0.010416666666666666,14.671875
https://www.smackcoders.com/blog/how-to-import-csv-file-in-wordpress-without-plugin.html,4,398,0.010050251256281407,8.741206030150753
https://www.smackcoders.com/es/blog/importar-productos-variables-a-woocommerce-usando-ultimate-csv-importer.html,4,75,0.05333333333333334,15.853333333333333
https://www.smackcoders.com/ja/blog/how-to-export-wordpress-users.html,4,47,0.0851063829787234,5.212765957446808
https://www.smackcoders.com/ja/documentation/wp-ultimate-csv-importer/import-images-into-wordpress,4,49,0.08163265306122448,5.285714285714286
https://www.smackcoders.com/blog/best-woocommerce-affiliate-plugins.html,3,390,0.007692307692307693,25.735897435897435
https://www.smackcoders.com/blog/how-to-import-page-to-wordpress.html,3,618,0.0048543689320388345,9
https://www.smackcoders.com/deals.html,3,43,0.06976744186046512,8.186046511627907
https://www.smackcoders.com/documentation/wp-ultimate-csv-importer-pro/acf-import,3,198,0.015151515151515152,7.96969696969697
https://www.smackcoders.com/documentation/wp-ultimate-csv-importer-pro/import-serialized-fields-data,3,56,0.05357142857142857,6.5
https://www.smackcoders.com/documentation/wp-ultimate-csv-importer-pro/jet-engine-data-import,3,316,0.00949367088607595,8.655063291139241
https://www.smackcoders.com/documentation/wp-ultimate-csv-importer-pro/polylang-multilingual-content-import-export,3,177,0.01694915254237288,15.836158192090396
https://www.smackcoders.com/es/blog/creacion-de-taxonomias-personalizadas-con-el-complemento-acf-una-guia-paso-a-paso.html,3,75,0.04,6.88
https://www.smackcoders.com/es/blog/ejemplos-de-archivos-csv-y-xml-para-la-importacion-de-prueba-wp-ultimate-csv-xml-importer.html,3,187,0.016042780748663103,3.9518716577540105
https://www.smackcoders.com/es/blog/importar-y-exportar-clientes-de-woocommerce.html,3,95,0.031578947368421054,10.91578947368421
https://www.smackcoders.com/ja/blog/create-custom-fields-with-acf-in-wordpress.html,3,82,0.036585365853658534,7.2439024390243905
https://www.smackcoders.com/ja/blog/how-to-import-csv-file-in-wordpress-without-plugin.html,3,17,0.17647058823529413,4.235294117647059
https://www.smackcoders.com/wordpress.html,3,285,0.010526315789473684,3.1228070175438596
https://www.smackcoders.com/blog/ai-generated-wordpress-content-import.html,2,139,0.014388489208633094,8.640287769784173
https://www.smackcoders.com/blog/create-and-import-custom-post-types-in-wordpress.html,2,514,0.0038910505836575876,12.990272373540856
https://www.smackcoders.com/blog/export-import-advanced-custom-fields-csv-wordpress.html,2,850,0.002352941176470588,8.910588235294117
https://www.smackcoders.com/blog/export-import-single-wordpress-post-page-product.html,2,285,0.007017543859649123,10.456140350877194
https://www.smackcoders.com/blog/import-export-gravity-forms-entries.html,2,342,0.005847953216374269,17.859649122807017
https://www.smackcoders.com/blog/import-woocommerce-products-with-custom-fields.html,2,62,0.03225806451612903,7.338709677419355
https://www.smackcoders.com/blog/optimize-wordpress-database-for-large-sites.html,2,180,0.011111111111111112,9.316666666666666
https://www.smackcoders.com/documentation/wp-ultimate-csv-importer-pro/how-to-import-csv,2,120,0.016666666666666666,11.675
https://www.smackcoders.com/documentation/wp-ultimate-csv-importer-pro/how-to-import-variable-products-in-woocommerce,2,292,0.00684931506849315,13.414383561643836
https://www.smackcoders.com/documentation/wp-ultimate-csv-importer-pro/import-export-user-members,2,211,0.009478672985781991,13.203791469194313
https://www.smackcoders.com/documentation/wp-ultimate-csv-importer-pro/import-export-users-with-multiple-user-roles,2,24,0.08333333333333333,7.166666666666667
https://www.smackcoders.com/es/blog/como-habilitar-y-configurar-wp-cron.html,2,122,0.01639344262295082,5.540983606557377
https://www.smackcoders.com/es/blog/como-instalar-cargadores-ioncube-para-varios-tipos-de-alojamiento.html,2,143,0.013986013986013986,4.979020979020979
https://www.smackcoders.com/es/blog/importar-productos-de-woocommerce-con-campos-personalizados.html,2,74,0.02702702702702703,4.95945945945946
https://www.smackcoders.com/ja/blog/how-to-install-wamp-and-xampp.html,2,115,0.017391304347826087,6.843478260869565
https://www.smackcoders.com/ja/blog/import-woocommerce-products-with-custom-fields.html,2,11,0.18181818181818182,5.363636363636363
https://www.smackcoders.com/ja/documentation/wp-ultimate-csv-importer/custom-field-suite-import,2,10,0.2,5.1
https://www.smackcoders.com/ja/documentation/wp-ultimate-csv-importer/how-to-import-variable-products-in-woocommerce,2,26,0.07692307692307693,4.115384615384615
https://www.smackcoders.com/ja/documentation/wp-ultimate-exporter/wordpress-exporter-guide,2,68,0.029411764705882353,6.117647058823529
https://www.smackcoders.com/manage-large-wordpress-sites-without-slowing-down.html,2,32,0.0625,4.46875
https://www.smackcoders.com/support.html,2,128,0.015625,3.5546875
https://www.smackcoders.com/wp-all-import-alternative.html,2,192,0.010416666666666666,15.625
https://www.smackcoders.com/aio-wp-media-library-manager.html,1,2,0.5,12.5
https://www.smackcoders.com/blog/advanced-techniques-for-wordpress-import-and-export.html,1,409,0.0024449877750611247,15.496332518337407
https://www.smackcoders.com/blog/create-a-form-in-wordpress-without-plugins.html,1,58,0.017241379310344827,31.413793103448278
https://www.smackcoders.com/blog/create-an-online-store-with-wordpress.html,1,238,0.004201680672268907,33.36134453781513
https://www.smackcoders.com/blog/how-to-export-wordpress-users.html,1,246,0.0040650406504065045,10.317073170731707
https://www.smackcoders.com/blog/import-export-custom-post-types-plugin-data.html,1,81,0.012345679012345678,9.975308641975309
https://www.smackcoders.com/blog/import-export-elementor-as-csv.html,1,65,0.015384615384615385,9.753846153846155
https://www.smackcoders.com/blog/import-posts-or-products-from-excel-to-wordpress.html,1,86,0.011627906976744186,15.255813953488373
https://www.smackcoders.com/blog/mastering-wpml-language-localization.html,1,356,0.0028089887640449437,9.02808988764045
https://www.smackcoders.com/blog/polylang-import-translation-guide.html,1,171,0.005847953216374269,10.216374269005849
https://www.smackcoders.com/blog/wordpress-backup-restore-strategy.html,1,100,0.01,9.24
https://www.smackcoders.com/blog/wordpress-database-optimization.html,1,139,0.007194244604316547,12.719424460431656
https://www.smackcoders.com/documentation/wordpress-leads-builder-for-any-crm-pro/lead-builder-for-any-crm,1,21,0.047619047619047616,20.952380952380953
https://www.smackcoders.com/documentation/wp-ultimate-csv-importer-pro/custom-field-suite-import,1,63,0.015873015873015872,8.095238095238095
https://www.smackcoders.com/documentation/wp-ultimate-csv-importer-pro/import-business-directory-listings-in-wordpress,1,51,0.0196078431372549,7.2745098039215685
https://www.smackcoders.com/documentation/wp-ultimate-csv-importer-pro/import-data-from-excel-to-wordpress,1,91,0.01098901098901099,15.131868131868131
https://www.smackcoders.com/documentation/wp-ultimate-csv-importer-pro/import-woocommerce-customers,1,56,0.017857142857142856,52.80357142857143
https://www.smackcoders.com/documentation/wp-ultimate-csv-importer-pro/learnpress-data-import,1,90,0.011111111111111112,13.28888888888889
https://www.smackcoders.com/documentation/wp-ultimate-csv-importer-pro/rankmath-data-import-and-export,1,612,0.0016339869281045752,9.120915032679738
https://www.smackcoders.com/documentation/wp-ultimate-csv-importer-pro/wordpress-export-import-single-page,1,32,0.03125,10.28125
https://www.smackcoders.com/documentation/wp-ultimate-csv-importer-pro/wpml-multilingual-import,1,49,0.02040816326530612,21.408163265306122
https://www.smackcoders.com/es/blog/funciones-avanzadas-de-polylang-para-sitios-web-multilingues.html,1,68,0.014705882352941176,9
https://www.smackcoders.com/es/blog/ia-en-wordpress.html,1,52,0.019230769230769232,9.692307692307692
https://www.smackcoders.com/es/documentation/wp-exportador-definitivo/introduccion-exportador-definitivo,1,75,0.013333333333333334,7.8
https://www.smackcoders.com/es/documentation/wp-ultimate-csv-importer-pro/guia-de-solucion-de-problemas,1,8,0.125,8.25
https://www.smackcoders.com/es/documentation/wp-ultimate-csv-importer-pro/importacion-multilingue-de-wp,1,1,1,6
https://www.smackcoders.com/es/documentation/wp-ultimate-csv-importer-pro/importar-y-exportar-datos-lms-en-wordpress,1,13,0.07692307692307693,6.769230769230769
https://www.smackcoders.com/es/documentation/wp-ultimate-csv-importer-pro/importar-y-exportar-listados-y-propietarios-en-wp-rentals,1,1,1,4
https://www.smackcoders.com/es/documentation/wp-ultimate-csv-importer-pro/introduccion-al-plugin-de-wordpress-ultimate-csv-xml-importer,1,25,0.04,3.72
https://www.smackcoders.com/es/wp-ultimate-csv-importer-pro.html,1,20,0.05,6.15
https://www.smackcoders.com/es/wp-ultimate-csv-importer-pro/caracteristicas.html,1,2,0.5,4
https://www.smackcoders.com/ja,1,12,0.08333333333333333,2.5
https://www.smackcoders.com/ja/blog/create-a-multilingual-website-with-wpml.html,1,59,0.01694915254237288,7.627118644067797
https://www.smackcoders.com/ja/blog/enable-configure-wp-cron.html#word-press-cron-job-or-wp-cron-not-working,1,75,0.013333333333333334,6.48
https://www.smackcoders.com/ja/blog/export-woocommerce-orders-to-google-sheets.html,1,10,0.1,5.5
https://www.smackcoders.com/ja/blog/import-and-export-woocommerce-customers.html,1,19,0.05263157894736842,6.842105263157895
https://www.smackcoders.com/ja/blog/wordpress-ultimate-csv-importer-csv-sample-files-and-updates.html,1,42,0.023809523809523808,3.3095238095238093
https://www.smackcoders.com/ja/documentation/wp-ultimate-csv-importer/import-and-export-wordpress-users,1,68,0.014705882352941176,6.205882352941177
https://www.smackcoders.com/ja/documentation/wp-ultimate-csv-importer/import-export-user-members,1,33,0.030303030303030304,6.212121212121212
https://www.smackcoders.com/ja/documentation/wp-ultimate-csv-importer/import-serialized-fields-data,1,1,1,2
https://www.smackcoders.com/ja/documentation/wp-ultimate-csv-importer/meta-box-custom-field-cloneable,1,36,0.027777777777777776,7.583333333333333
https://www.smackcoders.com/ja/documentation/wp-ultimate-csv-importer/migrate-wordpress-and-woocommerce-data,1,9,0.1111111111111111,7.555555555555555
https://www.smackcoders.com/ja/easy-inventory-and-stock-manager-for-woocommerce.html,1,12,0.08333333333333333,8
https://www.smackcoders.com/ja/wp-ultimate-csv-importer-pro/features.html,1,5,0.2,3
https://www.smackcoders.com/wp-ultimate-csv-importer-pro/import-wpml-multilingual-content.html,1,144,0.006944444444444444,14.368055555555555
https://www.smackcoders.com/blog.html,0,14,0,6.928571428571429
https://www.smackcoders.com/blog.html/2?utm_source=web&utm_campaign=wp_org&utm_medium=readme,0,4,0,2.5
https://www.smackcoders.com/blog/a-guide-to-wordpress-caching.html,0,28,0,6.142857142857143
https://www.smackcoders.com/blog/add-external-urls-to-featured-images-wordpress.html#frequently-asked-questions,0,9,0,8.333333333333332
https://www.smackcoders.com/blog/add-external-urls-to-featured-images-wordpress.html#how-to-add-external-url-links-to-word-press-posts-pages,0,97,0,7.175257731958763
https://www.smackcoders.com/blog/add-external-urls-to-featured-images-wordpress.html#importing-bulk-external-ur-ls-to-featured-images-in-word-press-posts-pages-and-custom-posts,0,77,0,7.233766233766234
https://www.smackcoders.com/blog/add-external-urls-to-featured-images-wordpress.html#word-press-set-featured-images-from-url-programmatically,0,31,0,7.419354838709677
https://www.smackcoders.com/blog/advanced-techniques-for-wordpress-import-and-export.html#exporting-your-self-hosted-word-press-website-content,0,8,0,8.375
https://www.smackcoders.com/blog/advanced-techniques-for-wordpress-import-and-export.html#importing-word-press-data-to-a-new-host,0,1,0,11
https://www.smackcoders.com/blog/advanced-techniques-for-wordpress-import-and-export.html#manual-export-via-word-press-tools,0,1,0,11
https://www.smackcoders.com/blog/advanced-techniques-for-wordpress-import-and-export.html#manual-import-via-word-press-tools,0,1,0,11
https://www.smackcoders.com/blog/advanced-techniques-for-wordpress-import-and-export.html#pros-and-cons-of-each-plugin,0,1,0,11
https://www.smackcoders.com/blog/advanced-techniques-for-wordpress-import-and-export.html#step-by-step-guide-for-each-plugin,0,1,0,11
https://www.smackcoders.com/blog/advanced-techniques-for-wordpress-import-and-export.html#word-press-import-export-plugins,0,8,0,8.375
https://www.smackcoders.com/blog/ai-in-wordpress.html,0,82,0,17.76829268292683
https://www.smackcoders.com/blog/ai-in-wordpress.html#11-best-ways-to-use-ai-in-word-press,0,8,0,8.625
https://www.smackcoders.com/blog/ai-in-wordpress.html#build-and-design-a-website,0,8,0,8.625
https://www.smackcoders.com/blog/ai-in-wordpress.html#top-ai-word-press-plugins,0,8,0,8.625
https://www.smackcoders.com/blog/ai-powered-personalization-for-ecommerce.html,0,5,0,5.6
https://www.smackcoders.com/blog/ai-wordpress-security.html,0,31,0,6.903225806451613
https://www.smackcoders.com/blog/best-multipurpose-wordpress-themes.html,0,63,0,20.11111111111111
https://www.smackcoders.com/blog/best-practices-for-wordpress-sites.html,0,130,0,9.784615384615385
https://www.smackcoders.com/blog/best-woocommerce-affiliate-plugins.html#10-best-woo-commerce-affiliate-plugins-2025,0,3,0,11
https://www.smackcoders.com/blog/best-woocommerce-affiliate-plugins.html#benefits-of-running-an-affiliate-program-for-woo-commerce-stores,0,3,0,11
https://www.smackcoders.com/blog/best-woocommerce-affiliate-plugins.html#maximize-your-woo-commerce-affiliate-programs-success,0,3,0,11
https://www.smackcoders.com/blog/best-wordpress-speed-optimization-plugins.html,0,355,0,32.83943661971831
https://www.smackcoders.com/blog/best-wordpress-speed-optimization-plugins.html#best-word-press-speed-optimization-plugins,0,1,0,2
https://www.smackcoders.com/blog/best-wordpress-speed-optimization-plugins.html#free-and-excellent-options,0,1,0,2
https://www.smackcoders.com/blog/best-wordpress-speed-optimization-plugins.html#top-choices-for-most-users,0,1,0,2
https://www.smackcoders.com/blog/create-a-multilingual-website-with-wpml.html#installing-wpml,0,7,0,8.142857142857142
https://www.smackcoders.com/blog/create-a-multilingual-website-with-wpml.html#requirements-of-wpml-plugin,0,2,0,8.5
https://www.smackcoders.com/blog/create-a-multilingual-website-with-wpml.html#steps-to-register-with-site-key-in-wpml,0,6,0,7.666666666666667
https://www.smackcoders.com/blog/create-a-multilingual-website-with-wpml.html#why-use-wpml-to-create-a-multilingual-website-in-word-press,0,7,0,8.142857142857142
https://www.smackcoders.com/blog/create-an-online-store-with-wordpress.html#step-1-choose-the-right-hosting-this-is-your-foundation,0,2,0,7
https://www.smackcoders.com/blog/create-an-online-store-with-wordpress.html#step-2-install-word-press-in-minutes,0,7,0,8.428571428571429
https://www.smackcoders.com/blog/create-an-online-store-with-wordpress.html#step-3-choose-the-perfect-theme,0,2,0,7
https://www.smackcoders.com/blog/create-an-online-store-with-wordpress.html#step-4-customize-your-site-with-elementor,0,2,0,7
https://www.smackcoders.com/blog/create-an-online-store-with-wordpress.html#step-5-set-up-woo-commerce,0,3,0,8.666666666666668
https://www.smackcoders.com/blog/create-an-online-store-with-wordpress.html#why-pick-word-press-for-your-store,0,6,0,7.833333333333333
https://www.smackcoders.com/blog/create-and-import-custom-post-types-in-wordpress.html#how-to-export-custom-post-types-in-word-press-using-the-ultimate-csv-importer,0,1,0,8
https://www.smackcoders.com/blog/create-and-import-custom-post-types-in-wordpress.html#most-popular-third-party-plugin-for-custom-post-types,0,1,0,8
https://www.smackcoders.com/blog/create-and-import-custom-post-types-in-wordpress.html#ultimate-csv-importer-word-press-import-csv-to-custom-post-types,0,53,0,6.981132075471698
https://www.smackcoders.com/blog/create-and-import-custom-post-types-in-wordpress.html#what-is-custom-post-type-in-word-press,0,53,0,6.981132075471698
https://www.smackcoders.com/blog/create-and-import-custom-post-types-in-wordpress.html#why-do-we-need-custom-post-types,0,1,0,8
https://www.smackcoders.com/blog/enable-configure-wp-cron.html#hooking-wp-cron-in-the-task-scheduler,0,21,0,6.238095238095238
https://www.smackcoders.com/blog/enable-configure-wp-cron.html#is-word-press-cron-enabled-how-to-enable-word-press-cron,0,33,0,6.393939393939394
https://www.smackcoders.com/blog/enable-configure-wp-cron.html#mac-linux,0,46,0,6.478260869565218
https://www.smackcoders.com/blog/enable-configure-wp-cron.html#word-press-cron-job-or-wp-cron-not-working,0,39,0,6.717948717948718
https://www.smackcoders.com/blog/essential-steps-to-launch-a-wordpress-site-the-right-way.html,0,3,0,27.333333333333332
https://www.smackcoders.com/blog/export-import-advanced-custom-fields-csv-wordpress.html#acf-field-types-explained,0,104,0,8.432692307692307
https://www.smackcoders.com/blog/export-import-advanced-custom-fields-csv-wordpress.html#export-acf-fields-in-word-press-as-csv,0,148,0,8.20945945945946
https://www.smackcoders.com/blog/export-import-advanced-custom-fields-csv-wordpress.html#export-import-of-advanced-custom-fields-data-from-csv,0,158,0,8.088607594936708
https://www.smackcoders.com/blog/export-import-advanced-custom-fields-csv-wordpress.html#import-acf-fields-in-word-press-from-csv,0,94,0,7.957446808510638
https://www.smackcoders.com/blog/export-import-advanced-custom-fields-csv-wordpress.html#wp-ultimate-csv-importer-pro,0,29,0,9.275862068965518
https://www.smackcoders.com/blog/export-import-single-wordpress-post-page-product.html#exciting-enhancements-in-wp-ultimate-csv-importer-pro-8-1,0,6,0,7.333333333333333
https://www.smackcoders.com/blog/export-import-single-wordpress-post-page-product.html#key-benefits-of-this-feature,0,7,0,8
https://www.smackcoders.com/blog/export-import-single-wordpress-post-page-product.html#key-features-of-single-post-csv-import-export,0,58,0,9.224137931034482
https://www.smackcoders.com/blog/export-import-single-wordpress-post-page-product.html#why-do-you-need-to-export-and-import-single-post-page-custom-post-record,0,59,0,9.271186440677965
https://www.smackcoders.com/blog/export-woocommerce-orders-to-google-sheets.html,0,203,0,53.19211822660098
https://www.smackcoders.com/blog/how-to-add-a-free-wordpress-contact-form.html,0,6,0,39
https://www.smackcoders.com/blog/how-to-export-wordpress-users.html#1-using-the-php-my-admin-method,0,1,0,8
https://www.smackcoders.com/blog/how-to-export-wordpress-users.html#2-using-the-wp-cli-command,0,1,0,8
https://www.smackcoders.com/blog/how-to-export-wordpress-users.html#4-third-party-services,0,37,0,8.567567567567568
https://www.smackcoders.com/blog/how-to-export-wordpress-users.html#how-to-export-word-press-users-with-wp-ultimate-csv-importer-plugin,0,37,0,8.567567567567568
https://www.smackcoders.com/blog/how-to-export-wordpress-users.html#methods-to-export-word-press-users,0,37,0,8.567567567567568
https://www.smackcoders.com/blog/how-to-export-wordpress-users.html#the-basics-of-user-export,0,1,0,8
https://www.smackcoders.com/blog/how-to-import-csv-file-in-wordpress-without-plugin.html#importing-different-data-types-without-a-plugin,0,39,0,7.153846153846154
https://www.smackcoders.com/blog/how-to-import-csv-file-in-wordpress-without-plugin.html#steps-for-importing-csv-to-word-press-without-a-plugin,0,100,0,7.64
https://www.smackcoders.com/blog/how-to-import-csv-file-in-wordpress-without-plugin.html#when-and-why-to-import-cs-vs-without-plugins,0,54,0,8.055555555555555
https://www.smackcoders.com/blog/how-to-import-csv-file-in-wordpress-without-plugin.html#wp-cli-for-advanced-users-2025,0,23,0,8.869565217391305
https://www.smackcoders.com/blog/how-to-import-csv-file-in-wordpress.html,0,139,0,12.66906474820144
https://www.smackcoders.com/blog/how-to-import-csv-file-in-wordpress.html#customizing-csv-imports-for-specific-needs,0,6,0,10.166666666666666
https://www.smackcoders.com/blog/how-to-import-csv-file-in-wordpress.html#enhancing-csv-file-imports,0,8,0,10.375
https://www.smackcoders.com/blog/how-to-import-csv-file-in-wordpress.html#exploring-csv-file-formats-and-delimiters,0,7,0,10.285714285714286
https://www.smackcoders.com/blog/how-to-import-csv-file-in-wordpress.html#introduction-to-csv-files-and-word-press,0,9,0,9.88888888888889
https://www.smackcoders.com/blog/how-to-import-csv-file-in-wordpress.html#methods-for-importing-csv-files,0,10,0,10
https://www.smackcoders.com/blog/how-to-import-csv-file-in-wordpress.html#performance-tips-for-large-imports-word-press-6-6,0,6,0,10.166666666666666
https://www.smackcoders.com/blog/how-to-import-csv-file-in-wordpress.html#plugins-for-csv-file-management,0,7,0,10.285714285714286
https://www.smackcoders.com/blog/how-to-import-page-to-wordpress.html#common-scenarios-and-methods-to-import-pages-into-word-press,0,194,0,6.072164948453608
https://www.smackcoders.com/blog/how-to-import-page-to-wordpress.html#step-by-step-import-word-press-pages-via-rest-api,0,194,0,6.072164948453608
https://www.smackcoders.com/blog/how-to-import-page-to-wordpress.html#types-of-pages-you-can-import,0,194,0,6.072164948453608
https://www.smackcoders.com/blog/how-to-restore-wordpress-site-from-backup.html,0,717,0,25.294281729428175
https://www.smackcoders.com/blog/how-to-restore-wordpress-site-from-backup.html#import-your-word-press-website-files,0,6,0,7.333333333333333
https://www.smackcoders.com/blog/how-to-restore-wordpress-site-from-backup.html#modern-backup-tools-recommended-plugins,0,6,0,7.333333333333333
https://www.smackcoders.com/blog/how-to-restore-wordpress-site-from-backup.html#points-to-be-remembered-before-importing-a-word-press-site-from-the-backup,0,8,0,7.125
https://www.smackcoders.com/blog/how-to-restore-wordpress-site-from-backup.html#restore-word-press-site-the-benefits,0,2,0,6.5
https://www.smackcoders.com/blog/import-and-export-woocommerce-customers.html,0,80,0,31.7125
https://www.smackcoders.com/blog/import-export-custom-post-types-plugin-data.html#about-the-custom-post-types-plugin,0,19,0,8.105263157894736
https://www.smackcoders.com/blog/import-export-custom-post-types-plugin-data.html#importing-custom-post-type-data,0,19,0,8.105263157894736
https://www.smackcoders.com/blog/import-export-elementor-as-csv.html#how-to-bulk-export-import-of-elementor-templates,0,5,0,8.2
https://www.smackcoders.com/blog/import-export-elementor-as-csv.html#how-to-export-and-import-content-designed-with-elementor,0,5,0,8.2
https://www.smackcoders.com/blog/import-export-gravity-forms-entries.html#how-to-export-gravity-forms-entries,0,4,0,10.5
https://www.smackcoders.com/blog/import-export-gravity-forms-entries.html#preparing-your-gravity-forms-entries-for-import,0,54,0,9.092592592592593
https://www.smackcoders.com/blog/import-export-gravity-forms-entries.html#step-by-step-guide-to-import-gravity-forms-entries,0,53,0,9.11320754716981
https://www.smackcoders.com/blog/import-export-gravity-forms-entries.html#why-import-gravity-forms-entries-into-word-press,0,4,0,10.5
https://www.smackcoders.com/blog/import-export-gravity-forms-entries.html#why-wp-ultimate-csv-importer-plugin-for-gravity-forms-entries-import-export,0,5,0,10
https://www.smackcoders.com/blog/import-export-listings-business-directory-plugins.html,0,153,0,9.254901960784315
https://www.smackcoders.com/blog/import-export-listings-business-directory-plugins.html#advanced-classifieds-directory-pro-listings-free-version,0,1,0,7
https://www.smackcoders.com/blog/import-export-listings-business-directory-plugins.html#how-to-import-listings-data,0,2,0,6.5
https://www.smackcoders.com/blog/import-export-listings-business-directory-plugins.html#why-use-wp-ultimate-csv-importer-for-your-directory-listings,0,1,0,7
https://www.smackcoders.com/blog/import-export-listings-business-directory-plugins.html#word-press-directory-plugins-you-can-use,0,1,0,6
https://www.smackcoders.com/blog/import-export-woocommerce-product-reviews.html,0,132,0,16.810606060606062
https://www.smackcoders.com/blog/import-export-woocommerce-product-reviews.html#how-to-import-product-reviews-into-woo-commerce,0,3,0,11
https://www.smackcoders.com/blog/import-export-woocommerce-product-reviews.html#how-to-set-up-product-reviews-in-woo-commerce,0,3,0,11
https://www.smackcoders.com/blog/import-export-woocommerce-product-reviews.html#what-is-woo-commerce-product-reviews,0,3,0,11
https://www.smackcoders.com/blog/import-variable-products-into-woocommerce.html,0,92,0,17.434782608695652
https://www.smackcoders.com/blog/import-variable-products-into-woocommerce.html#step-by-step-guide-to-importing-variations-for-woo-commerce-variable-products,0,1,0,8
https://www.smackcoders.com/blog/import-variable-products-into-woocommerce.html#woo-commerce-product-and-variations-import,0,1,0,8
https://www.smackcoders.com/blog/import-woocommerce-products-with-custom-fields.html#section-1-understanding-advanced-custom-fields-in-woo-commerce,0,3,0,8
https://www.smackcoders.com/blog/import-woocommerce-products-with-custom-fields.html#section-2-step-by-step-import-process,0,3,0,8.333333333333332
https://www.smackcoders.com/blog/import-woocommerce-products-with-custom-fields.html#step-1-preparing-your-csv-for-advanced-custom-fields,0,2,0,8.5
https://www.smackcoders.com/blog/import-woocommerce-products-with-custom-fields.html#step-2-import-your-woo-commerce-data-with-advanced-custom-fields,0,6,0,8.166666666666668
https://www.smackcoders.com/blog/import-woocommerce-products-with-custom-fields.html#what-acf-does,0,4,0,8
https://www.smackcoders.com/blog/import-yith-order-tracking-data-and-export-with-csv-importer.html,0,14,0,5.785714285714286
https://www.smackcoders.com/blog/improve-core-web-vitals-in-wordpress.html,0,45,0,11.933333333333334
https://www.smackcoders.com/blog/mastering-wpml-language-localization.html#how-to-change-flags-in-wpml,0,2,0,9.5
https://www.smackcoders.com/blog/mastering-wpml-language-localization.html#how-to-change-language-code,0,2,0,9
https://www.smackcoders.com/blog/mastering-wpml-language-localization.html#how-to-change-the-original-language-in-wpml,0,4,0,9.25
https://www.smackcoders.com/blog/migrate-shopify-to-woocommerce.html,0,196,0,46.86224489795919
https://www.smackcoders.com/blog/monthly-wordpress-maintenance-checklist.html,0,19,0,32.578947368421055
https://www.smackcoders.com/blog/onc-click-import-and-migrate-wordpress.html,0,3,0,6
https://www.smackcoders.com/blog/polylang-import-products-woocommerce.html,0,134,0,15.201492537313433
https://www.smackcoders.com/blog/polylang-import-products-woocommerce.html#how-to-import-translated-woo-commerce-variations-using-csv-importer,0,1,0,6
https://www.smackcoders.com/blog/polylang-import-products-woocommerce.html#how-to-import-woocommerce-orders-with-polylang-translations,0,24,0,5.416666666666667
https://www.smackcoders.com/blog/polylang-import-products-woocommerce.html#introduction,0,29,0,5.551724137931035
https://www.smackcoders.com/blog/polylang-import-products-woocommerce.html#step-by-step-guide-importing-woo-commerce-variations-with-polylang-translations,0,4,0,6.25
https://www.smackcoders.com/blog/polylang-import-products-woocommerce.html#steps-for-efficient-migration-import-woo-commerce-products-with-polylang-translations,0,29,0,5.551724137931035
https://www.smackcoders.com/blog/polylang-import-translation-guide.html#how-do-you-set-up-languages-on-a-word-press-site-using-polylang,0,1,0,8
https://www.smackcoders.com/blog/polylang-import-translation-guide.html#how-to-import-polylang-translated-content-in-your-multilingual-websites,0,29,0,4.551724137931035
https://www.smackcoders.com/blog/polylang-import-translation-guide.html#how-to-import-posts-and-pages-in-polylang-translation,0,30,0,4.666666666666666
https://www.smackcoders.com/blog/polylang-import-translation-guide.html#how-to-prepare-a-csv-to-import-the-content-of-polylang-translations,0,29,0,4.551724137931035
https://www.smackcoders.com/blog/polylang-plugin-for-wordpress.html,0,77,0,14.623376623376624
https://www.smackcoders.com/blog/ppom-for-woocommerce-import-export-custom-fields.html,0,116,0,7.913793103448276
https://www.smackcoders.com/blog/reduce-page-load-time-on-high-content-sites.html,0,59,0,13.830508474576272
https://www.smackcoders.com/blog/scale-wordpress-for-high-traffic.html,0,123,0,40.447154471544714
https://www.smackcoders.com/blog/scaling-woocommerce-manage-products-orders.html,0,126,0,7.476190476190476
https://www.smackcoders.com/blog/security-fix-for-wp-ultimate-csv-importer.html,0,3,0,3.6666666666666665
https://www.smackcoders.com/blog/speed-up-your-wordpress-website.html,0,298,0,69.75838926174497
https://www.smackcoders.com/blog/speed-up-your-wordpress-website.html#tip-1-choose-a-fast-and-lightweight-theme,0,2,0,3.5
https://www.smackcoders.com/blog/speed-up-your-wordpress-website.html#tip-2-use-a-caching-plugin,0,1,0,3
https://www.smackcoders.com/blog/speed-up-your-wordpress-website.html#tip-3-optimize-images,0,2,0,3.5
https://www.smackcoders.com/blog/speed-up-your-wordpress-website.html#tip-4-enable-lazy-loading,0,2,0,3.5
https://www.smackcoders.com/blog/speed-up-your-wordpress-website.html#tip-5-make-use-of-a-content-delivery-network-cdn,0,1,0,3
https://www.smackcoders.com/blog/speed-up-your-wordpress-website.html#tip-7-minimize-http-requests,0,1,0,3
https://www.smackcoders.com/blog/speed-up-your-wordpress-website.html#tip-8-limit-external-scripts,0,1,0,3
https://www.smackcoders.com/blog/ultimate-csv-importer-8-6-wp-rentals-serialized.html,0,3,0,9.333333333333334
https://www.smackcoders.com/blog/ultimate-csv-importer-pro-v8-2.html,0,16,0,13.375
https://www.smackcoders.com/blog/update-outdated-wordpress-plugins-data.html,0,4,0,10.25
https://www.smackcoders.com/blog/voice-search-optimization.html,0,11,0,8.818181818181818
https://www.smackcoders.com/blog/woocommerce-maintenance-tasks.html,0,7,0,8.285714285714285
https://www.smackcoders.com/blog/woocommerce-vs-magento-pros-and-cons.html,0,4,0,10.25
https://www.smackcoders.com/blog/wordpress-admin-productivity-hacks.html,0,22,0,11.590909090909092
https://www.smackcoders.com/blog/wordpress-popup-builders.html,0,25,0,22.72
https://www.smackcoders.com/blog/wordpress-security-checklist.html,0,191,0,17.2565445026178
https://www.smackcoders.com/blog/wordpress-seo-guide.html,0,877,0,61.68871151653364
https://www.smackcoders.com/blog/wordpress-seo-plugins.html,0,1150,0,68.81304347826087
https://www.smackcoders.com/blog/wordpress-ultimate-csv-importer-csv-sample-files-and-updates.html#sample-files-for-word-press-csv-xml-import,0,112,0,6.223214285714286
https://www.smackcoders.com/blog/wordpress-ultimate-csv-importer-csv-sample-files-and-updates.html#word-press-csv-import,0,112,0,6.223214285714286
https://www.smackcoders.com/blog/wordpress-ultimate-csv-importer-csv-sample-files-and-updates.html#word-press-xml-import,0,112,0,6.223214285714286
https://www.smackcoders.com/blog/wordpress-ultimate-csv-importer-csv-sample-files-and-updates.html#wp-ultimate-csv-importer-supported-plugins,0,6,0,6
https://www.smackcoders.com/blog/wordpress-user-role-management-master-guide.html,0,45,0,9.355555555555556
https://www.smackcoders.com/blog/wp-query-ultimate-csv-importer-pro.html,0,2,0,9
https://www.smackcoders.com/blog/wp-ultimate-csv-importer-8-7-update.html,0,2,0,5.5
https://www.smackcoders.com/blog/wp-ultimate-csv-importer-pro-price-update.html,0,13,0,8.692307692307693
https://www.smackcoders.com/documentation.html,0,30,0,3.6666666666666665
https://www.smackcoders.com/documentation/easy-inventory/easy-inventory-and-stock-manager,0,11,0,6.363636363636363
https://www.smackcoders.com/documentation/follow-up-email/follow-up-emails-plugin,0,6,0,5.666666666666667
https://www.smackcoders.com/documentation/woocommerce-to-shopify-integration/woocommerce-to-shopify-integration-authentication-setup,0,12,0,22.666666666666668
https://www.smackcoders.com/documentation/woocommerce-to-shopify-integration/woocommerce-to-shopify-integration-plugin,0,3,0,8
https://www.smackcoders.com/documentation/wordpress-leads-builder-for-any-crm-pro/e-commerce-integration,0,4,0,2.5
https://www.smackcoders.com/documentation/wp-ultimate-csv-importer-pro/acf-import#0-toc-title,0,24,0,6.5
https://www.smackcoders.com/documentation/wp-ultimate-csv-importer-pro/acf-import#1-toc-title,0,24,0,6.5
https://www.smackcoders.com/documentation/wp-ultimate-csv-importer-pro/acf-import#2-toc-title,0,1,0,10
https://www.smackcoders.com/documentation/wp-ultimate-csv-importer-pro/acf-import#3-toc-title,0,25,0,6.64
https://www.smackcoders.com/documentation/wp-ultimate-csv-importer-pro/acf-import#4-toc-title,0,1,0,10
https://www.smackcoders.com/documentation/wp-ultimate-csv-importer-pro/advanced-import-filters,0,3,0,3.6666666666666665
https://www.smackcoders.com/documentation/wp-ultimate-csv-importer-pro/ai-integration,0,1,0,6
https://www.smackcoders.com/documentation/wp-ultimate-csv-importer-pro/bbpress-import-and-update,0,49,0,11.16326530612245
https://www.smackcoders.com/documentation/wp-ultimate-csv-importer-pro/export-wordpress-data-using-wp-query,0,51,0,8.509803921568627
https://www.smackcoders.com/documentation/wp-ultimate-csv-importer-pro/how-to-import-csv#0-toc-title,0,7,0,7.285714285714286
https://www.smackcoders.com/documentation/wp-ultimate-csv-importer-pro/how-to-import-csv#1-toc-title,0,2,0,6
https://www.smackcoders.com/documentation/wp-ultimate-csv-importer-pro/how-to-import-csv#2-toc-title,0,8,0,6.625
https://www.smackcoders.com/documentation/wp-ultimate-csv-importer-pro/how-to-import-csv#3-toc-title,0,7,0,7.285714285714286
https://www.smackcoders.com/documentation/wp-ultimate-csv-importer-pro/how-to-import-schedule-or-update,0,93,0,12.473118279569892
https://www.smackcoders.com/documentation/wp-ultimate-csv-importer-pro/how-to-import-schedule-or-update#0-toc-title,0,1,0,9
https://www.smackcoders.com/documentation/wp-ultimate-csv-importer-pro/how-to-import-schedule-or-update#1-toc-title,0,1,0,9
https://www.smackcoders.com/documentation/wp-ultimate-csv-importer-pro/how-to-import-schedule-or-update#3-toc-title,0,1,0,9
https://www.smackcoders.com/documentation/wp-ultimate-csv-importer-pro/how-to-import-variable-products-in-woocommerce#0-toc-title,0,48,0,8.791666666666668
https://www.smackcoders.com/documentation/wp-ultimate-csv-importer-pro/how-to-import-variable-products-in-woocommerce#1-toc-title,0,6,0,8.333333333333332
https://www.smackcoders.com/documentation/wp-ultimate-csv-importer-pro/how-to-import-variable-products-in-woocommerce#2-toc-title,0,48,0,8.791666666666668
https://www.smackcoders.com/documentation/wp-ultimate-csv-importer-pro/how-to-import-variable-products-in-woocommerce#3-toc-title,0,6,0,8.333333333333332
https://www.smackcoders.com/documentation/wp-ultimate-csv-importer-pro/how-to-import-variable-products-in-woocommerce#4-toc-title,0,6,0,8.333333333333332
https://www.smackcoders.com/documentation/wp-ultimate-csv-importer-pro/how-to-import-variable-products-in-woocommerce#5-toc-title,0,6,0,8.333333333333332
https://www.smackcoders.com/documentation/wp-ultimate-csv-importer-pro/how-to-import-woocommerce-orders,0,46,0,34.95652173913044
https://www.smackcoders.com/documentation/wp-ultimate-csv-importer-pro/import-and-export-listings-and-owners-in-wp-rentals,0,51,0,9.372549019607844
https://www.smackcoders.com/documentation/wp-ultimate-csv-importer-pro/import-and-export-lms-data,0,120,0,6.966666666666667
https://www.smackcoders.com/documentation/wp-ultimate-csv-importer-pro/import-and-export-nextgen-gallery-images#0-toc-title,0,14,0,2.642857142857143
https://www.smackcoders.com/documentation/wp-ultimate-csv-importer-pro/import-and-export-nextgen-gallery-images#1-toc-title,0,6,0,2.666666666666667
https://www.smackcoders.com/documentation/wp-ultimate-csv-importer-pro/import-and-export-nextgen-gallery-images#2-toc-title,0,14,0,2.642857142857143
https://www.smackcoders.com/documentation/wp-ultimate-csv-importer-pro/import-and-export-woocommerce-reviews,0,116,0,10.275862068965518
https://www.smackcoders.com/documentation/wp-ultimate-csv-importer-pro/import-and-export-woocommerce-reviews#0-toc-title,0,1,0,11
https://www.smackcoders.com/documentation/wp-ultimate-csv-importer-pro/import-and-export-woocommerce-reviews#1-toc-title,0,1,0,11
https://www.smackcoders.com/documentation/wp-ultimate-csv-importer-pro/import-and-export-woocommerce-reviews#2-toc-title,0,1,0,11
https://www.smackcoders.com/documentation/wp-ultimate-csv-importer-pro/import-and-export-wordpress-users,0,23,0,22.565217391304348
https://www.smackcoders.com/documentation/wp-ultimate-csv-importer-pro/import-events-into-wordpress,0,28,0,6.285714285714286
https://www.smackcoders.com/documentation/wp-ultimate-csv-importer-pro/import-export-acpt-fields-in-wordpress,0,45,0,6.355555555555555
https://www.smackcoders.com/documentation/wp-ultimate-csv-importer-pro/import-export-jetbookings-data,0,47,0,7.553191489361702
https://www.smackcoders.com/documentation/wp-ultimate-csv-importer-pro/import-images-into-wordpress#0-toc-title,0,21,0,7.0476190476190474
https://www.smackcoders.com/documentation/wp-ultimate-csv-importer-pro/import-images-into-wordpress#1-toc-title,0,21,0,7.0476190476190474
https://www.smackcoders.com/documentation/wp-ultimate-csv-importer-pro/import-jetreview-data-into-wordpress,0,23,0,8.73913043478261
https://www.smackcoders.com/documentation/wp-ultimate-csv-importer-pro/import-wordpress-categories-and-tags#0-toc-title,0,2,0,8.5
https://www.smackcoders.com/documentation/wp-ultimate-csv-importer-pro/import-wordpress-categories-and-tags#1-toc-title,0,33,0,7.787878787878788
https://www.smackcoders.com/documentation/wp-ultimate-csv-importer-pro/import-wordpress-categories-and-tags#2-toc-title,0,34,0,7.852941176470588
https://www.smackcoders.com/documentation/wp-ultimate-csv-importer-pro/import-wordpress-categories-and-tags#3-toc-title,0,33,0,7.787878787878788
https://www.smackcoders.com/documentation/wp-ultimate-csv-importer-pro/importer-faq,0,87,0,17.379310344827587
https://www.smackcoders.com/documentation/wp-ultimate-csv-importer-pro/importer-faq#5-toc-title,0,1,0,8
https://www.smackcoders.com/documentation/wp-ultimate-csv-importer-pro/importer-faq#8-toc-title,0,1,0,8
https://www.smackcoders.com/documentation/wp-ultimate-csv-importer-pro/iteration-based-import,0,14,0,5.357142857142857
https://www.smackcoders.com/documentation/wp-ultimate-csv-importer-pro/jet-engine-data-import#0-toc-title,0,12,0,5.833333333333333
https://www.smackcoders.com/documentation/wp-ultimate-csv-importer-pro/jet-engine-data-import#3-toc-title,0,12,0,5.833333333333333
https://www.smackcoders.com/documentation/wp-ultimate-csv-importer-pro/let-clients-export-wordpress-data,0,7,0,6.857142857142857
https://www.smackcoders.com/documentation/wp-ultimate-csv-importer-pro/meta-box-custom-field-cloneable,0,15,0,10.666666666666666
https://www.smackcoders.com/documentation/wp-ultimate-csv-importer-pro/meta-box-custom-field-cloneable#1-toc-title,0,1,0,9
https://www.smackcoders.com/documentation/wp-ultimate-csv-importer-pro/meta-box-custom-field-cloneable#4-toc-title,0,1,0,9
https://www.smackcoders.com/documentation/wp-ultimate-csv-importer-pro/metabox-import-export,0,57,0,7.491228070175438
https://www.smackcoders.com/documentation/wp-ultimate-csv-importer-pro/migrate-wordpress-and-woocommerce-data,0,27,0,39.74074074074074
https://www.smackcoders.com/documentation/wp-ultimate-csv-importer-pro/polylang-multilingual-content-import-export#0-toc-title,0,4,0,8.25
https://www.smackcoders.com/documentation/wp-ultimate-csv-importer-pro/polylang-multilingual-content-import-export#2-toc-title,0,4,0,8.25
https://www.smackcoders.com/documentation/wp-ultimate-csv-importer-pro/post-page-custompost-import,0,25,0,10.56
https://www.smackcoders.com/documentation/wp-ultimate-csv-importer-pro/rankmath-data-import-and-export#2-toc-title,0,18,0,6.611111111111111
https://www.smackcoders.com/documentation/wp-ultimate-csv-importer-pro/rankmath-data-import-and-export#5-toc-title,0,18,0,6.611111111111111
https://www.smackcoders.com/documentation/wp-ultimate-csv-importer-pro/seo-import,0,17,0,12.529411764705882
https://www.smackcoders.com/documentation/wp-ultimate-csv-importer-pro/seopress-import-export,0,34,0,18.970588235294116
https://www.smackcoders.com/documentation/wp-ultimate-csv-importer-pro/toolset-types-import,0,53,0,9.471698113207546
https://www.smackcoders.com/documentation/wp-ultimate-csv-importer-pro/troubleshooting-guide,0,103,0,6.572815533980583
https://www.smackcoders.com/documentation/wp-ultimate-csv-importer-pro/what-is-elementor-import-export,0,57,0,10.210526315789474
https://www.smackcoders.com/documentation/wp-ultimate-csv-importer-pro/woocommerces,0,59,0,13.254237288135593
https://www.smackcoders.com/documentation/wp-ultimate-csv-importer-pro/woocommerces#0-toc-title,0,1,0,7
https://www.smackcoders.com/documentation/wp-ultimate-csv-importer-pro/woocommerces#3-toc-title,0,1,0,7
https://www.smackcoders.com/documentation/wp-ultimate-csv-importer-pro/woocommerces#6-toc-title,0,1,0,7
https://www.smackcoders.com/documentation/wp-ultimate-exporter/wordpress-exporter-guide,0,14,0,10.571428571428571
https://www.smackcoders.com/easy-inventory-and-stock-manager-for-woocommerce.html,0,200,0,28.97
https://www.smackcoders.com/es,0,2,0,6.5
https://www.smackcoders.com/es/administrador-facil-de-inventario-y-stock-para-woocommerce.html,0,5,0,13.2
https://www.smackcoders.com/es/blog/acelera-tu-sitio-web-de-wordpress.html,0,22,0,61.13636363636363
https://www.smackcoders.com/es/blog/como-anadir-urls-externas-a-las-imagenes-destacadas-en-wordpress.html,0,249,0,6.9879518072289155
https://www.smackcoders.com/es/blog/como-anadir-urls-externas-a-las-imagenes-destacadas-en-wordpress.html#como-agregar-enlaces-url-externos-a-publicaciones-y-paginas-de-word-press,0,3,0,8.333333333333332
https://www.smackcoders.com/es/blog/como-anadir-urls-externas-a-las-imagenes-destacadas-en-wordpress.html#como-extraer-imagenes-destacadas-de-fifu-y-datos-de-texto-alternativo-de-word-press,0,2,0,8
https://www.smackcoders.com/es/blog/como-anadir-urls-externas-a-las-imagenes-destacadas-en-wordpress.html#como-obtener-url-de-imagenes-destacadas-en-publicaciones-paginas-de-word-press,0,3,0,6.333333333333333
https://www.smackcoders.com/es/blog/como-anadir-urls-externas-a-las-imagenes-destacadas-en-wordpress.html#como-ocultar-imagenes-destacadas-en-publicaciones-y-paginas-de-word-press,0,2,0,8
https://www.smackcoders.com/es/blog/como-anadir-urls-externas-a-las-imagenes-destacadas-en-wordpress.html#importacion-masiva-de-url-externas-a-imagenes-destacadas-en-publicaciones-paginas-y-publicaciones-personalizadas-de-word-press,0,4,0,7
https://www.smackcoders.com/es/blog/como-anadir-urls-externas-a-las-imagenes-destacadas-en-wordpress.html#instale-la-imagen-destacada-de-word-press-desde-el-complemento-url-fifu,0,2,0,8
https://www.smackcoders.com/es/blog/como-crear-e-importar-tipos-de-publicaciones-personalizadas-en-wordpress.html,0,4,0,6.5
https://www.smackcoders.com/es/blog/como-exportar-e-importar-campos-personalizados-avanzados.html,0,47,0,4.808510638297872
https://www.smackcoders.com/es/blog/como-exportar-e-importar-campos-personalizados-avanzados.html#acf-field-types-explained,0,2,0,2
https://www.smackcoders.com/es/blog/como-exportar-e-importar-campos-personalizados-avanzados.html#export-import-of-advanced-custom-fields-data-from-csv,0,1,0,2
https://www.smackcoders.com/es/blog/como-exportar-e-importar-campos-personalizados-avanzados.html#import-acf-fields-in-word-press-from-csv,0,1,0,2
https://www.smackcoders.com/es/blog/como-exportar-usuarios-de-wordpress-una-guia-paso-a-paso.html,0,36,0,10.88888888888889
https://www.smackcoders.com/es/blog/como-habilitar-y-configurar-wp-cron.html#hooking-wp-cron-in-the-task-scheduler,0,5,0,4.6
https://www.smackcoders.com/es/blog/como-habilitar-y-configurar-wp-cron.html#is-word-press-cron-enabled-how-to-enable-word-press-cron,0,9,0,5.222222222222222
https://www.smackcoders.com/es/blog/como-habilitar-y-configurar-wp-cron.html#mac-linux,0,14,0,5
https://www.smackcoders.com/es/blog/como-habilitar-y-configurar-wp-cron.html#word-press-cron-job-or-wp-cron-not-working,0,14,0,5
https://www.smackcoders.com/es/blog/como-importar-archivos-csv-a-wordpress-de-manera-eficiente.html#enhancing-csv-file-imports,0,5,0,3.8
https://www.smackcoders.com/es/blog/como-importar-archivos-csv-a-wordpress-de-manera-eficiente.html#introduction-to-csv-files-and-word-press,0,6,0,4.666666666666666
https://www.smackcoders.com/es/blog/como-importar-archivos-csv-a-wordpress-de-manera-eficiente.html#methods-for-importing-csv-files,0,8,0,4.625
https://www.smackcoders.com/es/blog/como-importar-archivos-csv-a-wordpress-de-manera-eficiente.html#troubleshooting-and-common-issues,0,5,0,4.8
https://www.smackcoders.com/es/blog/como-importar-archivos-csv-a-wordpress-de-manera-eficiente.html#understanding-the-basics,0,1,0,2
https://www.smackcoders.com/es/blog/como-instalar-wamp-y-xampp.html#pasos-para-importar-un-importador-de-csv,0,11,0,7.363636363636363
https://www.smackcoders.com/es/blog/como-instalar-wamp-y-xampp.html#por-que-xampp-y-wamp-son-esenciales-para-los-usuarios-importadores-de-csv,0,17,0,7.176470588235294
https://www.smackcoders.com/es/blog/como-instalar-wamp-y-xampp.html#procedimiento-de-instalacion,0,15,0,8.266666666666666
https://www.smackcoders.com/es/blog/como-instalar-wamp-y-xampp.html#servidor-xampp,0,19,0,7.473684210526316
https://www.smackcoders.com/es/blog/ejemplos-de-archivos-csv-y-xml-para-la-importacion-de-prueba-wp-ultimate-csv-xml-importer.html#archivos-de-muestra-para-la-importacion-de-csv-xml-de-word-press,0,3,0,8.666666666666668
https://www.smackcoders.com/es/blog/ejemplos-de-archivos-csv-y-xml-para-la-importacion-de-prueba-wp-ultimate-csv-xml-importer.html#importacion-csv-de-word-press,0,3,0,8.666666666666668
https://www.smackcoders.com/es/blog/exportar-importar-una-sola-publicacion.html,0,44,0,11.613636363636363
https://www.smackcoders.com/es/blog/exportar-importar-una-sola-publicacion.html#key-benefits-of-this-feature,0,3,0,10.333333333333334
https://www.smackcoders.com/es/blog/exportar-importar-una-sola-publicacion.html#why-do-you-need-to-export-and-import-single-post-page-custom-post-record,0,3,0,10.333333333333334
https://www.smackcoders.com/es/blog/importar-exportar-resenas-productos-woocommerce.html,0,63,0,31.174603174603174
https://www.smackcoders.com/es/blog/importar-paginas-a-wordpress-una-guia-util.html,0,172,0,8.470930232558139
https://www.smackcoders.com/es/blog/importar-productos-variables-a-woocommerce-usando-ultimate-csv-importer.html#exportacion-de-variaciones-de-woo-commerce-para-productos-variables,0,2,0,5.5
https://www.smackcoders.com/es/blog/importar-productos-variables-a-woocommerce-usando-ultimate-csv-importer.html#guia-paso-a-paso-para-importar-variaciones-para-productos-variables-de-woo-commerce,0,2,0,5.5
https://www.smackcoders.com/es/blog/migrar-shopify-a-woocommerce.html,0,68,0,52.294117647058826
https://www.smackcoders.com/es/blog/personalizacion-impulsada-por-ia.html,0,22,0,13.818181818181818
https://www.smackcoders.com/es/blog/plugins-de-afiliados-de-woocommerce.html,0,11,0,10.636363636363637
https://www.smackcoders.com/es/blog/plugins-de-afiliados-de-woocommerce.html#10-best-woo-commerce-affiliate-plugins-2025,0,1,0,9
https://www.smackcoders.com/es/blog/plugins-de-afiliados-de-woocommerce.html#benefits-of-running-an-affiliate-program-for-woo-commerce-stores,0,1,0,9
https://www.smackcoders.com/es/blog/plugins-de-afiliados-de-woocommerce.html#maximize-your-woo-commerce-affiliate-programs-success,0,1,0,9
https://www.smackcoders.com/es/blog/tecnicas-avanzadas-para-importar-y-exportar-wordpress.html,0,123,0,6.894308943089431
https://www.smackcoders.com/es/blog/tecnicas-avanzadas-para-importar-y-exportar-wordpress.html#exportacion-de-contenido-de-tu-sitio-de-word-press-autohospedado,0,15,0,5.2
https://www.smackcoders.com/es/blog/tecnicas-avanzadas-para-importar-y-exportar-wordpress.html#importacion-de-datos-de-word-press-a-un-nuevo-servidor,0,6,0,5.166666666666667
https://www.smackcoders.com/es/blog/tecnicas-avanzadas-para-importar-y-exportar-wordpress.html#plugins-de-importacion-exportacion-en-word-press,0,10,0,5.7
https://www.smackcoders.com/es/blog/tecnicas-avanzadas-para-importar-y-exportar-wordpress.html#tecnicas-avanzadas-y-mejores-practicas,0,1,0,10
https://www.smackcoders.com/es/blog/tienda-woocommerce-para-usuarios-moviles.html,0,5,0,4
https://www.smackcoders.com/es/blog/video-marketing-de-comercio-electronico.html,0,41,0,33.170731707317074
https://www.smackcoders.com/es/creador-de-leads-de-wordpress-para-cualquier-crm.html,0,12,0,9.916666666666666
https://www.smackcoders.com/es/documentation/creador-de-prospectos-de-wordpress-para-cualquier-profesional-de-crm/lead-builder-para-cualquier-crm-integracion-de-comercio-electronico,0,1,0,82
https://www.smackcoders.com/es/documentation/creador-de-prospectos-de-wordpress-para-cualquier-profesional-de-crm/preguntas-frecuentes-sobre-el-lead-builder-y-videos,0,6,0,9.333333333333334
https://www.smackcoders.com/es/documentation/creador-de-prospectos-de-wordpress-para-cualquier-profesional-de-crm/wp-lead-builder-para-cualquier-crm,0,6,0,15.833333333333334
https://www.smackcoders.com/es/documentation/wp-exportador-definitivo/introduccion-exportador-definitivo#2-toc-title,0,2,0,3.5
https://www.smackcoders.com/es/documentation/wp-exportador-definitivo/introduccion-exportador-definitivo#8-toc-title,0,2,0,3.5
https://www.smackcoders.com/es/documentation/wp-ultimate-csv-importer-pro,0,1,0,10
https://www.smackcoders.com/es/documentation/wp-ultimate-csv-importer-pro/como-importar-productos-variables-en-woocommerce,0,30,0,8.8
https://www.smackcoders.com/es/documentation/wp-ultimate-csv-importer-pro/exportacion-de-wordpress-importar-una-sola-pagina,0,18,0,62.77777777777778
https://www.smackcoders.com/es/documentation/wp-ultimate-csv-importer-pro/filtros-de-importacion,0,1,0,11
https://www.smackcoders.com/es/documentation/wp-ultimate-csv-importer-pro/importacion-de-csv-de-woocommerce,0,43,0,12.046511627906977
https://www.smackcoders.com/es/documentation/wp-ultimate-csv-importer-pro/importacion-de-custom-field-suite,0,2,0,7.5
https://www.smackcoders.com/es/documentation/wp-ultimate-csv-importer-pro/importacion-de-datos-de-learnpress,0,20,0,6.35
https://www.smackcoders.com/es/documentation/wp-ultimate-csv-importer-pro/importacion-de-datos-de-motores-a-reaccion,0,11,0,7
https://www.smackcoders.com/es/documentation/wp-ultimate-csv-importer-pro/importacion-seo-por-wp-ultimate-csv-importer,0,1,0,9
https://www.smackcoders.com/es/documentation/wp-ultimate-csv-importer-pro/importacion-y-actualizacion-avanzada-de-campos-personalizados,0,12,0,7.75
https://www.smackcoders.com/es/documentation/wp-ultimate-csv-importer-pro/importacion-y-exportacion-de-datos-de-rankmath,0,8,0,12.25
https://www.smackcoders.com/es/documentation/wp-ultimate-csv-importer-pro/importar-categorias-y-etiquetas-de-wordpress,0,20,0,5.5
https://www.smackcoders.com/es/documentation/wp-ultimate-csv-importer-pro/importar-clientes-de-woocommerce,0,27,0,70.14814814814815
https://www.smackcoders.com/es/documentation/wp-ultimate-csv-importer-pro/importar-datos-de-campos-serializados,0,1,0,2
https://www.smackcoders.com/es/documentation/wp-ultimate-csv-importer-pro/importar-datos-de-excel-a-wordpress,0,79,0,3.5822784810126582
https://www.smackcoders.com/es/documentation/wp-ultimate-csv-importer-pro/importar-datos-de-jetreview-a-wordpress,0,1,0,9
https://www.smackcoders.com/es/documentation/wp-ultimate-csv-importer-pro/importar-exportar-miembros-de-usuario,0,15,0,5.666666666666667
https://www.smackcoders.com/es/documentation/wp-ultimate-csv-importer-pro/importar-imagenes-en-wordpress,0,11,0,9.272727272727273
https://www.smackcoders.com/es/documentation/wp-ultimate-csv-importer-pro/importar-y-exportar-campos-acpt-en-wordpress,0,1,0,6
https://www.smackcoders.com/es/documentation/wp-ultimate-csv-importer-pro/importar-y-exportar-imagenes-de-la-galeria-nextgen,0,5,0,11.4
https://www.smackcoders.com/es/documentation/wp-ultimate-csv-importer-pro/importar-y-exportar-resenas-de-woocommerce,0,9,0,59.111111111111114
https://www.smackcoders.com/es/documentation/wp-ultimate-csv-importer-pro/importar-y-exportar-usuarios-de-wordpress,0,29,0,6.793103448275862
https://www.smackcoders.com/es/documentation/wp-ultimate-csv-importer-pro/introduccion-al-plugin-de-wordpress-ultimate-csv-xml-importer#0-toc-title,0,1,0,5
https://www.smackcoders.com/es/documentation/wp-ultimate-csv-importer-pro/introduccion-al-plugin-de-wordpress-ultimate-csv-xml-importer#1-toc-title,0,1,0,5
https://www.smackcoders.com/es/documentation/wp-ultimate-csv-importer-pro/meta-box-campos-personalizados-importacion-de-datos-exportacion,0,9,0,7.666666666666667
https://www.smackcoders.com/es/documentation/wp-ultimate-csv-importer-pro/migrar-datos-de-wordpress-y-woocommerce,0,6,0,20.5
https://www.smackcoders.com/es/documentation/wp-ultimate-csv-importer-pro/modulos-de-importacion-csv-definitivos-de-wordpress,0,4,0,4.25
https://www.smackcoders.com/es/documentation/wp-ultimate-csv-importer-pro/preguntas-frecuentes-relacionadas-con-wp-ultimate-csv-importer,0,1,0,8
https://www.smackcoders.com/es/documentation/wp-ultimate-csv-importer-pro/que-es-elementor-import-export,0,35,0,6.742857142857143
https://www.smackcoders.com/es/importar-a-campos-personalizados.html,0,3,0,12.666666666666666
https://www.smackcoders.com/es/importar-exportar-datos-de-wordpress.html,0,4,0,45
https://www.smackcoders.com/es/plugins-inteligentes-para-wordpress.html,0,13,0,45.92307692307692
https://www.smackcoders.com/es/tutoriales-de-woocommerce.html,0,10,0,73.7
https://www.smackcoders.com/es/wp-ultimate-csv-importer-pro/importacion-de-metadatos-seo.html,0,5,0,47.6
https://www.smackcoders.com/es/wp-ultimate-csv-importer-pro/importar-campos-personalizados-acf-desde-csv.html,0,12,0,20.166666666666668
https://www.smackcoders.com/es/wp-ultimate-csv-importer-pro/importar-contenido-multilingue-de-wpml.html,0,3,0,34.666666666666664
https://www.smackcoders.com/es/wp-ultimate-csv-importer-pro/importar-productos-de-woocommerce.html,0,19,0,38.78947368421053
https://www.smackcoders.com/es/wp-ultimate-csv-importer-pro/precios.html,0,3,0,12.666666666666666
https://www.smackcoders.com/es/wp-ultimate-csv-importer-pro/traduccion-de-importacion-de-polylang.html,0,1,0,4
https://www.smackcoders.com/essential-wordpress-plugins.html,0,3,0,4.666666666666666
https://www.smackcoders.com/general.html,0,5,0,4.6
https://www.smackcoders.com/ha-nav-content/ha-megamenu-content-69899,0,1,0,1
https://www.smackcoders.com/import-csv-to-wordpress.html,0,26,0,9.76923076923077
https://www.smackcoders.com/import-export-wordpress-data.html,0,12,0,24.166666666666668
https://www.smackcoders.com/import-to-custom-fields.html,0,9,0,9.555555555555555
https://www.smackcoders.com/ja/about-us.html,0,1,0,1
https://www.smackcoders.com/ja/blog/add-external-urls-to-featured-images-wordpress.html#how-to-add-external-url-links-to-word-press-posts-pages,0,61,0,5.016393442622951
https://www.smackcoders.com/ja/blog/add-external-urls-to-featured-images-wordpress.html#how-to-extract-fifu-featured-images-and-alt-text-data-from-word-press,0,10,0,6.3
https://www.smackcoders.com/ja/blog/add-external-urls-to-featured-images-wordpress.html#how-to-get-featured-image-ur-ls-in-word-press-posts-pages,0,31,0,6.354838709677419
https://www.smackcoders.com/ja/blog/add-external-urls-to-featured-images-wordpress.html#how-to-hide-featured-images-in-word-press-posts-and-pages,0,10,0,6.3
https://www.smackcoders.com/ja/blog/add-external-urls-to-featured-images-wordpress.html#importing-bulk-external-ur-ls-to-featured-images-in-word-press-posts-pages-and-custom-posts,0,75,0,5.026666666666666
https://www.smackcoders.com/ja/blog/add-external-urls-to-featured-images-wordpress.html#install-word-press-featured-image-from-url-fifu-plugin,0,13,0,5.230769230769231
https://www.smackcoders.com/ja/blog/advanced-techniques-for-wordpress-import-and-export.html,0,107,0,5.485981308411215
https://www.smackcoders.com/ja/blog/advanced-techniques-for-wordpress-import-and-export.html#word-press%E3%82%A4%E3%83%B3%E3%83%9D%E3%83%BC%E3%83%88-%E3%82%A8%E3%82%AF%E3%82%B9%E3%83%9D%E3%83%BC%E3%83%88-%E3%83%97%E3%83%A9%E3%82%B0%E3%82%A4%E3%83%B3,0,2,0,9
https://www.smackcoders.com/ja/blog/advanced-techniques-for-wordpress-import-and-export.html#word-press-%E3%83%87%E3%83%BC%E3%82%BF%E3%82%92%E6%96%B0%E3%81%97%E3%81%84%E3%83%9B%E3%82%B9%E3%83%88%E3%81%AB%E3%82%A4%E3%83%B3%E3%83%9D%E3%83%BC%E3%83%88%E3%81%99%E3%82%8B,0,2,0,9
https://www.smackcoders.com/ja/blog/ai-in-wordpress.html,0,58,0,18.17241379310345
https://www.smackcoders.com/ja/blog/ai-in-wordpress.html#%E3%82%A6%E3%82%A7%E3%83%96%E3%82%B5%E3%82%A4%E3%83%88%E3%81%AE%E6%A7%8B%E7%AF%89%E3%81%A8%E3%83%87%E3%82%B6%E3%82%A4%E3%83%B3,0,2,0,8.5
https://www.smackcoders.com/ja/blog/ai-in-wordpress.html#%E3%82%B3%E3%83%BC%E3%83%89-%E3%82%B9%E3%83%8B%E3%83%9A%E3%83%83%E3%83%88%E3%81%AE%E8%A8%98%E8%BF%B0,0,2,0,8.5
https://www.smackcoders.com/ja/blog/ai-in-wordpress.html#%E3%83%81%E3%83%A3%E3%83%83%E3%83%88%E3%83%9C%E3%83%83%E3%83%88%E3%81%AE%E8%BF%BD%E5%8A%A0-%E3%82%AB%E3%82%B9%E3%82%BF%E3%83%A0,0,2,0,8.5
https://www.smackcoders.com/ja/blog/ai-in-wordpress.html#%E3%83%88%E3%83%83%E3%83%97ai-word-press%E3%83%97%E3%83%A9%E3%82%B0%E3%82%A4%E3%83%B3,0,3,0,8.333333333333332
https://www.smackcoders.com/ja/blog/ai-in-wordpress.html#%E7%94%BB%E5%83%8F%E7%94%9F%E6%88%90,0,8,0,7.5
https://www.smackcoders.com/ja/blog/ai-in-wordpress.html#ai%E3%81%AF-word-press%E3%83%A6%E3%83%BC%E3%82%B6%E3%83%BC%E3%81%AB%E3%81%A9%E3%81%AE%E3%82%88%E3%81%86%E3%81%AB%E5%BD%B9%E7%AB%8B%E3%81%A1%E3%81%BE%E3%81%99%E3%81%8B,0,7,0,7.428571428571429
https://www.smackcoders.com/ja/blog/ai-in-wordpress.html#word-press%E3%81%A7-a-i%E3%82%92%E4%BD%BF%E7%94%A8%E3%81%99%E3%82%8B%E3%81%9F%E3%82%81%E3%81%AE-11-%E3%81%AE%E6%9C%80%E8%89%AF%E3%81%AE%E6%96%B9%E6%B3%95,0,8,0,7.5
https://www.smackcoders.com/ja/blog/ai-powered-personalization-for-ecommerce.html,0,16,0,57.1875
https://www.smackcoders.com/ja/blog/create-custom-fields-with-acf-in-wordpress.html#how-to-create-and-add-fields-with-acf,0,3,0,6.666666666666667
https://www.smackcoders.com/ja/blog/create-custom-fields-with-acf-in-wordpress.html#how-to-install-acf-plugin,0,1,0,7
https://www.smackcoders.com/ja/blog/create-custom-fields-with-acf-in-wordpress.html#why-acf-to-create-custom-fields,0,3,0,6.666666666666667
https://www.smackcoders.com/ja/blog/create-custom-fields-with-acf-in-wordpress.html#word-press-custom-fields-vs-acf-fields,0,1,0,7
https://www.smackcoders.com/ja/blog/enable-configure-wp-cron.html#hooking-wp-cron-in-the-task-scheduler,0,62,0,6.532258064516129
https://www.smackcoders.com/ja/blog/enable-configure-wp-cron.html#is-word-press-cron-enabled-how-to-enable-word-press-cron,0,20,0,5.6
https://www.smackcoders.com/ja/blog/enable-configure-wp-cron.html#mac-linux,0,77,0,6.3896103896103895
https://www.smackcoders.com/ja/blog/export-import-advanced-custom-fields-csv-wordpress.html#acf-field-types-explained,0,23,0,2.5652173913043477
https://www.smackcoders.com/ja/blog/export-import-advanced-custom-fields-csv-wordpress.html#export-import-of-advanced-custom-fields-data-from-csv,0,23,0,2.5652173913043477
https://www.smackcoders.com/ja/blog/export-import-advanced-custom-fields-csv-wordpress.html#wp-ultimate-csv-importer-pro,0,3,0,3.6666666666666665
https://www.smackcoders.com/ja/blog/export-import-single-wordpress-post-page-product.html,0,14,0,10.857142857142858
https://www.smackcoders.com/ja/blog/how-to-export-wordpress-users.html#4-%E7%AC%AC%E4%B8%89%E8%80%85%E3%82%B5%E3%83%BC%E3%83%93%E3%82%B9,0,21,0,4.666666666666666
https://www.smackcoders.com/ja/blog/how-to-export-wordpress-users.html#word-press%E3%83%A6%E3%83%BC%E3%82%B6%E3%83%BC%E3%82%92%E3%82%A8%E3%82%AF%E3%82%B9%E3%83%9D%E3%83%BC%E3%83%88%E3%81%99%E3%82%8B%E6%96%B9%E6%B3%95,0,21,0,4.666666666666666
https://www.smackcoders.com/ja/blog/how-to-export-wordpress-users.html#wp-ultimate-csv-importer%E3%83%97%E3%83%A9%E3%82%B0%E3%82%A4%E3%83%B3%E3%82%92%E4%BD%BF%E7%94%A8%E3%81%97%E3%81%A6-word-press%E3%83%A6%E3%83%BC%E3%82%B6%E3%83%BC%E3%82%92%E3%82%A8%E3%82%AF%E3%82%B9%E3%83%9D%E3%83%BC%E3%83%88%E3%81%99%E3%82%8B%E6%96%B9%E6%B3%95,0,21,0,4.666666666666666
https://www.smackcoders.com/ja/blog/how-to-import-csv-file-in-wordpress-without-plugin.html#importing-different-data-types-without-a-plugin,0,1,0,4
https://www.smackcoders.com/ja/blog/how-to-import-csv-file-in-wordpress-without-plugin.html#steps-for-importing-csv-to-word-press-without-a-plugin,0,4,0,6.25
https://www.smackcoders.com/ja/blog/how-to-import-csv-file-in-wordpress-without-plugin.html#when-and-why-to-import-cs-vs-without-plugins,0,3,0,5.333333333333333
https://www.smackcoders.com/ja/blog/how-to-import-csv-file-in-wordpress-without-plugin.html#wp-cli-for-advanced-users-2025,0,2,0,6.5
https://www.smackcoders.com/ja/blog/how-to-import-csv-file-in-wordpress.html#%E3%83%88%E3%83%A9%E3%83%96%E3%83%AB%E3%82%B7%E3%83%A5%E3%83%BC%E3%83%86%E3%82%A3%E3%83%B3%E3%82%B0%E3%81%A8%E4%B8%80%E8%88%AC%E7%9A%84%E3%81%AA%E5%95%8F%E9%A1%8C,0,13,0,4.538461538461538
https://www.smackcoders.com/ja/blog/how-to-import-csv-file-in-wordpress.html#%E5%9F%BA%E6%9C%AC%E3%81%AE%E7%90%86%E8%A7%A3,0,113,0,4.893805309734513
https://www.smackcoders.com/ja/blog/how-to-import-csv-file-in-wordpress.html#csv%E3%83%95%E3%82%A1%E3%82%A4%E3%83%AB%E3%81%A8-word-press%E3%81%AE%E7%B4%B9%E4%BB%8B,0,38,0,5.394736842105263
https://www.smackcoders.com/ja/blog/how-to-import-csv-file-in-wordpress.html#csv-%E3%83%95%E3%82%A1%E3%82%A4%E3%83%AB%E3%81%AE%E3%82%A4%E3%83%B3%E3%83%9D%E3%83%BC%E3%83%88%E3%81%AE%E5%BC%B7%E5%8C%96,0,113,0,4.893805309734513
https://www.smackcoders.com/ja/blog/how-to-import-csv-file-in-wordpress.html#csv-%E3%83%95%E3%82%A1%E3%82%A4%E3%83%AB%E3%81%AE%E3%82%A4%E3%83%B3%E3%83%9D%E3%83%BC%E3%83%88%E6%96%B9%E6%B3%95,0,88,0,4.625
https://www.smackcoders.com/ja/blog/how-to-import-page-to-wordpress.html#common-scenarios-and-methods-to-import-pages-into-word-press,0,7,0,5.571428571428571
https://www.smackcoders.com/ja/blog/how-to-import-page-to-wordpress.html#how-to-import-a-page-from-another-website-in-word-press,0,7,0,5.571428571428571
https://www.smackcoders.com/ja/blog/how-to-import-page-to-wordpress.html#types-of-pages-you-can-import,0,7,0,5.571428571428571
https://www.smackcoders.com/ja/blog/how-to-import-page-to-wordpress.html#why-import-pages-into-word-press,0,7,0,5.571428571428571
https://www.smackcoders.com/ja/blog/import-and-export-woocommerce-customers.html#how-to-export-woo-commerce-customers-easily,0,2,0,10.5
https://www.smackcoders.com/ja/blog/import-and-export-woocommerce-customers.html#why-import-and-export-woo-commerce-customers,0,2,0,10.5
https://www.smackcoders.com/ja/blog/import-export-custom-post-types-plugin-data.html#about-the-custom-post-types-plugin,0,5,0,6
https://www.smackcoders.com/ja/blog/import-export-custom-post-types-plugin-data.html#importing-custom-post-type-data,0,6,0,5.833333333333333
https://www.smackcoders.com/ja/blog/import-export-custom-post-types-plugin-data.html#step-by-step-guide-to-importing,0,1,0,5
https://www.smackcoders.com/ja/blog/pre-orders-and-backorders-in-woocommerce.html,0,56,0,3
https://www.smackcoders.com/ja/blog/social-media-marketing-for-small-businesses.html,0,4,0,5
https://www.smackcoders.com/ja/blog/wordpress-seo-guide.html,0,95,0,42.73684210526316
https://www.smackcoders.com/ja/documentation/wordpress-leads-builder-for-any-crm-pro/lead-builder-for-any-crm,0,1,0,10
https://www.smackcoders.com/ja/documentation/wp-ultimate-csv-importer/acf-import#0-toc-title,0,12,0,3.3333333333333335
https://www.smackcoders.com/ja/documentation/wp-ultimate-csv-importer/acf-import#1-toc-title,0,1,0,3
https://www.smackcoders.com/ja/documentation/wp-ultimate-csv-importer/acf-import#2-toc-title,0,1,0,3
https://www.smackcoders.com/ja/documentation/wp-ultimate-csv-importer/acf-import#3-toc-title,0,12,0,3.3333333333333335
https://www.smackcoders.com/ja/documentation/wp-ultimate-csv-importer/acf-import#4-toc-title,0,1,0,3
https://www.smackcoders.com/ja/documentation/wp-ultimate-csv-importer/acf-import#5-toc-title,0,1,0,3
https://www.smackcoders.com/ja/documentation/wp-ultimate-csv-importer/bbpress-import-and-update,0,1,0,17
https://www.smackcoders.com/ja/documentation/wp-ultimate-csv-importer/custom-field-suite-import#0-toc-title,0,1,0,1
https://www.smackcoders.com/ja/documentation/wp-ultimate-csv-importer/custom-field-suite-import#3-toc-title,0,1,0,1
https://www.smackcoders.com/ja/documentation/wp-ultimate-csv-importer/export-wordpress-data-using-wp-query,0,1,0,2
https://www.smackcoders.com/ja/documentation/wp-ultimate-csv-importer/how-to-import-csv#0-toc-title,0,29,0,3.4827586206896552
https://www.smackcoders.com/ja/documentation/wp-ultimate-csv-importer/how-to-import-csv#1-toc-title,0,1,0,4
https://www.smackcoders.com/ja/documentation/wp-ultimate-csv-importer/how-to-import-csv#2-toc-title,0,29,0,3.4827586206896552
https://www.smackcoders.com/ja/documentation/wp-ultimate-csv-importer/how-to-import-csv#3-toc-title,0,1,0,4
https://www.smackcoders.com/ja/documentation/wp-ultimate-csv-importer/how-to-import-schedule-or-update,0,10,0,3.1
https://www.smackcoders.com/ja/documentation/wp-ultimate-csv-importer/how-to-import-woocommerce-orders,0,5,0,6
https://www.smackcoders.com/ja/documentation/wp-ultimate-csv-importer/import-and-export-listings-and-owners-in-wp-rentals,0,2,0,4.5
https://www.smackcoders.com/ja/documentation/wp-ultimate-csv-importer/import-and-export-lms-data,0,2,0,9
https://www.smackcoders.com/ja/documentation/wp-ultimate-csv-importer/import-and-export-nextgen-gallery-images,0,38,0,9.921052631578947
https://www.smackcoders.com/ja/documentation/wp-ultimate-csv-importer/import-and-export-woocommerce-reviews,0,3,0,10.666666666666666
https://www.smackcoders.com/ja/documentation/wp-ultimate-csv-importer/import-business-directory-listings-in-wordpress,0,1,0,12
https://www.smackcoders.com/ja/documentation/wp-ultimate-csv-importer/import-export-acpt-fields-in-wordpress,0,2,0,3
https://www.smackcoders.com/ja/documentation/wp-ultimate-csv-importer/import-images-into-wordpress#0-toc-title,0,25,0,6.16
https://www.smackcoders.com/ja/documentation/wp-ultimate-csv-importer/import-images-into-wordpress#1-toc-title,0,25,0,6.16
https://www.smackcoders.com/ja/documentation/wp-ultimate-csv-importer/import-images-into-wordpress#2-toc-title,0,3,0,6
https://www.smackcoders.com/ja/documentation/wp-ultimate-csv-importer/import-wordpress-categories-and-tags#0-toc-title,0,25,0,4.48
https://www.smackcoders.com/ja/documentation/wp-ultimate-csv-importer/import-wordpress-categories-and-tags#1-toc-title,0,9,0,5.222222222222222
https://www.smackcoders.com/ja/documentation/wp-ultimate-csv-importer/import-wordpress-categories-and-tags#2-toc-title,0,4,0,6.25
https://www.smackcoders.com/ja/documentation/wp-ultimate-csv-importer/import-wordpress-categories-and-tags#3-toc-title,0,2,0,7
https://www.smackcoders.com/ja/documentation/wp-ultimate-csv-importer/import-wordpress-categories-and-tags#4-toc-title,0,11,0,4.090909090909091
https://www.smackcoders.com/ja/documentation/wp-ultimate-csv-importer/import-wordpress-categories-and-tags#5-toc-title,0,17,0,6.411764705882353
https://www.smackcoders.com/ja/documentation/wp-ultimate-csv-importer/import-wordpress-categories-and-tags#6-toc-title,0,10,0,8
https://www.smackcoders.com/ja/documentation/wp-ultimate-csv-importer/importer-faq,0,1,0,8
https://www.smackcoders.com/ja/documentation/wp-ultimate-csv-importer/jet-engine-data-import,0,10,0,2
https://www.smackcoders.com/ja/documentation/wp-ultimate-csv-importer/learnpress-data-import,0,1,0,10
https://www.smackcoders.com/ja/documentation/wp-ultimate-csv-importer/meta-box-custom-field-cloneable#1-toc-title,0,6,0,2.333333333333333
https://www.smackcoders.com/ja/documentation/wp-ultimate-csv-importer/meta-box-custom-field-cloneable#2-toc-title,0,2,0,2
https://www.smackcoders.com/ja/documentation/wp-ultimate-csv-importer/meta-box-custom-field-cloneable#4-toc-title,0,6,0,2.333333333333333
https://www.smackcoders.com/ja/documentation/wp-ultimate-csv-importer/meta-box-custom-field-cloneable#5-toc-title,0,2,0,2
https://www.smackcoders.com/ja/documentation/wp-ultimate-csv-importer/metabox-import-export,0,7,0,8.142857142857142
https://www.smackcoders.com/ja/documentation/wp-ultimate-csv-importer/polylang-multilingual-content-import-export,0,30,0,9.5
https://www.smackcoders.com/ja/documentation/wp-ultimate-csv-importer/post-page-custompost-import,0,36,0,3.5555555555555554
https://www.smackcoders.com/ja/documentation/wp-ultimate-csv-importer/rankmath-data-import-and-export,0,16,0,8
https://www.smackcoders.com/ja/documentation/wp-ultimate-csv-importer/seo-import,0,2,0,9
https://www.smackcoders.com/ja/documentation/wp-ultimate-csv-importer/troubleshooting-guide,0,29,0,5.241379310344827
https://www.smackcoders.com/ja/documentation/wp-ultimate-csv-importer/what-is-elementor-import-export,0,14,0,6.785714285714286
https://www.smackcoders.com/ja/documentation/wp-ultimate-csv-importer/woocommerces,0,11,0,3.3636363636363638
https://www.smackcoders.com/ja/documentation/wp-ultimate-csv-importer/wpml-multilingual-import,0,3,0,5.666666666666667
https://www.smackcoders.com/ja/documentation/wp-ultimate-exporter/wordpress-exporter-guide#0-toc-title,0,3,0,11
https://www.smackcoders.com/ja/documentation/wp-ultimate-exporter/wordpress-exporter-guide#2-toc-title,0,3,0,11
https://www.smackcoders.com/ja/import-csv-to-wordpress.html,0,1,0,10
https://www.smackcoders.com/ja/import-to-custom-fields.html,0,2,0,8
https://www.smackcoders.com/ja/refund-policy.html,0,1,0,10
https://www.smackcoders.com/ja/wordpress.html,0,1,0,1
https://www.smackcoders.com/ja/wp-follow-up-emails.html,0,6,0,37.5
https://www.smackcoders.com/ja/wp-ultimate-csv-importer-pro/import-acf-custom-fields-from-csv.html,0,5,0,8.8
https://www.smackcoders.com/ja/wp-ultimate-csv-importer-pro/import-wpml-multilingual-content.html,0,1,0,26
https://www.smackcoders.com/ja/wp-ultimate-csv-importer-pro/jetengine-cct-import.html,0,3,0,4.666666666666666
https://www.smackcoders.com/ja/wp-ultimate-csv-importer-pro/polylang-import-translation.html,0,1,0,10
https://www.smackcoders.com/ja/wp-ultimate-csv-importer-pro/woocommerce-import-products.html,0,1,0,1
https://www.smackcoders.com/ja/wp-ultimate-exporter.html,0,5,0,3
https://www.smackcoders.com/multilingual-content-import.html,0,2,0,6.5
https://www.smackcoders.com/partnership.html,0,202,0,2.772277227722772
https://www.smackcoders.com/privacy-policy.html,0,7,0,4.285714285714286
https://www.smackcoders.com/refund-policy.html,0,4,0,3.75
https://www.smackcoders.com/shop,0,6,0,6.166666666666667
https://www.smackcoders.com/terms-and-conditions.html,0,3,0,2
https://www.smackcoders.com/woocommerce-tutorials.html,0,9,0,17.555555555555557
https://www.smackcoders.com/wordpress-guide.html,0,6,0,4.166666666666666
https://www.smackcoders.com/wp-follow-up-emails.html,0,88,0,25.238636363636363
https://www.smackcoders.com/wp-leads-builder-any-crm-pro.html,0,75,0,34.68
https://www.smackcoders.com/wp-ultimate-csv-importer-pro/changelog.html,0,51,0,8.058823529411764
https://www.smackcoders.com/wp-ultimate-csv-importer-pro/features.html,0,226,0,5.725663716814159
https://www.smackcoders.com/wp-ultimate-csv-importer-pro/import-acf-custom-fields-from-csv.html,0,73,0,13.712328767123287
https://www.smackcoders.com/wp-ultimate-csv-importer-pro/import-meta-box-fields.html,0,39,0,32.35897435897436
https://www.smackcoders.com/wp-ultimate-csv-importer-pro/jetengine-cct-import.html,0,297,0,5.831649831649831
https://www.smackcoders.com/wp-ultimate-csv-importer-pro/polylang-import-translation.html,0,45,0,30.88888888888889
https://www.smackcoders.com/wp-ultimate-csv-importer-pro/pricing.html,0,219,0,4.949771689497717
https://www.smackcoders.com/wp-ultimate-csv-importer-pro/seo-meta-data-import.html,0,161,0,8.012422360248447
https://www.smackcoders.com/wp-ultimate-csv-importer-pro/toolset-types-import.html,0,5,0,14.4
https://www.smackcoders.com/wp-ultimate-csv-importer-pro/woocommerce-import-products.html,0,19,0,49.21052631578947
https://www.smackcoders.com/wp-ultimate-exporter.html,0,142,0,6.436619718309859
