Top queries,Clicks,Impressions,CTR,Position
smackcoders,49,191,0.25654450261780104,1.0104712041884816
wp ultimate csv importer,16,124,0.12903225806451613,3.314516129032258
wp ultimate csv importer pro,7,42,0.16666666666666666,4.285714285714286
smack coders,4,4,1,1
ultimate csv importer,3,33,0.09090909090909091,3.303030303030303
ultimate csv importer pro,3,39,0.07692307692307693,30.846153846153847
smackcoders inc,2,2,1,1
smackcoders tirunelveli,2,7,0.2857142857142857,1
acf taxonomy,1,42,0.023809523809523808,6.761904761904762
acf エクスポート,1,6,0.16666666666666666,2.833333333333333
crm software development company,1,1,1,2
csv sample file,1,7,0.14285714285714285,10.857142857142858
customer csv file download,1,3,0.3333333333333333,14.333333333333334
enable wp cron,1,6,0.16666666666666666,3.5
how to install wamp server,1,18,0.05555555555555555,1.2777777777777777
import csv to wordpress,1,4,0.25,7.25
import pages wordpress,1,9,0.1111111111111111,3.2222222222222223
install wamp,1,29,0.034482758620689655,5.620689655172414
installation of xampp/wamp,1,8,0.125,1.625
ioncube_loader_win_7.4.dll,1,5,0.2,7.4
meta box 繰り返しフィールド,1,1,1,1
multipurpose wordpress themes,1,4,0.25,51.75
nextgen gallery export,1,1,1,2
software company in tirunelveli,1,5,0.2,8.8
tirunelveli startup it company,1,3,0.3333333333333333,8.333333333333332
wamp,1,278,0.0035971223021582736,8.892086330935252
wamp installation on windows 11,1,2,0.5,6
woocommerce acf,1,2,0.5,1
wordpress cron,1,24,0.041666666666666664,18.916666666666668
wordpress csv import,1,17,0.058823529411764705,14.235294117647058
wordpress export,1,5,0.2,6.8
wordpress export users to csv without plugin,1,7,0.14285714285714285,6.285714285714286
wordpress インポート,1,8,0.125,2.125
wordpress エクスポート インポート,1,6,0.16666666666666666,3.5
wordpress 投稿 エクスポート,1,2,0.5,9
wordpress 画像 リンク,1,2,0.5,4
wp all import alternative,1,35,0.02857142857142857,22.228571428571428
wp all import plugin free download,1,4,0.25,14.5
wp all import pro nulled,1,3,0.3333333333333333,14.333333333333334
wp crontrol,1,11,0.09090909090909091,5.545454545454546
wp csv importer,1,5,0.2,4.6
wp ultimate csv,1,10,0.1,5.5
wp-cron,1,24,0.041666666666666664,15.583333333333334
xampp and wamp installation in php,1,23,0.043478260869565216,5.130434782608695
xampp インストール windows11,1,5,0.2,7.4
yoast seo polylang,1,5,0.2,9.2
"""rank math"" wprocket or rankmath",0,1,0,6
"""rank_math_description"" meta key",0,5,0,11.6
"""rank_math_focus_keyword""",0,2,0,8.5
"""shopify to woocommerce migration service",0,1,0,51
"""wordfence""",0,1,0,20
"""wp rocket""",0,1,0,11
.xml,0,1,0,1
/users/xavierwilliams/documents/website media/js-css/se_ranking_import_keywords.csv,0,2,0,1
/wp-cron.php,0,3,0,8.333333333333332
15 wordpress plugins that will skyrocket your site speed,0,7,0,46.57142857142857
abrir archivos csv,0,1,0,1
acelerar pagina web,0,6,0,75.83333333333333
acelerar wordpress,0,8,0,72.25
acf,0,1,0,1
acf (advanced custom fields),0,1,0,3
acf categories,0,2,0,2.5
acf code,0,1,0,3
acf csv import,0,1,0,11
acf data,0,2,0,6
acf export,0,20,0,8.4
acf export field groups,0,2,0,8
acf fields,0,1,0,2
acf get field from taxonomy,0,8,0,5.75
acf get field taxonomy,0,2,0,5.5
acf get field value,0,3,0,4
acf get taxonomy field,0,7,0,6.857142857142857
acf get_post_meta,0,1,0,4
acf import,0,8,0,8.125
acf import export,0,3,0,7.333333333333333
acf pro license key free,0,1,0,1
acf scalability wordpress large websites,0,4,0,11.25
acf taxonomies,0,7,0,5.714285714285714
acf taxonomy field,0,13,0,7.461538461538462
acf taxonomy field documentation,0,13,0,9.384615384615385
acf taxonomy get field,0,10,0,8.2
acf ultimate,0,1,0,7
acf woocommerce,0,1,0,1
acf カスタム投稿,0,4,0,6.5
acf タクソノミー,0,7,0,5.571428571428571
acf タクソノミー 出力,0,6,0,5.666666666666667
acf タクソノミーフィールド,0,4,0,4.75
acf フィールドタイプ,0,1,0,5
acf 投稿タイプ,0,3,0,7.666666666666667
acpt pro,0,3,0,4
acpt wordpress,0,12,0,6.083333333333333
action scheduler migration in progress. the list of scheduled actions may be incomplete.,0,1,0,2
add clickable link to image,0,1,0,4
add custom meta box in woocommerce product,0,1,0,80
add links to images,0,1,0,1
add nextgen gallery to post,0,8,0,16.125
add post type,0,5,0,82
add shop to wordpress,0,2,0,44.5
add shopify csv to woocommerce and import products,0,1,0,21
adding seo to wordpress,0,1,0,92
additional field info,0,1,0,3
addon networks cyber monday,0,1,0,38
advanced cron manager,0,2,0,22
advanced custom field wordpress,0,1,0,5
advanced custom fields,0,2,0,57
advanced custom fields (acf®),0,3,0,3
advanced custom fields acf wordpress plugin,0,1,0,3
advanced custom fields export import,0,1,0,12
advanced custom fields for woocommerce,0,1,0,11
advanced custom fields import csv,0,2,0,11.5
advanced custom fields plugin wordpress,0,1,0,3
advanced custom fields wordpress,0,4,0,5
advanced custom fields 使い方,0,2,0,70
advanced importer,0,1,0,84
affiliate for woocommerce free download,0,1,0,65
affiliate for woocommerce plugin,0,14,0,29.714285714285715
affiliate marketing plugin woocommerce,0,18,0,32.83333333333333
affiliate marketing woocommerce,0,4,0,44.75
affiliate plugin for woocommerce,0,19,0,24.526315789473685
affiliate plugin woocommerce,0,22,0,32.77272727272727
affiliate plugins,0,1,0,34
affiliate plugins for woocommerce,0,23,0,21.08695652173913
affiliate plugins for wordpress,0,2,0,89.5
affiliate plugins wordpress,0,1,0,96
affiliate program for woocommerce,0,4,0,40.5
affiliate program plugin,0,2,0,47.5
affiliate program plugin for woocommerce,0,13,0,27.307692307692307
affiliate woocommerce plugin,0,18,0,31.833333333333332
affiliates for woocommerce,0,9,0,38.55555555555556
affiliates woocommerce,0,9,0,45.22222222222222
ahrefs wordpress plugin,0,1,0,85
ai blog wordpress,0,1,0,56
ai for wordpress,0,5,0,27.8
ai personalization e-commerce examples,0,1,0,71
ai personalization ecommerce,0,2,0,90.5
ai powered personalization in e commerce,0,1,0,80
ai wordpress security,0,2,0,10
ai плагин wordpress,0,5,0,94.8
ai בוורדפרס,0,5,0,82.8
ai パーソナライゼーション ec,0,4,0,39.25
ai機能,0,1,0,1
all import plugin,0,1,0,6
all import wordpress plugin,0,3,0,48
all in one seo wpml,0,1,0,11
all in one wp migration not importing,0,1,0,6
all-in-one wp migration インポート できない,0,1,0,5
answerthepublic.com alternative,0,1,0,1
any image can be used as a hyperlink to another document,0,1,0,1
any startup company near me,0,1,0,8
apache xampp,0,1,0,11
app development company in tirunelveli,0,1,0,1
archivo .csv ejemplo,0,3,0,7.333333333333333
archivo csv,0,16,0,1
archivo csv ejemplo,0,13,0,9.153846153846153
archivo xml wordpress,0,1,0,1
archivos csv como abrir,0,1,0,1
archivos csv ejemplos,0,3,0,6
archivos csv para practicar,0,1,0,40
artificial intelligence wordpress,0,6,0,67.66666666666667
automated emails woocommerce,0,1,0,59
automating admin tasks in wordpress,0,3,0,12.333333333333334
autoptimize,0,1,0,1
añadir url,0,1,0,89
back up website wordpress,0,1,0,96
back up wordpress site,0,2,0,72.5
backing up wordpress,0,1,0,98
backup and restore wordpress site to new server,0,8,0,19.75
backup and restore wordpress website,0,4,0,31.75
backup my wordpress site,0,2,0,63
backup of wordpress website,0,1,0,74
backup on wordpress,0,1,0,86
backup site wordpress,0,1,0,53
backup woocommerce products,0,2,0,51.5
backup wordpress manually,0,16,0,57.8125
backup wordpress site and database,0,4,0,57
backup wordpress site manually,0,2,0,39.5
backup wordpress site to computer,0,4,0,59
backup wordpress site to local computer,0,1,0,55
bad request the request could not be understood by server due to malformed syntax.,0,1,0,3
bbpress,0,3,0,17
benefits of affiliate plugins,0,5,0,10.6
benutzer in wordpress importieren,0,1,0,83
best affiliate plugins for woocommerce,0,9,0,32.55555555555556
best affiliate program for woocommerce,0,1,0,23
best affiliate software for woocommerce,0,7,0,15.714285714285714
best corporate wordpress themes,0,1,0,71
best free website optimizer,0,4,0,67.5
best free wordpress optimization plugin,0,2,0,32
best free wordpress plugin for speed optimization,0,2,0,26
best inventory management for woocommerce,0,1,0,97
best inventory management software for woocommerce,0,1,0,66
best media library manager,0,1,0,27
best multilingual plugin wordpress,0,1,0,1
best multipurpose wordpress theme,0,1,0,32
best multipurpose wordpress themes,0,4,0,24.5
best page speed optimization plugin wordpress,0,2,0,44
best page speed plugin wordpress,0,1,0,31
best performance plugin wordpress,0,6,0,37.333333333333336
best plugin for page speed wordpress,0,1,0,28
best plugin for seo in wordpress,0,1,0,85
best plugin for seo wordpress,0,1,0,95
best plugin for speeding up wordpress site,0,2,0,29.5
best plugin for website speed,0,1,0,34
best plugin for wordpress speed,0,3,0,28
best plugin seo,0,2,0,65
best plugin to increase website speed wordpress,0,2,0,31
best scaling solutions for wordpress,0,1,0,12
best seo for wordpress,0,13,0,58.76923076923077
best seo plugin,0,1,0,48
best seo plugin for wordpress,0,48,0,53.3125
best seo plugin for wordpress 2025,0,1,0,46
best seo plugin for wordpress free,0,1,0,93
best seo plugin wordpress,0,37,0,53.027027027027025
best seo plugin wp,0,4,0,66.5
best seo plugins for woocommerce,0,2,0,93.5
best seo plugins for wordpress,0,5,0,61.4
best seo plugins for wordpress in 2025 hindimeter.com,0,1,0,29
best seo software for wordpress,0,4,0,90.5
best seo software wordpress,0,6,0,72.16666666666667
best seo tool for wordpress,0,49,0,74.44897959183673
best seo tool wordpress,0,10,0,86
best seo tools for wordpress,0,50,0,80.44
best seo tools wordpress,0,10,0,88.3
best seo wordpress,0,2,0,57.5
best seo wordpress plugin,0,2,0,62
best seo wordpress plugins,0,1,0,100
best seo wp plugin,0,1,0,58
best speed optimization plugin wordpress,0,4,0,27.5
best speed plugin for wordpress,0,1,0,35
best speed plugin wordpress,0,3,0,32.33333333333333
best way to backup wordpress site,0,2,0,63
best website optimization plugin for wordpress,0,2,0,11.5
best woocommerce affiliate plugin,0,3,0,1
best woocommerce affiliate plugins,0,4,0,15.5
best woocommerce affiliate plugins 2025,0,1,0,10
best woocommerce referral plugin,0,1,0,57
best woocommerce tutorials,0,2,0,68
best wordpress affiliate link plugin 2025,0,21,0,85.80952380952381
best wordpress business themes,0,1,0,77
best wordpress cache plugins,0,2,0,94
best wordpress hardening checklist,0,2,0,2
best wordpress import export plugin,0,1,0,23
best wordpress inventory management plugin,0,1,0,93
best wordpress multipurpose theme,0,1,0,3
best wordpress optimization,0,2,0,53
best wordpress optimization plugin,0,1,0,30
best wordpress optimization plugins,0,1,0,31
best wordpress optimizer,0,2,0,13
best wordpress plugin for speed optimization,0,3,0,23
best wordpress plugin to speed up website,0,1,0,27
best wordpress plugins for seo,0,2,0,92
best wordpress plugins for speed,0,1,0,27
best wordpress plugins seo,0,1,0,32
best wordpress security checklist free,0,2,0,2
best wordpress seo,0,2,0,72.5
best wordpress seo plugin,0,31,0,70.38709677419355
best wordpress seo plugins,0,5,0,82.2
best wordpress seo tool,0,15,0,86.53333333333333
best wordpress seo tools,0,13,0,76.61538461538461
best wordpress speed optimization plugins,0,3,0,17
best wordpress speed optimization plugins 2024,0,2,0,12
best wordpress speed optimization service,0,7,0,59.714285714285715
best wordpress speed plugin,0,11,0,31.636363636363637
best wordpress themes for creative agencies,0,1,0,4
best wordpress themes for small business,0,1,0,93
best wordpress xml import,0,8,0,25.75
best wp seo plugins,0,1,0,100
beste seo-plugins for wordpress,0,1,0,47
bestes wordpress seo plugin,0,1,0,98
"beyond hosting, what else affects wordpress scalability, like plugins or themes?",0,1,0,9
blog acf,0,5,0,22.4
boost wordpress website speed,0,1,0,57
build wordpress site for scaling,0,2,0,31
building custom online directories and listings sites,0,2,0,2
building your online store with wordpress and woocommerce,0,1,0,43
bulk edit custom post types pods,0,15,0,19.066666666666666
bulk edit export import wordpress download manager,0,3,0,40.333333333333336
bulk edit learnpress course prices,0,24,0,40.25
bulk edit ultimate member directories,0,13,0,27.23076923076923
bulk edit ultimate member forms,0,2,0,22.5
bulk import categories wordpress,0,2,0,8
bulk update entries gravity forms,0,4,0,41.5
bulk update users wordpress,0,1,0,54
business directory plugin demo,0,1,0,28
cambiar puerto wampserver,0,3,0,23
campos personalizados wordpress,0,3,0,65.33333333333333
can i copy and paste the recipe and have weight watchers figure out the points?,0,1,0,1
can wordpress handle heavy traffic,0,1,0,80
can wordpress handle millions of users,0,1,0,71
can wordpress scale,0,7,0,2
can you scale a wordpress website?,0,1,0,1
cara import artikel wordpress,0,23,0,7.565217391304348
categorias en wordpress,0,1,0,43
caused by: org.xml.sax.saxparseexception: content is not allowed in prolog.,0,1,0,2
chargeover affiliate plugin,0,1,0,12
claude upload csv,0,5,0,11.6
clickable link in image,0,2,0,1
coders inc,0,5,0,46.6
codewp ai tutorial,0,2,0,7
comercio electronico youtube,0,7,0,55.57142857142857
common woocommerce mistakes,0,1,0,4
como agrear un articulo en una pagina de wordpress,0,1,0,68
como añadir una pagina al menu de wordpress,0,1,0,40
como configurar o xampp ou mamp para desenvolvimento web local,0,2,0,6
como convertir archivo csv a excel,0,1,0,2
como copiar url de una imagen en celular,0,1,0,1
como crear un csv,0,1,0,1
como descargar wampserver,0,1,0,9
como descargar xuper,0,2,0,2
como exportar clientes de woocommerce,0,62,0,22.56451612903226
como exportar datos de shopify,0,38,0,70.97368421052632
como exportar productos de woocommerce,0,59,0,61.813559322033896
como exportar usuarios de wordpress,0,10,0,8.8
como generar un archivo csv,0,1,0,1
como hacer que una imagen sea un link en html,0,1,0,39
como importar un archivo csv a python,0,1,0,47
como iniciar xampp en linux,0,1,0,1
como insertar un link en una imagen para whatsapp,0,2,0,1
como instalar php,0,1,0,6
como instalar suitecrm,0,2,0,53
como instalar wampserver,0,1,0,9
como instalar xampp en linux mint,0,1,0,4
como instalar xampp en mac,0,1,0,10
como leer un xml de una factura,0,1,0,2
como sacar el url de una imagen,0,1,0,1
como sacar un url de una imagen,0,1,0,1
como subir una pagina de wordpress a internet,0,8,0,70.125
como usar mysql en xampp,0,2,0,1.5
como ver archivos xml,0,1,0,1
como ver el url de una imagen,0,1,0,1
companies in tirunelveli,0,4,0,20.5
companies in tirunelveli sipcot,0,1,0,25
company in tirunelveli,0,1,0,20
compare wp rocket to wp fastest cache,0,3,0,97.66666666666667
comprehensive wordpress security checklist 2025,0,1,0,5
conditional checkout fields lifetime deal,0,1,0,52
configuring wamp server,0,1,0,39
connect shopify to woocommerce,0,1,0,72
connect woocommerce to google sheets,0,14,0,88.85714285714286
connect wordpress suitecrm,0,7,0,49.285714285714285
connect wordpress vtiger,0,7,0,50
content importer,0,2,0,35.5
control de asistencia wordpress,0,1,0,93
control panel installation,0,1,0,3
convert shopify csv to woocommerce,0,4,0,11
convert shopify to woocommerce,0,3,0,53.333333333333336
convertir html a wordpress,0,1,0,5
convertir imagen en url online,0,1,0,1
core web vitals thresholds lcp 2.5s inp 200ms cls 0.1 google guidance,0,1,0,8
core web vitals thresholds lcp 2.5s inp 200ms cls 0.1 official,0,1,0,12
core web vitals thresholds lcp 2.5s inp 200ms cls 0.1 official docs,0,2,0,6.5
core/loader.php,0,1,0,1
coupon affiliate for woocommerce,0,1,0,51
coupon affiliate plugin woocommerce,0,20,0,24.5
crear archivos csv,0,1,0,1
crear url de imagen,0,3,0,2.333333333333333
creare magazin online wordpress,0,1,0,23
create an online store,0,2,0,89.5
create custom post type wordpress code,0,7,0,76.57142857142857
create custom post type wordpress tutorial,0,4,0,74.75
create form in wordpress without plugin,0,3,0,1
create image link,0,1,0,5
creating an online store with wordpress,0,1,0,21
creating forms in wordpress,0,1,0,89
crm multilingüe,0,2,0,99.5
crm para woocommerce,0,6,0,85
crocoblock black friday deal,0,1,0,54
crocoblock coupon,0,8,0,86.5
crocoblock coupons,0,1,0,85
cron job wordpress,0,4,0,52.75
cron wordpress,0,35,0,17.885714285714286
cron wp,0,1,0,5
crontab wordpress,0,1,0,5
csv,0,1,0,13
csv a excel,0,7,0,3.142857142857143
csv and xml,0,1,0,27
csv archivo,0,1,0,1
csv data sample,0,2,0,62.5
csv example file download,0,1,0,17
csv examples,0,3,0,31
csv file create,0,1,0,2
csv file download sample,0,1,0,30
csv file example download,0,1,0,16
csv file free download,0,1,0,54
csv file sample,0,2,0,19.5
csv file sample download,0,6,0,10.833333333333334
csv file samples,0,1,0,15
csv files download,0,1,0,2
csv format sample,0,1,0,98
csv import,0,31,0,67.03225806451613
csv import for wordpress,0,4,0,11.5
csv import wordpress,0,3,0,6
csv importer,0,41,0,10.609756097560975
csv importer plus for acf,0,5,0,8
csv importer woocommerce,0,1,0,11
csv importer wordpress,0,4,0,5
csv improved,0,1,0,76
csv pro,0,175,0,8.537142857142857
csv prov,0,1,0,6
csv sample file download,0,6,0,10.166666666666666
csv sample files,0,4,0,18
csv to stl,0,1,0,3
csv to xml,0,7,0,75.85714285714286
csv utf-8,0,1,0,2
csv xml,0,2,0,58.5
csv インポート,0,13,0,45.92307692307692
csvlint notepad++,0,1,0,6
csvインポート,0,9,0,48.111111111111114
custom field suite,0,4,0,20.25
custom fields exporter,0,1,0,16
custom post exporter,0,3,0,8.666666666666668
custom post importer,0,1,0,8
custom post type in wordpress code,0,5,0,60.2
custom post type maker export import csv,0,5,0,23.6
custom post type maker export import google sheets,0,1,0,11
custom post type ui import google sheets,0,2,0,46.5
custom post type wordpress example,0,3,0,27.666666666666668
custom post types wp,0,1,0,54
customer reviews for woocommerce import reviews csv,0,1,0,9
cómo importar y exportar,0,1,0,96
cómo instalar mysql,0,1,0,2
data import into wordpress,0,4,0,14.5
database backup wordpress,0,1,0,41
datos csv,0,1,0,1
"define('disable_wp_cron', true);",0,1,0,14
desactivar wp-cron wordpress,0,1,0,14
descargar archivo csv ejemplo,0,1,0,18
descargar imagenes de paginas que no lo permiten,0,2,0,1
descargar pagina de wordpress,0,6,0,73.16666666666667
designing a web page from scratch,0,1,0,1
desinstalar xampp,0,1,0,2
difference between xampp and wamp,0,1,0,52
directory listings free,0,1,0,50
disable wordpress cron,0,1,0,84
disable wp cron,0,2,0,82.5
disable wp-cron,0,1,0,81
disable_wp_cron,0,1,0,87
discounted wordpress performance packages for blogs,0,1,0,97
does brizy builder allow integration with acf custom fields,0,3,0,45
does wordpress use ai,0,1,0,12
doing wp cron,0,1,0,52
donde esta importar en wordpress,0,20,0,6.95
download backup of wordpress site,0,1,0,48
download csv file sample,0,2,0,16.5
download sample csv,0,1,0,10
download sample csv file,0,1,0,17
download wamp for mac,0,2,0,10
download wampp server,0,1,0,42
download wordpress backup,0,2,0,89
dummy csv file,0,1,0,20
dummy csv file download,0,1,0,16
dummy woocommerce products csv,0,6,0,9.5
easy online store,0,2,0,77.5
easy seo for wordpress,0,6,0,74
ecommerce ai personalization,0,1,0,89
ecommerce on wordpress,0,6,0,91.5
ecommerce video marketing,0,2,0,3.5
ecommerce with wordpress,0,13,0,83.46153846153847
editar cron,0,1,0,89
ejemplo de csv,0,1,0,12
ejemplos de csv,0,1,0,10
elementor export,0,1,0,10
elementor export import templates documentation,0,3,0,9.333333333333334
elementor export page,0,2,0,30.5
elementor import export,0,3,0,18
elementor multipurpose wordpress theme,0,1,0,61
elementor to wordpress migration,0,1,0,65
elimina los recursos que bloqueen el renderizado wordpress,0,1,0,29
embed link in image,0,1,0,1
enable wordpress cron,0,6,0,5
error xampp mysql,0,1,0,3
etiquetas wordpress,0,1,0,88
evaluate the e-commerce platforms company woocommerce on affiliates - be,0,1,0,5
evaluate the e-commerce platforms company woocommerce on affiliates - es,0,1,0,3
example csv file download,0,1,0,16
example for csv file,0,1,0,86
excel wordpress,0,7,0,18.714285714285715
expert import export,0,1,0,57
export acf,0,26,0,8.692307692307693
export acf data,0,4,0,8.25
export acf fields,0,1,0,8
export and import wordpress posts,0,1,0,28
export any wordpress data to xml/csv,0,1,0,11
export blog posts from wordpress,0,2,0,43
export blog posts wordpress,0,2,0,33.5
export blogs from wordpress,0,1,0,41
export custom post type wordpress,0,8,0,18.625
export customers from woocommerce,0,12,0,47.833333333333336
export data,0,1,0,1
export data from woocommerce,0,3,0,88
export data from wordpress,0,11,0,32.09090909090909
export elementor page,0,2,0,11.5
export elementor page to another site,0,3,0,6
export featured images,0,1,0,9
export gravity form entries,0,7,0,15.285714285714286
export gravity forms,0,1,0,30
export gravity forms entries,0,11,0,12.545454545454545
export gravity forms files,0,4,0,39
export gravity forms to google sheets,0,4,0,82.75
export import bulk edit forums bbpress,0,30,0,11.866666666666667
export import custom post types,0,30,0,12.5
export import directory listings,0,29,0,7.9655172413793105
export import wordpress,0,1,0,8
export magento orders to google sheets,0,9,0,51.22222222222222
export media with selected content plugin,0,1,0,43
export orders to google sheets,0,1,0,29
export page from wordpress,0,1,0,40
export page in wordpress,0,1,0,63
export pages from wordpress,0,1,0,1
export pages in wordpress,0,1,0,31
export pages wordpress,0,1,0,11
export plugin,0,1,0,9
export post wordpress,0,2,0,17.5
export posts specific language,0,19,0,11.526315789473685
export posts to google sheets,0,1,0,11
export shopify products to woocommerce,0,2,0,37.5
export shopify to woocommerce,0,6,0,24.833333333333332
export site wordpress,0,1,0,34
export theme from wordpress,0,1,0,98
export user data from wordpress,0,1,0,14
export user data wordpress,0,1,0,1
export users from wordpress,0,4,0,18
export users to csv,0,1,0,25
export users to csv wordpress plugin,0,1,0,7
export users wordpress,0,6,0,11.166666666666666
export variable products woocommerce,0,1,0,6
export website from wordpress,0,2,0,48.5
export woocommerce customers,0,26,0,43.84615384615385
export woocommerce customers' phone numbers,0,12,0,9.833333333333334
export woocommerce orders by payment method,0,1,0,50
export woocommerce orders from database,0,7,0,96.85714285714286
export woocommerce orders to excel or google sheets,0,1,0,11
export woocommerce orders to google sheets,0,1,0,17
export woocommerce products csv,0,9,0,64.44444444444444
export woocommerce products to shopify,0,1,0,76
export woocommerce reviews,0,4,0,6.25
export woocommerce subscriptions to google sheets,0,13,0,30.692307692307693
export woocommerce to google sheets,0,2,0,10.5
export woocommerce to json,0,4,0,72.5
export woocommerce to shopify,0,1,0,100
export wordpress page,0,2,0,40
export wordpress plugin,0,2,0,15.5
export wordpress to google sheets,0,7,0,71.14285714285714
export wordpress to json,0,2,0,91.5
export wordpress to tableau,0,4,0,86.75
export wordpress users,0,1,0,18
export wordpress users to csv,0,1,0,8
export wp site,0,3,0,37.666666666666664
export wp users,0,1,0,86
export yoast seo data,0,1,0,30
exportación y seo,0,1,0,49
exportar blog,0,1,0,65
exportar clientes woocommerce,0,1,0,5
exportar entradas wordpress,0,5,0,19.8
exportar pagina wordpress,0,3,0,7
exportar pedidos de shopify,0,6,0,78.16666666666667
exportar productos woocommerce,0,8,0,9
exportar puntos de excel a civil 3d,0,1,0,2
exportar tema wordpress,0,7,0,10
exportar usuarios wordpress,0,20,0,6.55
exportar wordpress,0,11,0,32.09090909090909
exporter des utilisateurs wordpress,0,1,0,62
exporting data from gravity forms,0,4,0,24.25
exporting wordpress site,0,3,0,51
external importer pro,0,2,0,65.5
failed to connect to all-in-one wp migration online service. please check your internet connection and try again.,0,1,0,2
fast data export tools,0,8,0,36
featured image,0,1,0,9
featured image from url,0,13,0,8.23076923076923
featured image from url (fifu),0,5,0,8.6
featured image from url plugin wordpress,0,1,0,7
featured image from url wordpress plugin,0,1,0,5
featured image url,0,2,0,7
featured post wordpress without plugin,0,1,0,100
fewer wordpress theme,0,1,0,19
fichero csv ejemplo,0,1,0,1
fifu plugin,0,2,0,7
files of the following format is not supported csv claude,0,1,0,39
find a simple tutorial on how to restore my wordpress site from a backup file,0,2,0,11
flyt fra shopify til woocommerce,0,2,0,97
follow up email icon,0,1,0,1
follow up email plugin,0,1,0,3
follow up email woocommerce,0,2,0,22.5
follow up emails woocommerce,0,1,0,20
formato .csv,0,1,0,1
formato csv ejemplo,0,1,0,12
free affiliate plugin for woocommerce,0,1,0,21
free csv file download,0,3,0,24
free wordpress hardening checklist,0,1,0,2
free wordpress security best practices 2025,0,4,0,2
free wordpress security checklist,0,6,0,2
full backup of wordpress site,0,1,0,79
full backup wordpress,0,3,0,91.33333333333333
full form of wamp,0,1,0,26
full wordpress backup,0,5,0,73.8
gallery imports,0,1,0,34
gestion integral multilingue,0,1,0,94
get featured image url wordpress,0,6,0,15.833333333333334
get post featured image url,0,1,0,12
get_field taxonomy,0,6,0,8.166666666666668
get_field(),0,1,0,4
gnucash,0,1,0,1
google page speed optimization wordpress,0,2,0,86
google sheets woocommerce,0,9,0,69.88888888888889
google sheets woocommerce integration,0,1,0,96
gpsc acf,0,1,0,48
gravity form woocommerce import,0,5,0,10.2
gravity forms csv export,0,1,0,10
gravity forms data migration,0,4,0,14.75
gravity forms data vs time,0,2,0,57.5
gravity forms database,0,1,0,69
gravity forms entries in excel,0,4,0,49.75
gravity forms export,0,1,0,9
gravity forms export entries,0,18,0,16.72222222222222
gravity forms export entries automatically,0,4,0,65.75
gravity forms export entries csv,0,1,0,10
gravity forms export entries csv documentation,0,19,0,9
gravity forms export survey results,0,5,0,15.2
gravity forms export to excel,0,4,0,36
gravity forms ftp,0,3,0,76.33333333333333
gravity forms import,0,2,0,10.5
gravity forms import csv,0,7,0,9.571428571428571
gravity forms import csv conditional logic,0,4,0,64
gravity forms import entries,0,28,0,8.678571428571429
gravity forms import entries free,0,4,0,6.5
gravity forms import excel,0,5,0,1
gravity forms import users,0,4,0,5.5
gravity forms leadconnector integration,0,8,0,65.875
gravity forms schedule entries export,0,7,0,13.142857142857142
gravity forms shortcodes,0,1,0,89
gravity forms to database table,0,3,0,54.333333333333336
gravity forms to excel,0,11,0,57.63636363636363
gravity forms update existing entry,0,4,0,46.75
gtmetrix,0,1,0,6
guide seo wordpress,0,4,0,77.5
guide to wordpress security,0,10,0,73.2
high traffic wordpress,0,10,0,37.1
hivepress listings export import,0,25,0,29.24
hosting that optimizes wordpress speed,0,1,0,87
how can enterprises scale wordpress hosting to handle high traffic spikes?,0,2,0,4.5
how can i optimize my website for long-tail voice search queries?,0,1,0,97
how do i convert posts to custom post type in wordpress?,0,3,0,10.666666666666666
how do i format a csv file to import variable products with different attributes like size and color in woocommerce?,0,1,0,9
how do i optimize my wordpress database?,0,1,0,6
how do i seo my wordpress site,0,4,0,92.5
how many concurrent users does wordpress scale to,0,1,0,1
how many videos i can make with gemini pro,0,2,0,1
how scalable is wordpress,0,8,0,41.375
how to add a link to an image in wordpress,0,1,0,20
how to add advanced custom fields in wordpress,0,1,0,8
how to add featured image in wordpress,0,1,0,8
how to add hyperlink to jpeg,0,1,0,1
how to add nextgen gallery in wordpress page,0,1,0,67
how to add seo to wordpress,0,3,0,80.33333333333333
how to back up and restore a wordpress site,0,2,0,12
how to back up woocommerce,0,1,0,97
how to back up woocommerce database,0,15,0,92.13333333333334
how to back up woocommerce website,0,4,0,92
how to back up wordpress site,0,10,0,43.9
how to back up wordpress website,0,8,0,58
how to backup a wordpress site,0,7,0,51
how to backup my wordpress site,0,1,0,55
how to backup my wordpress website,0,1,0,50
how to backup website in wordpress,0,4,0,49.5
how to backup website wordpress,0,4,0,55.5
how to backup wordpress,0,2,0,51
how to backup wordpress blog,0,2,0,91
how to backup wordpress database,0,1,0,45
how to backup wordpress site,0,38,0,57.921052631578945
how to backup wordpress site manually,0,1,0,48
how to backup wordpress site without plugin,0,2,0,68
how to backup wordpress website,0,2,0,47
how to backup your wordpress site,0,4,0,59.5
how to boost seo on wordpress,0,1,0,83
how to build an online store with wordpress,0,2,0,22
how to call custom post type in wordpress,0,7,0,66.14285714285714
how to call featured image in wordpress,0,1,0,38
how to check if xampp is installed in windows,0,2,0,10
how to create a custom form in wordpress,0,1,0,84
how to create a custom post in wordpress,0,3,0,53
how to create a custom post type in wordpress,0,1,0,40
how to create a form in wordpress without plugin,0,1,0,26
how to create a form in wordpress without plugin catswhocode,0,5,0,12
how to create a image link,0,1,0,1
how to create a link for photos,0,1,0,1
how to create a link for pictures,0,1,0,1
how to create a link to a photo,0,1,0,1
how to create a wordpress payment form without a plugin,0,9,0,62.77777777777778
how to create an online store with wordpress,0,22,0,29.181818181818183
how to create csv file,0,7,0,1
how to create custom form plugin in wordpress,0,1,0,73
how to create custom post in wordpress,0,2,0,39
how to create custom post type in wordpress,0,1,0,29
how to create custom post types in wordpress,0,2,0,47.5
how to create form in wordpress,0,1,0,82
how to create forms in wordpress without plugin,0,7,0,26
how to create forms in wordpress without plugin catswhocode,0,1,0,12
how to do seo for wordpress site,0,14,0,89.5
how to do seo for wordpress website,0,20,0,92.3
how to do seo in wordpress,0,15,0,62.93333333333333
how to do seo of wordpress website,0,2,0,60.5
how to do seo wordpress,0,16,0,92.75
how to export and import posts in wordpress,0,1,0,10
how to export customers from woocommerce,0,10,0,33.4
how to export data from wordpress,0,9,0,38.44444444444444
how to export elementor page,0,6,0,8
how to export elementor page to another site,0,2,0,8
how to export gravity form entries,0,2,0,11
how to export order details from woocommerce to excel,0,2,0,93.5
how to export post in wordpress,0,1,0,17
how to export posts from wordpress,0,1,0,37
how to export single page in wordpress,0,3,0,11
how to export users from wordpress,0,3,0,6.666666666666667
how to export wordpress pages,0,2,0,27.5
how to export wordpress posts,0,2,0,39.5
how to export wordpress users,0,2,0,14.5
how to find trash in wordpress,0,1,0,1
how to import a page in wordpress,0,6,0,5.5
how to import a website,0,9,0,55.888888888888886
how to import a website into wordpress,0,1,0,1
how to import a wordpress site,0,1,0,35
how to import csv file in wordpress without plugin,0,6,0,1.8333333333333335
how to import database in wordpress,0,1,0,53
how to import page in wordpress,0,7,0,5.285714285714286
how to import pages in wordpress,0,13,0,4.769230769230769
how to import products in woocommerce,0,1,0,72
how to import products into woocommerce,0,11,0,80.54545454545455
how to import template elementor,0,2,0,91
how to import woocommerce variations,0,3,0,19.666666666666668
how to import wordpress database,0,1,0,60
how to import xml file in wordpress,0,1,0,50
how to improve page speed wordpress,0,1,0,60
how to improve seo on wordpress,0,2,0,71.5
how to improve seo on wordpress site,0,1,0,98
how to improve seo on wordpress website,0,1,0,80
how to improve seo ranking wordpress,0,1,0,100
how to improve site speed wordpress,0,2,0,63.5
how to improve website performance in wordpress,0,1,0,74
how to improve wordpress seo,0,18,0,37.77777777777778
how to improve wordpress site speed,0,1,0,60
how to improve wordpress website loading speed,0,1,0,56
how to improve your seo on wordpress,0,1,0,66
how to increase loading speed of wordpress website,0,1,0,60
how to increase seo on wordpress,0,1,0,81
how to increase speed of wordpress site,0,1,0,51
how to increase website loading speed in wordpress,0,1,0,66
how to increase wordpress speed,0,2,0,87
how to install ioncube loader,0,2,0,1.5
how to install ioncube loader in xampp,0,1,0,7
how to install wamp server in ubuntu,0,1,0,11
how to install wamp server in windows 11,0,5,0,2.4
how to install wpml plugin in wordpress,0,1,0,14
how to install xampp,0,1,0,1
how to install xampp server,0,1,0,44
how to link photos,0,1,0,1
how to make a custom post type in wordpress,0,2,0,53
how to make a link for photos,0,1,0,1
how to make a photo a link,0,2,0,1
how to make a picture a link,0,2,0,1
how to make an ecommerce site with wordpress,0,1,0,96
how to make backup of wordpress site,0,8,0,75.75
how to make custom post in wordpress,0,6,0,45.333333333333336
how to make image link,0,2,0,1.5
how to make my website load faster wordpress,0,1,0,78
how to make my wordpress website load faster,0,1,0,90
how to make online shopping website in wordpress,0,3,0,48
how to make photo into link,0,1,0,1
how to make website faster wordpress,0,1,0,57
how to make website load faster wordpress,0,23,0,75.26086956521739
how to make wordpress site load faster,0,1,0,56
how to make wordpress website load faster,0,3,0,87
how to protect wordpress website from hackers,0,1,0,9
how to recover deleted blog posts on wordpress,0,1,0,100
how to recover wordpress website,0,1,0,12
how to restore a wordpress site from backup,0,1,0,29
how to restore backup in wordpress,0,3,0,60.666666666666664
how to restore backup wordpress,0,2,0,42.5
how to restore previous version of wordpress site,0,2,0,74.5
how to restore website from backup,0,5,0,59.2
how to restore wordpress backup,0,17,0,34.94117647058823
how to restore wordpress from backup,0,10,0,66.7
how to restore wordpress site from backup,0,1,0,58
how to restore wordpress website from backup,0,2,0,25
how to scale infrastructure for high traffic,0,3,0,50.333333333333336
how to scale woocommerce,0,7,0,1.5714285714285714
how to scale wordpress,0,8,0,26.5
how to seo a wordpress website,0,3,0,78.66666666666667
how to seo in wordpress,0,1,0,96
how to seo on wordpress,0,4,0,69.5
how to set up xampp or mamp for local web development,0,1,0,9
how to setup wamp,0,9,0,9.444444444444445
how to setup wamp server,0,2,0,20
how to speed up your wordpress site,0,12,0,59.25
how to speed up your wordpress website,0,2,0,37
how to start an online store with wordpress,0,15,0,22.933333333333334
how to start wamp server,0,1,0,41
how to turn image into link,0,1,0,5
how to turn image to link,0,1,0,2
how to use ai in wordpress,0,18,0,35.666666666666664
how to use seo on wordpress,0,1,0,82
how to use wamp,0,1,0,39
how to wordpress seo,0,2,0,92.5
html import 2 plugin,0,1,0,10
html wordpress 移行,0,8,0,49.875
html ワードプレス化,0,1,0,1
"i have a tar.gz file for an old website. i don't want to host this website, but i would like to view it. it was a wordpress website. is there a way to view the site?",0,36,0,45.333333333333336
i need to deploy wordpress with redis page caching—what’s the simplest way to set that up on a host that can scale during traffic spikes?,0,8,0,9.625
ia para crear sugerencias de prendas de ropa basados en modas pasadas ia generativa ia predictiva ia discriminativa,0,1,0,1
image link,0,1,0,4
image link to jpg,0,1,0,5
image to hyperlink,0,1,0,4
image to link,0,2,0,6
image urls for testing,0,1,0,40
image with hyperlink,0,1,0,1
imagen destacada wordpress,0,4,0,45.25
implementar ia en wordpress,0,7,0,7.714285714285714
implementar inteligencia artificial en wordpress,0,7,0,58.142857142857146
import aliexpress reviews to woocommerce,0,2,0,76.5
import and export sites,0,1,0,99
import bbpress forums topics and replies bulk,0,2,0,7
import categories,0,2,0,18.5
import contact form 7 entries to gravity forms,0,5,0,23.2
import csv into wordpress,0,2,0,7.5
import csv wordpress,0,15,0,44.266666666666666
import customers woocommerce,0,1,0,16
import dat do wordpressu,0,1,0,85
import entries gravity forms,0,2,0,6
import etsy reviews to woocommerce,0,1,0,56
import export pages wordpress,0,6,0,7.833333333333333
import export post,0,1,0,8
import export users wordpress,0,9,0,41.111111111111114
import export woocommerce orders,0,1,0,38
import export wordpress users,0,1,0,5
import field,0,1,0,1
import flat file,0,3,0,67.33333333333333
import gallery,0,1,0,3
import gravity form entries,0,3,0,7.333333333333333
import gravity forms entries,0,11,0,8.727272727272727
import into wordpress,0,1,0,19
import page,0,4,0,7
import page wordpress,0,8,0,4.875
import post translations wpml,0,9,0,14.555555555555555
import posts from one wordpress to another,0,1,0,8
import products into woocommerce,0,1,0,82
import reviews woocommerce,0,2,0,12
import seo titles,0,16,0,11.75
import seopress title description keyword,0,18,0,15
import shopify to woocommerce,0,3,0,53
import sql wordpress,0,2,0,65.5
import translation,0,1,0,28
import users from csv with meta,0,1,0,27
import users wordpress,0,1,0,16
import variable products woocommerce,0,5,0,6.8
import variable products woocommerce free,0,1,0,2
import website to wordpress,0,2,0,22.5
import woocommerce categories by hierarchy,0,1,0,18
import woocommerce customer reviews,0,21,0,15.666666666666666
import woocommerce customers,0,2,0,18.5
import woocommerce product reviews,0,2,0,7.5
import woocommerce products,0,1,0,4
import woocommerce products to shopify,0,2,0,89
import woocommerce to shopify,0,2,0,80
import woocommerce variable products with images and attributes,0,1,0,1
import wordpress,0,4,0,17.75
import wordpress database,0,2,0,58
import wordpress database phpmyadmin,0,1,0,85
import wordpress site from zip,0,3,0,24
import wp,0,1,0,8
import wp pro,0,2,0,8.5
import wpress file to wordpress,0,2,0,64
import xml into wordpress,0,1,0,50
import xml wordpress,0,1,0,56
import/export for advanced custom fields,0,2,0,2.5
importación y exportación de datos,0,5,0,74.6
importar blog,0,1,0,16
importar csv,0,3,0,50.666666666666664
importar datos excel php,0,1,0,85
importar imagenes,0,1,0,20
importar o exportar,0,1,0,85
importar pedidos woocommerce,0,1,0,5
importar productos woocommerce,0,22,0,17.727272727272727
importar wordpress,0,1,0,7
importar y exportar datos,0,3,0,52
importer,0,6,0,61.166666666666664
importer directory,0,3,0,56
importer example,0,1,0,42
importer pro,0,4,0,3.75
importer site wordpress,0,1,0,23
importer wordpress,0,1,0,42
importing entries to gravity forms,0,5,0,5.2
imports pro,0,1,0,12
improve mobile speed wordpress,0,1,0,94
improve page speed wordpress,0,25,0,63.76
improve seo on wordpress,0,7,0,75.14285714285714
improve site speed wordpress,0,3,0,58.666666666666664
improve wordpress site speed,0,52,0,67.88461538461539
improve wordpress speed,0,34,0,81.52941176470588
improve wordpress website speed,0,34,0,68.20588235294117
improve wp site speed,0,13,0,60.61538461538461
improve your wordpress website's speed,0,2,0,67
improving seo on wordpress,0,1,0,88
increase loading speed of wordpress website,0,1,0,43
increase page speed wordpress,0,26,0,60.30769230769231
increase website speed wordpress plugin,0,1,0,2
increase wordpress site speed,0,1,0,59
increase wordpress speed,0,35,0,85.82857142857142
increase wordpress website speed,0,12,0,54.583333333333336
input too large,0,1,0,1
insert contact form in wordpress,0,2,0,77
insertar una imagen desde la web en word,0,35,0,1
inserting an image by linking,0,1,0,1
instalar hamachi,0,1,0,4
instalar happn,0,1,0,4
instalar moodle en xampp,0,1,0,4
instalar wamp,0,14,0,12.142857142857142
instalar wampserver,0,4,0,5
instalar xamp,0,1,0,1
instalar xampp en linux mint,0,1,0,3
instalar xampp en mac,0,1,0,7
instalar xampp en windows 11,0,1,0,2
instalar xampp linux,0,1,0,3
install ioncube,0,1,0,1
install ioncube loader,0,3,0,2.666666666666667
install ioncube loader php,0,1,0,5
install ioncube loader ubuntu,0,1,0,10
install ioncube loader xampp,0,1,0,9
install php,0,1,0,5
install wamp server,0,5,0,7.8
install web server,0,1,0,1
install wordpress in windows,0,1,0,1
install xampp di ubuntu,0,1,0,2
install xampp ubuntu,0,1,0,4
installing wamp,0,2,0,1
integrating+ai+with+wordpress,0,2,0,73
internship in software company,0,1,0,168
inventory management for woocommerce,0,2,0,25.5
inventory management in woocommerce,0,1,0,45
inventory management software woocommerce,0,2,0,54
inventory management system woocommerce,0,2,0,29
ion cube loader,0,1,0,10
ioncub,0,1,0,8
ioncube,0,46,0,12.41304347826087
ioncube 15,0,2,0,4
ioncube denwer,0,2,0,87.5
ioncube install,0,3,0,9.333333333333334
ioncube kurulumu,0,2,0,9
ioncube loader,0,36,0,10.666666666666666
ioncube loader download,0,1,0,22
ioncube loader install,0,3,0,3
ioncube loader wizard,0,5,0,6.8
ioncube loader wordpress,0,1,0,4
ioncube loader xampp,0,3,0,6.333333333333333
ioncube loaders,0,4,0,13.75
ioncube ltd,0,1,0,53
ioncube nedir,0,3,0,9.666666666666666
ioncube php,0,1,0,7
ioncube plesk,0,1,0,5
ioncube xampp,0,1,0,6
ioncube_loader,0,1,0,1
is wordpress scalable,0,7,0,27.571428571428573
it companies in tirunelveli,0,3,0,34.333333333333336
it companies tirunelveli,0,1,0,32
it company in tirunelveli,0,5,0,33.4
its not running,0,1,0,3
jasper wordpress,0,1,0,17
jet engine documentation,0,1,0,12
jet importacion,0,3,0,11.333333333333334
jetbookings,0,8,0,6.875
jetengine bulk convert post type,0,7,0,18.428571428571427
jetengine bulk edit custom post types,0,13,0,34.38461538461539
jetengine changelog,0,2,0,23.5
jetengine import custom post types,0,28,0,7.5
jetreview,0,10,0,7.3
jpg to link,0,1,0,4
la galería de libreoffice permite crear temas personalizados para incluir imágenes de nuestra elección. seleccione una: verdadero falso,0,1,0,12
lamp vs xampp,0,1,0,1
landing page popup builder,0,4,0,44.5
language switcher polylang,0,1,0,74
laragon remove license popup,0,1,0,28
lead conector,0,1,0,74
lead connector plugin,0,1,0,25
lead connector wordpress plugin,0,1,0,41
lead source wordpress,0,2,0,1
leads no crm,0,1,0,52
learn how to use wordpress,0,1,0,3
learnpress bulk edit max number of students,0,12,0,6.75
leer archivos csv,0,1,0,1
licencias zoho por tarjeta stripe,0,1,0,52
lightweight wordpress plugin,0,1,0,85
lightweight wordpress speed plugin,0,1,0,1
list custom post types with a detailed list of taxonomies and meta fields,0,3,0,68
lms import,0,4,0,10
loader-wizard.php,0,1,0,8
localhost/loader-wizard.php,0,5,0,8.4
loopback requests to wp-cron.php are blocked. this may prevent scheduled tasks from running. please check your server configuration.,0,2,0,10.5
magento 1 to woocommerce,0,1,0,95
magento pros cons,0,1,0,83
magento to woocommerce product import,0,1,0,98
make a photo link,0,1,0,2
make an online store with wordpress,0,1,0,31
make website load faster wordpress,0,1,0,80
make wordpress website faster,0,1,0,60
manage inventory woocommerce,0,1,0,84
manual de woocommerce,0,5,0,85.4
manual woocommerce,0,2,0,86.5
manually restore wordpress site from backup,0,2,0,25
masterstudylms,0,1,0,9
mb custom post types bulk edit,0,6,0,42.166666666666664
media library manager,0,1,0,2
melhor plugin de seo para wordpress,0,1,0,89
meta box,0,9,0,8
meta box aio,0,1,0,2
meta box bulk edit custom post types,0,3,0,41
meta box export and import custom fields,0,6,0,14
meta box export import custom post types,0,14,0,5.142857142857143
meta box plugin bulk edit custom fields,0,6,0,37
meta boxes,0,1,0,79
metabox custom fields,0,1,0,22
metadatos seo,0,5,0,78.2
migración de woocommerce a shopify,0,8,0,34.375
migrar de shopify a woocommerce,0,3,0,3.6666666666666665
migrar de shopify a wordpress,0,10,0,7.2
migrar de woocommerce a shopify,0,1,0,79
migrar de wordpress a shopify,0,1,0,84
migrar woocommerce a shopify,0,3,0,68.33333333333333
migrar wordpress a shopify,0,1,0,73
migrate & import shopify to woocommerce,0,3,0,29.666666666666668
migrate formidable forms to gravity forms,0,4,0,55.25
migrate from shopify to woocommerce,0,10,0,25.3
migrate gravity forms add-ons,0,4,0,37.5
migrate gravity forms entries,0,4,0,11.75
migrate jigoshop to woocommerce,0,2,0,70.5
migrate ninja forms to gravity forms,0,4,0,52.25
migrate orders from woocommerce to shopify,0,5,0,90.2
migrate products from shopify to woocommerce,0,3,0,45.333333333333336
migrate products from woocommerce to shopify,0,1,0,87
migrate shopify store to woocommerce,0,4,0,49
migrate shopify to woocommerce,0,18,0,19.166666666666668
migrate shopify to wordpress,0,1,0,81
migrate to woocommerce,0,1,0,59
migrate woocommerce orders to new site,0,2,0,66
migrate woocommerce site,0,2,0,66.5
migrate woocommerce to woocommerce,0,2,0,63.5
migrate woocommerce website,0,6,0,86.5
migrate wp ecommerce to woocommerce,0,3,0,71.66666666666667
migrating from shopify to woocommerce,0,12,0,29.333333333333332
migrating woocommerce to shopify,0,2,0,96.5
migration woocommerce shopify,0,2,0,87.5
mlm2pro subscription cost,0,1,0,1
mobile coders,0,1,0,39
monthly wordpress maintenance checklist,0,4,0,8.25
move from woocommerce to shopify,0,2,0,100
move google photos to immich,0,2,0,2
move shopify to woocommerce,0,1,0,54
move website from shopify to wordpress,0,1,0,66
moving from shopify to woocommerce,0,3,0,81.66666666666667
multi level affiliates woocommerce,0,7,0,29.857142857142858
multipurpose theme,0,1,0,8
multipurpose wordpress theme,0,16,0,21.125
new csv file,0,1,0,4
nexcodecanyonp speed improvements ocean review buy,0,1,0,1
nextgen gallery,0,20,0,8.35
nextgen gallery custom template,0,7,0,71.57142857142857
nextgen gallery link image to url,0,10,0,56.3
nextgen gallery pro free download,0,8,0,47.125
nextgen gallery 画像 アップロードできない,0,6,0,10
ngg gallery,0,7,0,79.71428571428571
o que é wamp,0,2,0,36
online shop in wordpress,0,2,0,46.5
online shop with wordpress,0,1,0,77
online store for wordpress,0,1,0,43
online store in wordpress,0,4,0,21
online store using wordpress,0,2,0,30
online store video marketing,0,1,0,7
online store with wordpress,0,3,0,38
online store wordpress,0,16,0,50.0625
onlineshop wordpress,0,1,0,26
open acf file,0,1,0,96
open xampp control panel,0,1,0,1
optimiser wordpress,0,6,0,81.83333333333333
optimize plugin wordpress,0,3,0,64.33333333333334
optimize speed wordpress,0,6,0,89.33333333333333
optimize wordpress database,0,5,0,59.4
optimize wordpress site performance,0,6,0,84
optimize wordpress speed,0,4,0,97.25
optimize wp database,0,1,0,32
optimized data export tools,0,8,0,23.375
optimizer wp,0,2,0,86
own form,0,1,0,1
page speed optimization wordpress,0,7,0,76.57142857142857
page speed plugin,0,1,0,1
page speed plugin wordpress,0,2,0,30
page speed wordpress plugin,0,1,0,34
pagespeed wordpress plugin,0,1,0,72
pagina de plugins,0,1,0,42
pasos para instalar xampp,0,1,0,1
pdo installation address,0,1,0,1
personalización con ia,0,5,0,30.2
personalización impulsada por ia,0,3,0,10
php cron manager,0,2,0,48.5
php ioncube,0,1,0,7
picture to link,0,1,0,6
pixiv 作品 リンク 貼り方,0,1,0,4
plesk install ioncube,0,1,0,5
plugin for seo in wordpress,0,1,0,92
plugin optimisation wordpress,0,4,0,57.25
plugin para seo wordpress,0,1,0,96
plugin seo,0,1,0,61
plugin seo para wordpress,0,1,0,35
plugin seo wordpress,0,22,0,64.18181818181819
plugin seo wordpress gratis,0,1,0,92
plugin to make website load faster,0,1,0,36
plugin to optimize wordpress,0,1,0,71
plugin wordpress affiliate,0,1,0,98
plugin wp all import,0,1,0,24
plugin wpml gratis,0,1,0,43
plugins de inteligencia artificial para wordpress,0,1,0,95
plugins seo wordpress,0,1,0,96
plugins wordpress seo,0,2,0,56
pods export import google sheets,0,1,0,48
pods – custom content types and fields,0,1,0,10
poly language wordpress plugin,0,1,0,8
polylang,0,3,0,34.333333333333336
polylang arabic,0,1,0,42
polylang bulk translate categories,0,23,0,15.478260869565217
polylang bulk translate posts in google sheets,0,32,0,23.5
polylang bulk translate woocommerce products in google sheets,0,3,0,12.666666666666666
polylang for woocommerce,0,1,0,33
polylang for woocommerce export and import product translations,0,2,0,6
polylang for woocommerce free,0,3,0,40.666666666666664
polylang for woocommerce nulled,0,1,0,50
polylang google translate,0,1,0,19
polylang hreflang wordpress documentation,0,1,0,11
polylang pll_get_term documentation,0,10,0,7.3
polylang plugin,0,5,0,17.8
polylang plugin wordpress,0,4,0,11.75
polylang pro plugin,0,1,0,36
polylang seo,0,18,0,33
polylang to wpml migration,0,1,0,48
polylang translate and import categories,0,2,0,5
polylang translate custom post types documentation,0,1,0,10
polylang translation services,0,1,0,58
polylang vs wpml,0,1,0,3
polylang woocommerce,0,4,0,22.75
polylang woocommerce compatibility,0,1,0,8
polylang woocommerce plugin,0,2,0,18
polylang wordpress,0,1,0,47
polylang wordpress plugin,0,3,0,20
polylang wordpress plugin features,0,2,0,8.5
polylang yoast seo,0,2,0,7.5
polylang 使い方,0,30,0,9.9
popup builders,0,29,0,25.82758620689655
post import export plugin,0,3,0,26.666666666666668
ppom,0,65,0,9.707692307692307
ppom for woocommerce,0,2,0,11
ppom meaning,0,1,0,1
ppom.,0,2,0,12
product csv file download,0,50,0,12.68
product import woocommerce,0,1,0,68
product importer woocommerce,0,1,0,54
product review export,0,1,0,15
product reviews import export for woocommerce,0,4,0,13.75
product reviews pro,0,1,0,31
product sample data csv,0,1,0,9
producto con diferentes precios woocommerce,0,1,0,83
products csv file download,0,6,0,7.833333333333333
programar entradas en wordpress,0,1,0,41
pros and cons of magento ecommerce platform,0,1,0,92
que es wamp,0,9,0,29
rank checker plugin html,0,1,0,82
rank math coupon,0,1,0,97
rank math import redirects,0,1,0,29
rank math import redirects csv format columns,0,3,0,10.333333333333334
rank math pillar content,0,2,0,42
rank math redirection csv import format columns,0,1,0,8
rank math redirections csv import format,0,1,0,9
rank math redirections csv import format columns,0,4,0,8.75
rank math seo pro,0,1,0,10
rank math seo settings,0,1,0,23
rank tracking csv export,0,9,0,52.44444444444444
rank+math+schema+templates,0,1,0,75
rank_math_description,0,1,0,2
rank_math_focus_keyword,0,13,0,19.53846153846154
rankmath,0,12,0,6.333333333333333
rankmath discount,0,1,0,44
rankmath refund,0,1,0,44
rankmath seo,0,2,0,5
recover wordpress site,0,1,0,13
reduce el contenido javascript que no se use wordpress,0,1,0,38
reduce page load time wordpress,0,1,0,73
reducir el tiempo de respuesta inicial del servidor wordpress,0,2,0,91
reinstalar xampp,0,1,0,22
request entity too large,0,1,0,1
restore a wordpress backup,0,15,0,59.6
restore backup wordpress,0,1,0,36
restore broken wordpress site,0,3,0,84.33333333333333
restore website wordpress,0,1,0,34
restore wordpress,0,5,0,37.4
restore wordpress backup to new server,0,11,0,18.454545454545453
restore wordpress from backup,0,34,0,23.61764705882353
restore wordpress from zip backup,0,1,0,12
restore wordpress site,0,36,0,22.305555555555557
restore wordpress site from backup,0,6,0,35.666666666666664
restore wordpress site to previous date,0,4,0,58.25
restore wordpress site to previous date without backup,0,2,0,45.5
restoring wordpress from backup,0,1,0,1
restoring wordpress site from backup,0,1,0,1
review importer,0,2,0,81.5
sacar link de una imagen,0,1,0,1
sacar url de una imagen,0,1,0,4
salesforce エクスポート,0,2,0,1
sample .csv file download,0,1,0,10
sample csv,0,2,0,12
sample csv data file,0,3,0,20.666666666666668
sample csv data file download,0,1,0,14
sample csv file,0,4,0,17.5
sample csv file download,0,20,0,8.05
sample csv file download for data analysis,0,1,0,24
sample csv file download for testing,0,2,0,11
sample csv file example,0,2,0,16
sample csv file format,0,6,0,28.166666666666668
sample csv file with data,0,2,0,20
sample csv files download,0,8,0,11.625
sample csv format,0,1,0,18
sample customer csv file download,0,1,0,11
sample data csv,0,6,0,22.833333333333332
sample data csv file,0,2,0,18
sample data csv file download,0,4,0,15.5
sample data in csv format,0,3,0,19.666666666666668
sample excel csv file download,0,1,0,15
sample product csv file,0,20,0,11.6
sample product csv file download,0,12,0,7.666666666666667
sample product csv file for woocommerce,0,4,0,8.75
sample products csv file,0,2,0,9
sample woocommerce products csv,0,5,0,7.6
sample.csv,0,1,0,6
save elementor page as template,0,1,0,77
scalable wordpress,0,40,0,20.325
scalable wordpress hosting,0,27,0,78.81481481481481
scalable wordpress solution,0,1,0,20
scalable wordpress solutions,0,1,0,95
scalable wp hosting,0,6,0,92.33333333333333
scale woocommerce store,0,9,0,18.22222222222222
scale wordpress,0,3,0,1
scaling woocommerce,0,4,0,12.75
scaling wordpress,0,12,0,17.916666666666668
scaling wordpress for high traffic,0,1,0,1
scaling wordpress nginx,0,1,0,11
search engine optimization plugin,0,1,0,99
search engine optimization plugin for wordpress,0,1,0,98
search engine optimization wordpress plugin,0,1,0,95
search optimization plugin,0,1,0,97
secure custom fields wordpress,0,1,0,39
seo basics for wordpress,0,1,0,89
seo basics wordpress,0,2,0,72.5
seo data importer,0,8,0,3.625
seo dataset to excel,0,5,0,95.2
seo export,0,2,0,16.5
seo extension wordpress,0,2,0,90
seo for wordpress,0,50,0,58.28
seo for wordpress 2021,0,1,0,76
seo for wordpress site,0,5,0,79.2
seo for wordpress sites,0,2,0,89.5
seo for wordpress website,0,8,0,56.625
seo for wordpress websites,0,17,0,68.6470588235294
seo guide for wordpress,0,2,0,47
seo in wordpress,0,91,0,63.252747252747255
seo in wordpress site,0,2,0,91.5
seo in wordpress tutorial,0,2,0,25
seo in wordpress website,0,1,0,81
seo of wordpress website,0,1,0,97
seo on wordpress,0,13,0,63.38461538461539
seo on wordpress website,0,2,0,89
seo optimering wordpress,0,1,0,99
seo optimisation wordpress,0,1,0,79
seo optimization tools wordpress,0,8,0,92.75
seo options wordpress,0,1,0,75
seo para wordpress,0,6,0,82.16666666666667
seo plug in,0,5,0,81.2
seo plug ins,0,1,0,91
seo plugin,0,10,0,69.2
seo plugin for wordpress,0,30,0,72.76666666666667
seo plugin wordpress,0,36,0,59.69444444444444
seo plugins,0,17,0,66
seo plugins for wordpress,0,50,0,62.92
seo plugins in wordpress,0,2,0,69
seo plugins wordpress,0,43,0,58.7906976744186
seo setup for wordpress,0,3,0,91
seo software for wordpress,0,16,0,90.1875
seo steps for wordpress,0,1,0,38
seo tips for wordpress,0,1,0,77
seo tool for wordpress,0,6,0,91.16666666666667
seo tool wordpress,0,6,0,87.16666666666667
seo tools for wordpress,0,65,0,67.0923076923077
seo tools in wordpress,0,3,0,67
seo tools wordpress,0,17,0,93
seo tutorial wordpress,0,1,0,52
seo ultimate wordpress,0,1,0,81
seo with wordpress,0,1,0,53
seo wordpress,0,39,0,61.53846153846154
seo wordpress guide,0,1,0,47
seo wordpress plugin,0,66,0,62.92424242424242
seo wordpress plugins,0,2,0,69
seo wordpress sans plugin,0,5,0,90.6
seo wordpress tips,0,15,0,89.73333333333333
seo wordpress tools,0,7,0,83.42857142857143
seo wordpress tutorial,0,1,0,36
seo wordpress website,0,2,0,95
seo ワードプレス,0,1,0,84
seopress breadcrumbs,0,5,0,65.6
seopress changelog,0,2,0,67
seopress lifetime deal,0,1,0,89
seopress woocommerce,0,10,0,81
seoワードプレス,0,1,0,88
server wamp,0,1,0,9
servidor apache xampp,0,1,0,93
servidor wamp,0,3,0,7.333333333333333
set up seo wordpress,0,2,0,64
set up wamp,0,2,0,12
set up xampp,0,1,0,61
setting up wamp,0,2,0,18
setting up xampp,0,1,0,71
setup seo wordpress,0,1,0,82
setup wampserver,0,1,0,29
shop in wordpress,0,7,0,31.285714285714285
shopify csv to woocommerce,0,4,0,10.5
shopify export to woocommerce,0,5,0,25
shopify import woocommerce,0,1,0,74
shopify to woocommerce,0,3,0,51.666666666666664
shopify to woocommerce customer migration,0,5,0,2
shopify to woocommerce migration,0,13,0,18.923076923076923
shopify to woocommerce migration free,0,3,0,20
shopify to woocommerce migration plugin,0,2,0,21.5
shopify to woocommerce migration tool,0,2,0,22.5
shopify to woocommerce order migration,0,1,0,2
shopify to woocommerce plugin,0,2,0,48
shopify woocommerce migration,0,1,0,72
show me how to install,0,1,0,10
show pic link,0,1,0,1
show picture link,0,4,0,1
simple export import for acf data,0,10,0,10
"site error: the ioncube php loader needs to be installed. this is a widely used php extension for running ioncube protected php code, website security and malware blocking. please visit get-loader.ioncube.com for install assistance.",0,2,0,1
site:www.smackcoders.com,0,6,0,1
smack company,0,1,0,20
smack tech,0,1,0,27
smackcoders inc. photos,0,20,0,2.9
smackcoders photos,0,3,0,3.3333333333333335
smackcoders reviews,0,5,0,8.4
smackcoders.com,0,1,0,1
software companies in tirunelveli,0,6,0,22.5
speed optimization in wordpress,0,45,0,75.5111111111111
speed optimization plugin,0,2,0,42.5
speed optimization wordpress plugin,0,1,0,33
speed optimizer plugin,0,1,0,3
speed up wordpress plugin,0,1,0,38
speed up wordpress site loading,0,1,0,61
speed up your wordpress site,0,29,0,73.79310344827586
speed wordpress website,0,6,0,79
sql server csv インポート 既存 テーブル,0,2,0,2
ssms csv import,0,1,0,4
start ecommerce website with wordpress,0,3,0,88
stock management woocommerce,0,2,0,35
stock manager for woocommerce,0,1,0,40
studio import,0,1,0,2
sugar crm wordpress,0,2,0,99.5
suitecrm wordpress,0,5,0,78.2
switch from shopify to woocommerce,0,2,0,57
sync woocommerce with google sheets,0,9,0,85.88888888888889
tamex import export photos,0,1,0,3
taxonomia wordpress,0,15,0,14.6
taxonomies,0,2,0,14.5
taxonomy acf,0,1,0,7
taxonomy import,0,1,0,9
the best seo plugin for wordpress,0,17,0,72.88235294117646
the disable_wp_cron constant is set to true. wp-cron spawning is disabled.,0,3,0,2.666666666666667
the events calendar wpml translate events with ai,0,4,0,45
the wordpress rest api must be enabled for wpml to work correctly.,0,4,0,5
themeco templates,0,3,0,55
tirunelveli companies,0,2,0,21.5
tirunelveli company,0,1,0,16
tirunelveli company list,0,3,0,43.333333333333336
tirunelveli it companies,0,1,0,29
tirunelveli it company,0,14,0,24.071428571428573
tirunelveli it company list,0,2,0,32.5
tirunelveli software company,0,1,0,23
tirunelveli software company list,0,1,0,32
toolset types,0,4,0,7.25
tooxt reviews,0,1,0,1
top 10 coupon plugins for woocommerce,0,1,0,12
top 10 seo plugins for wordpress,0,1,0,1
top 7 wordpress plugins for seo,0,8,0,32.25
top seo plugins,0,1,0,89
top seo plugins for wordpress,0,16,0,46.4375
top seo wordpress plugins,0,1,0,81
top wordpress seo plugins,0,23,0,60.73913043478261
transfer domain from shopify to wordpress,0,1,0,81
transfer jigoshop to woocommerce,0,1,0,63
transfer products from shopify to woocommerce,0,4,0,26.25
transfer shopify store to woocommerce,0,4,0,31
transfer shopify to woocommerce,0,6,0,46
transfer shopify to wordpress,0,5,0,59
transfer woocommerce store to shopify,0,5,0,92.2
transfer woocommerce to shopify,0,1,0,99
transfer woocommerce to woocommerce,0,2,0,76.5
transfer wp ecommerce to woocommerce,0,2,0,73.5
tutor lms export import courses csv,0,1,0,12
tutor lms export import google sheets,0,21,0,45.80952380952381
tutorial seo wordpress,0,1,0,76
txt a csv,0,1,0,4
ultimate content generator for wordpress,0,3,0,98.66666666666667
ultimate csv importer free,0,1,0,2
ultimate csv importer pro free download,0,3,0,21
ultimate csv importer pro nulled,0,1,0,2
ultimate member,0,6,0,11.833333333333334
ultimate member bulk edit profiles,0,16,0,9
ultimate member export,0,2,0,7
ultimate member export users,0,4,0,4.25
ultimate members,0,1,0,43
ultimate membership pro wordpress,0,1,0,100
ultimate membership pro wordpress plugin,0,1,0,77
ultimate user,0,1,0,11
upload csv to claude,0,2,0,2
upload xml to wordpress,0,1,0,67
uploading data to wordpress,0,4,0,15
urls in wordpress,0,1,0,91
variable importer,0,1,0,9
velocità wordpress,0,1,0,32
verify wordpress installation security,0,1,0,95
video mercadeo,0,28,0,31.357142857142858
view wordpress website from tar.gz file offline,0,2,0,78
view wordpress website tar.gz file offline,0,3,0,68
vtiger magento,0,1,0,62
w a m p,0,1,0,11
wammp,0,2,0,9.5
wamp configuration,0,1,0,47
wamp control panel,0,2,0,6
wamp descargar,0,5,0,44.6
wamp download,0,3,0,21
wamp download for mac,0,6,0,8.333333333333332
wamp download mac,0,2,0,10.5
wamp for linux,0,2,0,6.5
wamp for mac,0,30,0,4.5
wamp for mac download,0,3,0,7.333333333333333
wamp for macos,0,4,0,2
wamp full form,0,1,0,48
wamp in hindi,0,7,0,6.428571428571429
wamp indir,0,6,0,8.333333333333332
wamp install,0,19,0,7.2105263157894735
wamp install windows,0,3,0,7
wamp installation,0,3,0,10.666666666666666
wamp linux,0,11,0,4.090909090909091
wamp mac,0,17,0,23.352941176470587
wamp macos,0,2,0,2
wamp on mac,0,3,0,10.666666666666666
wamp or xampp,0,3,0,19.333333333333332
wamp package,0,2,0,29
wamp para mac,0,2,0,2
wamp pour mac,0,1,0,6
wamp que es,0,1,0,27
wamp s,0,1,0,97
wamp se,0,8,0,45.25
wamp ser,0,8,0,29.25
wamp server,0,2,0,14.5
wamp server configuration,0,1,0,53
wamp server for linux,0,4,0,2
wamp server for mac,0,1,0,9
wamp server install,0,1,0,38
wamp server installation,0,2,0,5
wamp server linux,0,3,0,4.333333333333334
wamp server mac,0,8,0,7
wamp server setup,0,2,0,22
wamp setup,0,4,0,18.75
wamp stack,0,1,0,49
wamp stack windows,0,1,0,71
wamp vs xampp,0,3,0,27.333333333333332
wamp xamp,0,1,0,1
wamp xampp,0,10,0,37.6
wamp 意味,0,3,0,1.3333333333333333
wamp/xamp,0,4,0,8.5
wamp5 download,0,1,0,54
wamp64,0,1,0,2
wampp,0,7,0,8.428571428571429
wampp for mac,0,1,0,2
wamps,0,1,0,1
wampserver,0,1,0,48
wampserver download mac,0,3,0,22.333333333333332
wampserver en,0,1,0,9
wampserver for linux,0,7,0,1.8571428571428572
wampserver for mac,0,12,0,4.916666666666666
wampserver installation steps,0,3,0,8
wampserver linux,0,8,0,1.875
wampserver mac,0,24,0,3.3333333333333335
wampserver mac download,0,1,0,8
wampserver macos,0,4,0,2.75
wampserver o xampp,0,3,0,9
wampserver para mac,0,1,0,1
wampserver setup,0,1,0,27
wampserver vs xampp,0,2,0,28
wampt,0,1,0,9
warehouse management system woocommerce,0,2,0,68
wasapi download,0,1,0,2
webshop erstellen wordpress,0,2,0,77.5
website import tool,0,2,0,84
website import tools,0,4,0,75.25
website importer free,0,1,0,91
website seo wordpress,0,2,0,97.5
website zu wordpress umziehen,0,1,0,2
webwinkel in wordpress,0,3,0,55.666666666666664
what are taxonomies in wordpress,0,1,0,1
what are the most important steps to make a wordpress site handle high traffic without crashing?,0,1,0,11
what is ioncube,0,1,0,34
what is ioncube loader,0,7,0,6.285714285714286
what is the best free seo plugin for wordpress,0,1,0,73
what is the best seo plugin for wordpress,0,2,0,51
what is the best way to build a scalable ecommerce site using woocommerce?,0,1,0,1
what is wamp and xampp,0,1,0,30
what is wordpress cron,0,1,0,43
what is wp cron,0,3,0,37
what is xampp and wamp,0,1,0,28
what's the best scalable hosting option for a woocommerce store that runs big sales events?,0,1,0,1
which free plugin can work with wp-optimize to make my wp site (the site server based in china) much more faster?,0,23,0,87.34782608695652
which of the following is the correct method to convert an image to a link,0,1,0,1
which seo plugin is best for wordpress,0,2,0,36.5
which xampp version is best for windows 11,0,1,0,1
who provides the best wordpress optimization services?,0,1,0,1
winamp 2025,0,1,0,1
winamp alternative for mac,0,1,0,10
winamp apk pro full,0,1,0,1
winamp win 11,0,1,0,2
woocommerce,0,1,0,11
woocommerce accounts to google sheets,0,10,0,82.5
woocommerce add reviews manually,0,2,0,24
woocommerce affiliate,0,12,0,39.333333333333336
woocommerce affiliate manager,0,1,0,29
woocommerce affiliate marketing,0,10,0,39.3
woocommerce affiliate marketing features,0,1,0,18
woocommerce affiliate marketing plugin,0,3,0,24
woocommerce affiliate plugin,0,88,0,29.818181818181817
woocommerce affiliate plugin free,0,22,0,23
woocommerce affiliate products plugin,0,11,0,18.545454545454547
woocommerce affiliate program,0,21,0,39.904761904761905
woocommerce affiliate software,0,4,0,22
woocommerce affiliate tracking,0,4,0,60.5
woocommerce affiliates,0,1,0,29
woocommerce automated emails,0,2,0,55
woocommerce bulk add products,0,1,0,19
woocommerce bulk edit advanced custom fields,0,1,0,50
woocommerce bulk stock management,0,1,0,96
woocommerce bulk upload product galleries,0,2,0,32
woocommerce category import,0,1,0,19
woocommerce commission plugin,0,7,0,69
woocommerce csv,0,1,0,6
woocommerce csv import,0,12,0,47
woocommerce csv import plugin,0,1,0,18
woocommerce csv import variable products,0,7,0,12.714285714285714
woocommerce csv importer,0,8,0,58.25
woocommerce csv template,0,1,0,9
woocommerce data transfer,0,7,0,75.42857142857143
woocommerce demo products csv,0,2,0,11
woocommerce dummy product csv,0,7,0,9.428571428571429
woocommerce dummy products csv,0,9,0,9.555555555555555
woocommerce dummy products csv download,0,4,0,7.25
woocommerce email automation,0,12,0,64.41666666666666
woocommerce email test plugin,0,1,0,96
woocommerce export and import orders,0,1,0,50
woocommerce export attributes,0,1,0,96
woocommerce export customer data,0,1,0,35
woocommerce export customer emails,0,1,0,40
woocommerce export customer reviews,0,1,0,15
woocommerce export orders csv,0,8,0,77
woocommerce export orders with custom fields,0,5,0,83.8
woocommerce export product reviews,0,31,0,20.06451612903226
woocommerce export products with url,0,2,0,80.5
woocommerce export products with variations,0,14,0,34.57142857142857
woocommerce export reviews,0,2,0,9.5
woocommerce export stock levels to google sheets daily,0,23,0,21.391304347826086
woocommerce export to google sheets,0,18,0,22
woocommerce export to shopify,0,1,0,89
woocommerce export users,0,2,0,48
woocommerce export variable products and variations,0,14,0,12.714285714285714
woocommerce follow up,0,5,0,18.4
woocommerce follow up email plugin,0,8,0,14.625
woocommerce follow up emails,0,33,0,19.393939393939394
woocommerce follow up emails free,0,1,0,20
woocommerce follow up emails plugin,0,8,0,17.625
woocommerce follow-up emails,0,1,0,26
woocommerce free affiliate plugin,0,3,0,13
woocommerce generate product descriptions with gemini,0,20,0,19.2
woocommerce google sheets,0,7,0,63.57142857142857
woocommerce google sheets integration,0,1,0,89
woocommerce import,0,1,0,7
woocommerce import attributes,0,1,0,18
woocommerce import from shopify,0,2,0,53.5
woocommerce import product reviews,0,1,0,16
woocommerce import product variations,0,1,0,25
woocommerce import products with images csv,0,1,0,25
woocommerce import reviews,0,1,0,17
woocommerce import shopify,0,3,0,67
woocommerce import variable products,0,5,0,17
woocommerce import variable products csv,0,1,0,9
woocommerce import variable products free,0,2,0,10
woocommerce import variations,0,2,0,11
woocommerce integration with google sheets,0,2,0,91.5
woocommerce inventory management,0,13,0,50.30769230769231
woocommerce inventory management plugin,0,4,0,41.5
woocommerce inventory management plugin free,0,4,0,18.5
woocommerce inventory management plugins,0,1,0,12
woocommerce inventory management software,0,3,0,54
woocommerce inventory management system,0,1,0,41
woocommerce inventory software,0,1,0,58
woocommerce inventory tracking,0,3,0,44.333333333333336
woocommerce large product catalog management,0,2,0,1
woocommerce leadconnector integration,0,11,0,54.54545454545455
woocommerce learnpress,0,1,0,53
woocommerce limite de productos,0,1,0,68
woocommerce manage inventory,0,1,0,66
woocommerce migrate orders,0,2,0,36
woocommerce migrate products,0,2,0,90.5
woocommerce migration,0,7,0,76.28571428571429
woocommerce migration to shopify,0,14,0,80.78571428571429
woocommerce orders to excel,0,8,0,78.75
woocommerce orders to google sheets,0,19,0,38.26315789473684
woocommerce performance plugin,0,2,0,61
woocommerce polylang,0,3,0,19.666666666666668
woocommerce polylang integration,0,1,0,25
woocommerce post purchase email,0,5,0,72.2
woocommerce product comments,0,1,0,30
woocommerce product csv file download,0,6,0,8.166666666666668
woocommerce product csv importer documentation,0,7,0,9.714285714285714
woocommerce product csv sample,0,2,0,9
woocommerce product export import,0,1,0,63
woocommerce product import csv template,0,2,0,24.5
woocommerce product import template,0,1,0,18
woocommerce product information management,0,3,0,90
woocommerce product sample csv,0,3,0,9.333333333333334
woocommerce product upload,0,3,0,71
woocommerce review product,0,3,0,29.666666666666668
woocommerce sample data csv,0,2,0,14
woocommerce sample data csv download,0,8,0,8.5
woocommerce sample product csv file download,0,2,0,7.5
woocommerce sample products csv,0,3,0,12
woocommerce sample products csv download,0,1,0,10
woocommerce sample products xml download,0,3,0,8.333333333333332
woocommerce scalability,0,1,0,19
woocommerce scaling,0,7,0,20.714285714285715
woocommerce shopify data migration,0,11,0,88.9090909090909
woocommerce shopify migration,0,3,0,77.66666666666667
woocommerce site migration,0,9,0,61.888888888888886
woocommerce speed optimization plugin,0,1,0,37
woocommerce speed plugin,0,4,0,48
woocommerce stock manager,0,3,0,42
woocommerce sync order status to google sheets in real time,0,1,0,49
woocommerce to google sheets,0,8,0,57.125
woocommerce to google sheets integration,0,6,0,79.83333333333333
woocommerce to shopify export,0,4,0,90.5
woocommerce to woocommerce migration,0,2,0,57
woocommerce trigger email,0,10,0,82.3
woocommerce upload products csv,0,1,0,6
woocommerce variable product csv template,0,1,0,12
woocommerce variable product import,0,2,0,10.5
woocommerce warehouse management system,0,1,0,68
woocommerce 評価,0,1,0,20
word press seo,0,5,0,59
word press shop,0,1,0,1
wordpress,0,1,0,8
wordpress & woocommerce affiliate program,0,4,0,60.75
wordpress & woocommerce affiliate program with mlm,0,3,0,70.66666666666667
"wordpress &amp; woocommerce scraper plugin, import data from any site",0,1,0,85
wordpress acpt,0,1,0,4
wordpress add checkbox to custom post type,0,3,0,18.666666666666668
wordpress add media from url,0,3,0,18
wordpress advanced custom fields,0,8,0,12.875
wordpress advanced custom fields plugin,0,1,0,10
wordpress affiliate plugin woocommerce,0,17,0,36.64705882352941
wordpress affiliate plugins,0,3,0,73.66666666666667
wordpress ai,0,13,0,20.76923076923077
wordpress ai design,0,1,0,20
wordpress all export,0,3,0,13.333333333333334
wordpress allow only one category per post,0,1,0,30
wordpress artificial intelligence,0,5,0,73.8
wordpress auto scaling,0,1,0,2
wordpress automatic backup,0,1,0,96
wordpress automatic exports and imports,0,1,0,15
wordpress backup,0,1,0,56
wordpress backup and recovery,0,9,0,66
wordpress backup and restore,0,31,0,44.96774193548387
wordpress backup and restore to new server,0,49,0,28.081632653061224
wordpress backup best practices,0,1,0,22
wordpress backup blog,0,3,0,94.33333333333333
wordpress backup file extension,0,1,0,86
wordpress backup ftp,0,13,0,37.07692307692308
wordpress backup website and database,0,1,0,45
wordpress backuppen,0,3,0,88.33333333333333
wordpress backups,0,3,0,95.33333333333333
wordpress basic seo,0,1,0,70
wordpress beiträge importieren,0,1,0,3
wordpress best affiliate plugin,0,1,0,49
wordpress best practices,0,3,0,83.33333333333333
wordpress best seo,0,7,0,70.71428571428571
wordpress best seo plugin,0,3,0,44.666666666666664
wordpress blog link,0,1,0,86
wordpress bulk edit advanced custom fields,0,14,0,45.92857142857143
wordpress business listing plugin,0,1,0,45
wordpress change post to page,0,1,0,1
wordpress coders,0,3,0,14.333333333333334
wordpress companies near me,0,1,0,47
wordpress con ecommerce,0,3,0,85.66666666666667
wordpress contact form without plugin,0,10,0,16.6
wordpress content ai,0,1,0,2
wordpress content import,0,3,0,23.666666666666668
wordpress create custom form,0,2,0,62
wordpress create custom post type plugin,0,9,0,48.44444444444444
wordpress create custom post type programmatically,0,1,0,11
wordpress crm integration for ngos,0,1,0,68
wordpress cron job,0,46,0,38.630434782608695
wordpress cron job plugin,0,1,0,21
wordpress cron jobs,0,3,0,46.333333333333336
wordpress cron jobs not running,0,1,0,16
wordpress cron not working,0,2,0,24.5
wordpress cron php,0,1,0,26
wordpress cron plugin,0,1,0,19
wordpress cronjob,0,2,0,77.5
wordpress crontab,0,3,0,15
wordpress csv,0,2,0,1.5
wordpress csv export,0,1,0,9
wordpress csv import plugin,0,6,0,9.833333333333334
wordpress csv import plugins,0,3,0,13
wordpress csv importer,0,12,0,6.083333333333333
wordpress csv インポート,0,6,0,6.166666666666667
wordpress csv インポート プラグイン,0,2,0,2
wordpress csv エクスポート,0,7,0,6
wordpress csvエクスポート,0,1,0,7
wordpress custom database plugin,0,1,0,40
wordpress custom post type labels,0,2,0,29.5
wordpress custom post types taxonomies meta fields,0,3,0,75
wordpress cybersecurity,0,1,0,4
wordpress database backup,0,1,0,5
wordpress database maintenance,0,11,0,42.63636363636363
wordpress database optimisation,0,5,0,39.6
wordpress database optimization,0,16,0,32.4375
wordpress database reports plugin,0,1,0,70
wordpress database size,0,4,0,84.75
wordpress db optimization,0,1,0,33
wordpress disable_wp_cron,0,1,0,60
wordpress dummy content xml download,0,1,0,19
wordpress e-commerce store,0,4,0,78.25
wordpress ecommerce tutorial,0,23,0,65.6086956521739
wordpress excel,0,1,0,5
wordpress export all users,0,1,0,14
wordpress export and import,0,1,0,18
wordpress export and import pages,0,2,0,11.5
wordpress export and import users,0,2,0,18.5
wordpress export backup,0,1,0,39
wordpress export categories list,0,1,0,17
wordpress export custom post type,0,3,0,7.333333333333333
wordpress export database plugin,0,1,0,25
wordpress export form entries,0,1,0,68
wordpress export google sheets,0,9,0,59.22222222222222
wordpress export import,0,3,0,13.666666666666666
wordpress export import pages,0,2,0,11
wordpress export import tools documentation,0,1,0,10
wordpress export list of pages,0,1,0,13
wordpress export page to another site,0,1,0,52
wordpress export plugins,0,4,0,18.75
wordpress export posts,0,5,0,10.8
wordpress export posts to csv,0,2,0,13
wordpress export single page,0,3,0,8.666666666666668
wordpress export single page plugin,0,4,0,6.75
wordpress export specific pages,0,5,0,10.6
wordpress export to excel,0,8,0,17.375
wordpress export user list,0,2,0,9.5
wordpress export users,0,65,0,36.09230769230769
wordpress export users to csv,0,5,0,10.8
wordpress export users with passwords,0,3,0,7
wordpress exporter,0,4,0,16.5
wordpress faster loading plugin,0,1,0,26
wordpress featured image plugin,0,1,0,8
wordpress featured image url,0,3,0,4
wordpress follow up,0,4,0,11
wordpress for seo,0,4,0,92.75
wordpress form design,0,2,0,98.5
wordpress forms development,0,7,0,92.85714285714286
wordpress generate posts with gemini,0,11,0,10.454545454545455
wordpress get featured image by post id,0,1,0,37
wordpress get featured image url,0,19,0,9.368421052631579
wordpress get search query,0,1,0,90
wordpress google seo,0,2,0,93
wordpress google seo plugin,0,6,0,60.833333333333336
wordpress google speed optimization,0,4,0,82.75
wordpress hacks,0,3,0,1
wordpress hardening checklist,0,1,0,1
wordpress heartbeat optimization,0,1,0,98
wordpress high traffic,0,10,0,28.8
wordpress horizontal scaling,0,1,0,21
wordpress hosting scale,0,4,0,13.5
wordpress how to export users,0,1,0,2
wordpress html import,0,1,0,17
wordpress html アップロード,0,3,0,4.666666666666666
wordpress html化,0,6,0,4
wordpress image from url,0,1,0,12
wordpress image url,0,3,0,12.333333333333334
wordpress imagen destacada,0,1,0,7
wordpress import,0,4,0,21.5
wordpress import categories,0,3,0,8.666666666666668
wordpress import categories from csv,0,4,0,6.25
wordpress import csv,0,8,0,8.5
wordpress import csv plugin,0,1,0,13
wordpress import csv to custom post type,0,5,0,16.2
wordpress import database plugin,0,1,0,15
wordpress import export,0,23,0,45.78260869565217
wordpress import page,0,9,0,7.555555555555555
wordpress import pages,0,14,0,4.285714285714286
wordpress import posts from csv,0,4,0,11.75
wordpress import posts with featured images,0,1,0,9
wordpress import site,0,2,0,20.5
wordpress import tags,0,4,0,6.25
wordpress import users,0,1,0,38
wordpress import users csv,0,1,0,15
wordpress import users from csv,0,4,0,30
wordpress import users from csv without plugin,0,3,0,14.333333333333334
wordpress import website,0,1,0,2
wordpress importer,0,13,0,11.461538461538462
wordpress improve page speed,0,4,0,61.75
wordpress inventory management woocommerce,0,1,0,36
wordpress keywords plugin,0,1,0,93
wordpress lead management,0,1,0,96
wordpress leads,0,2,0,19
wordpress link en imagen,0,1,0,9
wordpress list users,0,1,0,2
wordpress loading speed,0,1,0,98
wordpress media_sideload_image documentation,0,1,0,12
wordpress media_sideload_image function documentation,0,1,0,11
wordpress meta box,0,2,0,9
wordpress migrate pages,0,5,0,8.4
wordpress online shop,0,1,0,22
wordpress online shopping website,0,2,0,67
wordpress online store,0,17,0,36.94117647058823
wordpress online stores,0,1,0,22
wordpress onlineshop,0,1,0,22
wordpress optimisation plugin,0,1,0,63
wordpress optimisation plugins,0,2,0,36.5
wordpress optimization plugin,0,28,0,65.85714285714286
wordpress optimization plugins,0,4,0,38.5
wordpress optimize database,0,2,0,50.5
wordpress optimize plugin,0,1,0,2
wordpress optimizer,0,1,0,85
wordpress page seo,0,2,0,95.5
wordpress page speed,0,8,0,65.5
wordpress page speed optimization,0,13,0,76.61538461538461
wordpress page speed optimization plugin,0,1,0,49
wordpress page speed plugin,0,1,0,33
wordpress partner directory,0,1,0,47
wordpress pentesting checklist,0,1,0,104
wordpress performance optimization best practices,0,12,0,84.16666666666667
wordpress performance plugin,0,13,0,64.46153846153845
wordpress performance plugins,0,11,0,45.54545454545455
wordpress plugin backup and restore,0,1,0,86
wordpress plugin for seo,0,9,0,67.33333333333333
wordpress plugin for seo optimization,0,1,0,32
wordpress plugin for speed optimization,0,1,0,40
wordpress plugin optimize,0,1,0,61
wordpress plugin performance,0,1,0,65
wordpress plugin seo,0,23,0,76.82608695652173
wordpress plugin to import faq,0,36,0,39.94444444444444
wordpress plugin to make website load faster,0,1,0,33
wordpress plugins for seo,0,7,0,82.57142857142857
wordpress plugins seo,0,13,0,69.07692307692308
wordpress polylang,0,1,0,43
wordpress post export,0,1,0,45
wordpress post export import plugin,0,1,0,47
wordpress post import,0,2,0,13
wordpress post-hack security,0,8,0,23.5
wordpress post_type,0,1,0,10
wordpress productivity plugin,0,1,0,39
wordpress productivity tools,0,1,0,17
wordpress restore backup,0,22,0,46.13636363636363
wordpress scalability,0,10,0,34.7
wordpress scalable hosting,0,17,0,77
wordpress scalable site,0,1,0,11
wordpress scale,0,1,0,76
wordpress scaling,0,11,0,21.545454545454547
wordpress search engine optimization plugin,0,1,0,98
wordpress security best practices,0,6,0,80.5
wordpress security best practices 2025,0,8,0,8.625
wordpress security checklist,0,88,0,15.556818181818182
wordpress security checklist pdf 2022,0,1,0,2
wordpress security guide,0,39,0,69.7948717948718
wordpress security setup,0,1,0,91
wordpress seo,0,486,0,56.93621399176955
wordpress seo advice,0,2,0,89
wordpress seo basics,0,5,0,69.2
wordpress seo best plugin,0,1,0,64
wordpress seo for beginners,0,32,0,49.5
wordpress seo for dummies,0,2,0,90.5
wordpress seo guide,0,22,0,72.77272727272727
wordpress seo guide for beginners,0,2,0,3
wordpress seo guidelines,0,1,0,64
wordpress seo help,0,11,0,82.36363636363636
wordpress seo how to,0,1,0,79
wordpress seo optimization plugin,0,23,0,71.56521739130434
wordpress seo optimization tutorial,0,2,0,59
wordpress seo options,0,1,0,80
wordpress seo plugin,0,186,0,68.86559139784946
wordpress seo plugins,0,158,0,67.17088607594937
wordpress seo plugins 2020,0,1,0,80
wordpress seo plugins list,0,1,0,48
wordpress seo resources,0,1,0,85
wordpress seo settings,0,1,0,50
wordpress seo setup,0,1,0,86
wordpress seo software,0,43,0,67.27906976744185
wordpress seo strategies,0,2,0,74.5
wordpress seo strategy,0,7,0,86
wordpress seo tips,0,4,0,95
wordpress seo tips and tricks,0,1,0,51
wordpress seo tool,0,4,0,77.25
wordpress seo tools,0,43,0,69.6046511627907
wordpress seo tutorial,0,32,0,46.96875
wordpress shop,0,1,0,58
wordpress shop erstellen,0,3,0,72.33333333333333
wordpress shop online,0,3,0,50.333333333333336
wordpress site export,0,1,0,44
wordpress site health issues auto-updates disabled autoloaded options performance,0,6,0,55.666666666666664
wordpress site optimization,0,1,0,55
wordpress site optimization packages,0,1,0,75
wordpress site speed optimization,0,14,0,81.92857142857143
wordpress site speed optimization plugin,0,1,0,99
wordpress site speed optimization tools,0,9,0,86.77777777777777
wordpress site speed tips,0,2,0,41
wordpress solutions,0,3,0,48
wordpress speed optimisation plugin,0,1,0,30
wordpress speed optimization plugin,0,21,0,23.333333333333332
wordpress speed optimization plugin free,0,1,0,64
wordpress speed optimization plugins,0,21,0,39.04761904761905
wordpress speed optimization tools,0,2,0,53.5
wordpress speed optimizer,0,1,0,80
wordpress speed plugin,0,8,0,57
wordpress speedup,0,1,0,85
wordpress stock management,0,1,0,47
wordpress store,0,1,0,41
wordpress subscribe form without plugin,0,2,0,9
wordpress theme backup,0,1,0,70
wordpress theme for logistics company,0,1,0,2
wordpress themes,0,1,0,5
wordpress themes website,0,3,0,90.66666666666667
wordpress to excel,0,7,0,12.714285714285714
wordpress user export,0,2,0,16.5
wordpress user import,0,2,0,21
wordpress user list,0,1,0,76
wordpress wampserver,0,5,0,73.2
wordpress web shop,0,1,0,44
wordpress website are not scalable?,0,1,0,11
wordpress website backup and recovery,0,1,0,39
wordpress website backup and restore,0,1,0,37
wordpress website export,0,1,0,60
wordpress website optimization,0,1,0,97
wordpress website recovery,0,4,0,72
wordpress website speed optimization plugin,0,5,0,22
wordpress website speed optimization plugin free,0,1,0,35
wordpress website speed optimize,0,6,0,85.33333333333333
wordpress woocommerce affiliate plugin,0,15,0,34.8
wordpress woocommerce affiliate program,0,2,0,53.5
wordpress wp all import,0,3,0,57
wordpress wp cron,0,1,0,4
wordpress xampp mac,0,2,0,92
wordpress xml export,0,2,0,17
wordpress xml to csv converter,0,1,0,50
wordpress アイキャッチ,0,6,0,10.333333333333334
wordpress アイキャッチ画像,0,1,0,10
wordpress アイキャッチ画像とは,0,2,0,11
wordpress アップロード,0,1,0,5
wordpress インポートツール,0,10,0,8.8
wordpress エクスポート,0,19,0,5.2631578947368425
wordpress エクスポート プラグイン,0,3,0,11
wordpress カスタムフィールド 追加,0,1,0,84
wordpress カスタム投稿 追加,0,2,0,7
wordpress データベース エクスポート,0,1,0,28
wordpress メディア エクスポート,0,1,0,6
wordpress ユーザー エクスポート,0,2,0,5
wordpress 外部リンク,0,14,0,3.9285714285714284
wordpress 画像にリンクを貼る,0,4,0,8.5
wordpress 記事 インポート,0,3,0,5.666666666666667
wordpress 記事 エクスポート,0,3,0,13.666666666666666
wordpress+customers+list,0,2,0,96.5
wordpress-importer,0,2,0,9
wordpress-seo,0,9,0,54.333333333333336
wordpress.com 移行,0,1,0,3
wordpressseo,0,8,0,59.375
wp advanced custom fields,0,2,0,49
wp al xl,0,1,0,6
wp all export,0,1,0,67
wp all export acf,0,2,0,10
wp all export pro gmail integration,0,15,0,61.733333333333334
wp all export pro google drive integration,0,10,0,82.5
wp all export pro integrations,0,23,0,51.17391304347826
wp all import,0,4,0,11.5
wp all import acf,0,1,0,12
wp all import acf add on,0,1,0,35
wp all import acf addon,0,1,0,48
wp all import careers,0,1,0,30
wp all import csv,0,1,0,38
wp all import elementor,0,1,0,18
wp all import featured image,0,1,0,23
wp all import free,0,1,0,24
wp all import free alternative,0,3,0,3.6666666666666665
wp all import images,0,1,0,32
wp all import images from url,0,1,0,22
wp all import multilingual,0,2,0,24.5
wp all import nulled,0,1,0,36
wp all import plugin pricing,0,1,0,24
wp all import plugin wordpress,0,1,0,22
wp all import pro,0,4,0,11.25
wp all import pro download free,0,1,0,16
wp all import pro free,0,1,0,14
wp all import pro free download,0,6,0,11.5
wp all import pro plugin,0,2,0,18.5
wp all import rank math,0,1,0,18
wp all import scheduling,0,1,0,38
wp all import serialized,0,7,0,7.285714285714286
wp all import woocommerce variations,0,2,0,33
wp all import xml,0,1,0,60
wp all import カスタムフィールド,0,5,0,8.6
wp all import 使い方,0,8,0,28.875
wp all imports,0,3,0,30.666666666666668
wp backup and restore,0,1,0,37
wp cli cron,0,1,0,45
wp create custom post type,0,3,0,43.666666666666664
wp crm wordpress,0,1,0,78
wp cron,0,19,0,19.263157894736842
wp cron disable,0,1,0,73
wp cron event,0,1,0,3
wp cron event run,0,1,0,3
wp cron is not working,0,2,0,19.5
wp cron job,0,5,0,38.6
wp cron not running,0,1,0,19
wp cron php,0,2,0,26
wp cron plugin,0,3,0,16.666666666666664
wp crontrol plugin,0,1,0,34
wp csv exporter,0,2,0,9
wp custom post types,0,1,0,71
wp db optimize,0,1,0,24
wp e commerce export products,0,1,0,94
wp ecommerce to woocommerce migration,0,2,0,66
wp engine backup,0,1,0,18
wp engine page speed boost,0,1,0,81
wp engine restore backup,0,2,0,42
wp event manager export import events,0,3,0,47.666666666666664
wp export database,0,1,0,19
wp export db,0,1,0,69
wp export posts,0,1,0,13
wp export users,0,2,0,50
wp imp exp,0,3,0,9
wp import,0,2,0,1
wp import all,0,1,0,11
wp import csv,0,5,0,10
wp import export,0,14,0,14
wp import export lite,0,1,0,79
wp import export plugin,0,2,0,23.5
wp import export pro,0,2,0,9
wp import plugin,0,4,0,7
wp import – ultimate csv xml importer for wordpress,0,3,0,4
wp importer,0,14,0,7.071428571428571
wp inventory manager,0,1,0,7
wp lead capture plugin,0,1,0,21
wp media import,0,1,0,8
wp movie importer pro,0,1,0,47
wp multilingual site,0,1,0,100
wp options importer,0,2,0,2
wp performance plugin,0,1,0,57
wp popup builder,0,1,0,65
wp rental plugin,0,1,0,69
wp rentals documentation,0,15,0,7
wp restore,0,1,0,1
wp reviews export and import,0,22,0,13.318181818181818
wp rocket alternatives,0,3,0,79.33333333333333
wp rocket vs wp fastest cache comparison performance speed optimization,0,8,0,62.375
wp seo plugin,0,9,0,85.88888888888889
wp seo premium,0,1,0,98
wp seo tools,0,11,0,92.9090909090909
wp serialize,0,1,0,14
wp sheet editor,0,1,0,10
wp sheet editor automations advanced settings,0,2,0,50
wp site importer,0,2,0,16.5
wp speed plugin,0,1,0,37
wp taxonomy import,0,1,0,8
wp travel engine vs wp travel,0,1,0,2
wp ultimate,0,1,0,9
wp ultimate csv importer plugin,0,5,0,3.4
wp ultimate csv importer plugin wordpress,0,4,0,3
wp ultimate csv importer pricing,0,1,0,3
wp ultimate csv importer pro free download,0,5,0,2
wp ultimate csv importer pro nulled,0,3,0,1.6666666666666665
wp ultimate exporter,0,9,0,2.5555555555555554
wp xml,0,1,0,15
wp-cli cron,0,1,0,9
wp-cron php,0,1,0,7
wp-cron.php,0,17,0,10.294117647058824
wp-cron.php とは,0,5,0,9.2
wp-crontrol,0,3,0,7.333333333333333
wp-optimize compatible free caching plugins china server speed optimization,0,9,0,86.11111111111111
wp-optimize compatible free plugins speed optimization china server,0,3,0,82.66666666666667
wp-optimize compatible plugins speed optimization china server,0,2,0,90.5
wp:lead,0,1,0,2
wpcrontrol,0,1,0,6
wpengine alternate cron,0,5,0,74.6
wpengine backup,0,4,0,83.25
wpengine backups,0,3,0,62.666666666666664
wpengine page speed boost,0,1,0,61
wpexport,0,1,0,7
wpml,0,32,0,7.46875
wpml account,0,1,0,15
wpml api,0,1,0,4
wpml browser language redirect,0,2,0,9
wpml browser language redirect feature,0,4,0,10.75
wpml browser language redirect setting,0,1,0,7
wpml bulk translate events,0,2,0,22.5
wpml bulk translate woocommerce attributes,0,1,0,24
wpml bulk translate woocommerce categories,0,2,0,44.5
wpml change default language,0,2,0,9.5
wpml change language code,0,5,0,7.4
wpml change site key,0,1,0,9
wpml crack,0,7,0,22.571428571428573
wpml current language,0,1,0,9
wpml demo,0,2,0,37
wpml download,0,1,0,5
wpml flagged for later,0,4,0,10.5
wpml flags,0,2,0,8.5
wpml full form,0,1,0,5
wpml import,0,5,0,10.4
wpml import export,0,1,0,7
wpml import product translations,0,12,0,20.083333333333332
wpml import wpml translations google sheets,0,1,0,20
wpml key free,0,1,0,10
wpml language switcher,0,1,0,22
wpml lifetime,0,1,0,45
wpml multilingual,0,1,0,7
wpml multilingual cms,0,7,0,7.142857142857143
wpml plugin wordpress,0,1,0,2
wpml register,0,1,0,9
wpml requirements,0,2,0,8.5
wpml shortcode language switcher,0,1,0,46
wpml site key,0,6,0,7.5
wpml site key free,0,4,0,5.25
wpml translate wordpress posts in bulk,0,5,0,30
wpml yoast seo multilingual,0,1,0,74
wprentals support,0,1,0,21
wpresidence-core/samples/import-locations-sample.csv,0,9,0,3.111111111111111
x theme cornerstone templates,0,1,0,68
xamm,0,1,0,2
xamp,0,1,0,10
xamp installation,0,1,0,6
xampp,0,1,0,10
xampp alternative,0,1,0,1
xampp and wamp,0,2,0,6.5
xampp and wampp both install,0,7,0,5.142857142857143
xampp dan wamp,0,7,0,8.285714285714285
xampp descargar,0,1,0,9
xampp download for linux ubuntu,0,2,0,5
xampp gratis,0,3,0,29.333333333333332
xampp installation steps,0,1,0,24
xampp ioncube,0,1,0,5
xampp mysql,0,1,0,10
xampp not starting,0,1,0,1
xampp o wamp,0,1,0,7
xampp or wamp,0,1,0,26
xampp para android,0,2,0,1
xampp para mac,0,4,0,8
xampp para ubuntu,0,1,0,2
xampp system requirements,0,4,0,11
xampp vs,0,1,0,1
xampp vs wamp,0,2,0,28
xampp vs wampserver,0,2,0,34
xampp wamp,0,5,0,10.8
xampp windows11,0,3,0,9.333333333333334
xampp y wamp,0,1,0,10
xampp/wamp,0,16,0,6.8125
xampp/wamp/mamp,0,1,0,2
xamppインストール,0,1,0,58
xlsx to csv,0,1,0,4
xml and csv,0,1,0,15
xml csv,0,1,0,36
xml file sample download,0,9,0,37.44444444444444
xml import wordpress,0,1,0,49
xml importer,0,1,0,29
xmlrpc.php exploit,0,1,0,6
xmlファイル,0,1,0,1
xmlファイル 作り方,0,1,0,1
yith woocommerce affiliates pricing 2025,0,4,0,5.5
yith woocommerce order tracking,0,1,0,23
yoast seo export import,0,1,0,48
you recommended updraftplus or blogvault as two backup solutions. is there a cost for either of them?,0,31,0,81.09677419354838
your server terminated the import process,0,2,0,3
your site doesn't meet wpml's minimum requirements,0,4,0,11.75
your site doesn't meet wpml's minimum requirements.,0,2,0,7.5
zamp app,0,1,0,1
¿qué beneficios ofrece la personalización en las plataformas de ventas impulsadas por ia?,0,8,0,5.75
плагин ai wordpress,0,4,0,97.5
וורדפרס תוכן ai,0,7,0,93
“secure my wordpress site from hackers”,0,1,0,4
“xampp-osx-8.2.4-0-installer” not opened,0,4,0,10.25
エクスポートとは,0,2,0,1
データドリブン パーソナライゼーション ec,0,1,0,50
バックオーダーとは,0,1,0,1
パーソナライズ コマース,0,4,0,39.75
プレオーダー 意味,0,4,0,1
プレオーダー意味,0,1,0,1
ワード プレス seo,0,1,0,66
ワードプレス ai,0,8,0,39.375
ワードプレス html 埋め込み,0,1,0,4
ワードプレス seo,0,6,0,89.83333333333333
ワードプレス アイキャッチ,0,10,0,10
ワードプレス インポート,0,6,0,3.6666666666666665
ワードプレス エクスポート,0,1,0,13
ワードプレス 外部リンク,0,5,0,6
ワードプレス 画像 リンク,0,2,0,8
ワードプレス 画像にリンク,0,9,0,5.555555555555555
ワードプレス 記事 移行,0,1,0,10
ワードプレス 読み込み,0,2,0,5
ワードプレスseo,0,1,0,74
中小ビジネスのためのソーシャルメディアマーケティング,0,2,0,7.5
中小企業のためのソーシャルメディアマーケティング,0,4,0,3
写真 ユーアールエル 貼り付け,0,5,0,1
写真のユーアールエル,0,1,0,1
写真をurlにする方法,0,2,0,1
画像 http 変換,0,2,0,5
画像 url,0,1,0,4
画像 urlリンク,0,1,0,1
画像 ユーアールエル 貼り付け,0,3,0,1
画像にurlを埋め込む スマホ,0,1,0,1
画像のurl,0,1,0,1
画像のユーアールエル,0,14,0,1
簡単在庫編集プラグイン,0,1,0,8
自動 フォローアップ メール ソフト,0,2,0,87.5
