Top pages,Clicks,Impressions,CTR,Position
https://www.smackcoders.com/,77,604,0.12748344370860928,8.129139072847682
https://www.smackcoders.com/wp-ultimate-csv-importer-pro.html,40,1290,0.031007751937984496,6.173643410852713
https://www.smackcoders.com/ja/blog/add-external-urls-to-featured-images-wordpress.html,21,624,0.03365384615384615,5.8798076923076925
https://www.smackcoders.com/blog/wordpress-ultimate-csv-importer-csv-sample-files-and-updates.html,19,1156,0.01643598615916955,13.314878892733564
https://www.smackcoders.com/blog/how-to-install-ioncube-loaders-simple-steps-for-various-hosting-types.html,13,1200,0.010833333333333334,8.747499999999999
https://www.smackcoders.com/blog/add-external-urls-to-featured-images-wordpress.html,12,1066,0.01125703564727955,8.385553470919325
https://www.smackcoders.com/blog/how-to-install-wamp-and-xampp.html,11,1449,0.00759144237405107,11.102139406487233
https://www.smackcoders.com/contact-us.html,11,277,0.039711191335740074,2.0072202166064983
https://www.smackcoders.com/blog/how-to-import-page-to-wordpress.html,10,532,0.018796992481203006,13.156015037593985
https://www.smackcoders.com/ja/blog/export-import-advanced-custom-fields-csv-wordpress.html,10,165,0.06060606060606061,4.921212121212122
https://www.smackcoders.com/ja/documentation/wp-ultimate-csv-importer/import-wordpress-categories-and-tags,10,90,0.1111111111111111,6.877777777777778
https://www.smackcoders.com/blog/export-import-single-wordpress-post-page-product.html,9,406,0.022167487684729065,14.544334975369457
https://www.smackcoders.com/ja/blog/create-custom-taxonomies-with-acf.html,9,164,0.054878048780487805,5.463414634146342
https://www.smackcoders.com/ja/blog/how-to-import-csv-file-in-wordpress.html,9,204,0.04411764705882353,19.941176470588236
https://www.smackcoders.com/ja/blog/how-to-import-page-to-wordpress.html,9,296,0.030405405405405407,6.381756756756757
https://www.smackcoders.com/es/blog/como-anadir-urls-externas-a-las-imagenes-destacadas-en-wordpress.html,8,301,0.026578073089700997,7.820598006644518
https://www.smackcoders.com/ja/blog/blog-create-and-import-custom-post-types-in-wordpress.html,8,205,0.03902439024390244,5.443902439024391
https://www.smackcoders.com/blog/export-import-advanced-custom-fields-csv-wordpress.html,7,1084,0.006457564575645757,8.519372693726936
https://www.smackcoders.com/documentation/wp-ultimate-csv-importer-pro/import-wordpress-categories-and-tags,7,432,0.016203703703703703,8.537037037037038
https://www.smackcoders.com/es/blog/importar-paginas-a-wordpress-una-guia-util.html,7,188,0.03723404255319149,10.51595744680851
https://www.smackcoders.com/ja/blog/enable-configure-wp-cron.html,7,175,0.04,6.131428571428572
https://www.smackcoders.com/ja/documentation/wp-ultimate-csv-importer/import-and-export-wordpress-users,7,63,0.1111111111111111,5.380952380952381
https://www.smackcoders.com/ja/wp-all-import-alternative.html,7,67,0.1044776119402985,12.044776119402986
https://www.smackcoders.com/wp-all-import-alternative.html,7,302,0.023178807947019868,22.165562913907284
https://www.smackcoders.com/deals.html,6,87,0.06896551724137931,27.25287356321839
https://www.smackcoders.com/es/blog/ejemplos-de-archivos-csv-y-xml-para-la-importacion-de-prueba-wp-ultimate-csv-xml-importer.html,6,240,0.025,5.316666666666666
https://www.smackcoders.com/ja/documentation/wp-ultimate-csv-importer/acf-import,6,100,0.06,6.85
https://www.smackcoders.com/blog/how-to-export-wordpress-users.html,5,329,0.015197568389057751,14.27659574468085
https://www.smackcoders.com/documentation/wp-ultimate-csv-importer-pro/acf-import,5,215,0.023255813953488372,12.330232558139535
https://www.smackcoders.com/documentation/wp-ultimate-csv-importer-pro/what-is-elementor-import-export,5,133,0.03759398496240601,11.368421052631579
https://www.smackcoders.com/es/blog/como-instalar-wamp-y-xampp.html,5,738,0.006775067750677507,9.710027100271002
https://www.smackcoders.com/es/wp-ultimate-csv-importer-pro.html,5,25,0.2,8.280000000000001
https://www.smackcoders.com/ja/blog/import-export-custom-post-types-plugin-data.html,5,70,0.07142857142857142,5.385714285714286
https://www.smackcoders.com/about-us.html,4,294,0.013605442176870748,3.064625850340136
https://www.smackcoders.com/blog/import-export-gravity-forms-entries.html,4,422,0.009478672985781991,17.078199052132703
https://www.smackcoders.com/blog/mastering-wpml-language-localization.html,4,617,0.006482982171799027,9.695299837925445
https://www.smackcoders.com/blog/ppom-for-woocommerce-import-export-custom-fields.html,4,165,0.024242424242424242,10.612121212121211
https://www.smackcoders.com/documentation/wp-ultimate-csv-importer-pro/how-to-import-csv,4,219,0.0182648401826484,11.963470319634704
https://www.smackcoders.com/documentation/wp-ultimate-csv-importer-pro/import-and-export-nextgen-gallery-images,4,264,0.015151515151515152,16.958333333333336
https://www.smackcoders.com/es/blog/importar-y-exportar-clientes-de-woocommerce.html,4,114,0.03508771929824561,10.5
https://www.smackcoders.com/ja/blog/how-to-import-csv-file-in-wordpress-without-plugin.html,4,33,0.12121212121212122,4.9393939393939394
https://www.smackcoders.com/ja/documentation/wp-ultimate-csv-importer/import-data-from-excel-to-wordpress,4,34,0.11764705882352941,4.852941176470589
https://www.smackcoders.com/ja/documentation/wp-ultimate-csv-importer/import-images-into-wordpress,4,40,0.1,6.025
https://www.smackcoders.com/blog/create-and-import-custom-post-types-in-wordpress.html,3,590,0.005084745762711864,19.60677966101695
https://www.smackcoders.com/blog/create-custom-taxonomies-with-acf.html,3,1059,0.0028328611898017,7.3220018885741265
https://www.smackcoders.com/blog/how-to-restore-wordpress-site-from-backup.html,3,860,0.0034883720930232558,44.08139534883721
https://www.smackcoders.com/blog/import-posts-or-products-from-excel-to-wordpress.html,3,128,0.0234375,15.6171875
https://www.smackcoders.com/documentation/wp-ultimate-csv-importer-pro/import-export-user-members,3,278,0.01079136690647482,15.892086330935252
https://www.smackcoders.com/documentation/wp-ultimate-csv-importer-pro/import-images-into-wordpress,3,249,0.012048192771084338,9.883534136546185
https://www.smackcoders.com/documentation/wp-ultimate-csv-importer-pro/import-jetreview-data-into-wordpress,3,43,0.06976744186046512,5
https://www.smackcoders.com/documentation/wp-ultimate-csv-importer-pro/polylang-multilingual-content-import-export,3,189,0.015873015873015872,11.677248677248677
https://www.smackcoders.com/documentation/wp-ultimate-csv-importer-pro/seo-import,3,40,0.075,9.625
https://www.smackcoders.com/documentation/wp-ultimate-csv-importer-pro/troubleshooting-guide,3,201,0.014925373134328358,6.08457711442786
https://www.smackcoders.com/es/blog/como-habilitar-y-configurar-wp-cron.html,3,142,0.02112676056338028,8.41549295774648
https://www.smackcoders.com/ja/documentation/wp-ultimate-csv-importer/how-to-import-csv,3,98,0.030612244897959183,12.704081632653061
https://www.smackcoders.com/ja/documentation/wp-ultimate-csv-importer/import-export-user-members,3,38,0.07894736842105263,6.447368421052632
https://www.smackcoders.com/blog/advanced-techniques-for-wordpress-import-and-export.html,2,490,0.004081632653061225,20.39183673469388
https://www.smackcoders.com/blog/best-multipurpose-wordpress-themes.html,2,82,0.024390243902439025,29.926829268292682
https://www.smackcoders.com/blog/create-an-online-store-with-wordpress.html,2,584,0.003424657534246575,37.794520547945204
https://www.smackcoders.com/blog/enable-configure-wp-cron.html,2,639,0.003129890453834116,15.344287949921753
https://www.smackcoders.com/blog/how-to-import-csv-file-in-wordpress-without-plugin.html,2,508,0.003937007874015748,9.753937007874017
https://www.smackcoders.com/documentation/wp-ultimate-csv-importer-pro/custom-field-suite-import,2,42,0.047619047619047616,6.357142857142857
https://www.smackcoders.com/documentation/wp-ultimate-csv-importer-pro/import-export-acpt-fields-in-wordpress,2,39,0.05128205128205128,6.589743589743589
https://www.smackcoders.com/documentation/wp-ultimate-csv-importer-pro/importer-faq,2,180,0.011111111111111112,14.916666666666666
https://www.smackcoders.com/documentation/wp-ultimate-csv-importer-pro/toolset-types-import,2,52,0.038461538461538464,8.634615384615385
https://www.smackcoders.com/es/blog/como-exportar-e-importar-campos-personalizados-avanzados.html,2,83,0.024096385542168676,8.771084337349397
https://www.smackcoders.com/es/blog/como-exportar-usuarios-de-wordpress-una-guia-paso-a-paso.html,2,59,0.03389830508474576,8.983050847457626
https://www.smackcoders.com/es/blog/creacion-de-taxonomias-personalizadas-con-el-complemento-acf-una-guia-paso-a-paso.html,2,101,0.019801980198019802,6.356435643564357
https://www.smackcoders.com/es/blog/exportar-importar-una-sola-publicacion.html,2,52,0.038461538461538464,16.134615384615387
https://www.smackcoders.com/es/blog/funciones-avanzadas-de-polylang-para-sitios-web-multilingues.html,2,70,0.02857142857142857,11.4
https://www.smackcoders.com/es/blog/ia-en-wordpress.html,2,90,0.022222222222222223,12.61111111111111
https://www.smackcoders.com/es/blog/importar-productos-variables-a-woocommerce-usando-ultimate-csv-importer.html,2,126,0.015873015873015872,12.706349206349206
https://www.smackcoders.com/ja/blog/create-custom-fields-with-acf-in-wordpress.html,2,65,0.03076923076923077,14.923076923076923
https://www.smackcoders.com/ja/blog/how-to-install-wamp-and-xampp.html,2,108,0.018518518518518517,7.555555555555555
https://www.smackcoders.com/ja/blog/import-woocommerce-products-with-custom-fields.html,2,13,0.15384615384615385,3.230769230769231
https://www.smackcoders.com/ja/blog/pre-orders-and-backorders-in-woocommerce.html,2,23,0.08695652173913043,2.4782608695652173
https://www.smackcoders.com/ja/blog/wordpress-ultimate-csv-importer-csv-sample-files-and-updates.html,2,52,0.038461538461538464,5.211538461538462
https://www.smackcoders.com/ja/documentation/wp-ultimate-csv-importer/import-serialized-fields-data,2,3,0.6666666666666666,6.333333333333333
https://www.smackcoders.com/ja/documentation/wp-ultimate-csv-importer/metabox-import-export,2,5,0.4,4
https://www.smackcoders.com/ja/wp-ultimate-csv-importer-pro.html,2,53,0.03773584905660377,4.981132075471698
https://www.smackcoders.com/wp-ultimate-csv-importer-pro/features.html,2,416,0.004807692307692308,6.043269230769231
https://www.smackcoders.com/blog/create-a-multilingual-website-with-wpml.html,1,245,0.004081632653061225,10.926530612244898
https://www.smackcoders.com/blog/how-to-import-csv-file-in-wordpress.html,1,213,0.004694835680751174,15.262910798122066
https://www.smackcoders.com/blog/import-export-elementor-as-csv.html,1,138,0.007246376811594203,11.159420289855072
https://www.smackcoders.com/blog/import-woocommerce-products-with-custom-fields.html,1,98,0.01020408163265306,12.479591836734693
https://www.smackcoders.com/blog/introducing-wp-ultimate-csv-importer-8-11.html,1,10,0.1,4.5
https://www.smackcoders.com/blog/migrate-shopify-to-woocommerce.html,1,262,0.003816793893129771,47.85496183206107
https://www.smackcoders.com/blog/polylang-import-products-woocommerce.html,1,147,0.006802721088435374,10.170068027210885
https://www.smackcoders.com/documentation.html,1,132,0.007575757575757576,2.3257575757575757
https://www.smackcoders.com/documentation/wp-ultimate-csv-importer-pro/ai-integration,1,8,0.125,6.5
https://www.smackcoders.com/documentation/wp-ultimate-csv-importer-pro/export-wordpress-data-using-wp-query,1,81,0.012345679012345678,9.209876543209877
https://www.smackcoders.com/documentation/wp-ultimate-csv-importer-pro/import-and-export-lms-data,1,211,0.004739336492890996,10.502369668246445
https://www.smackcoders.com/documentation/wp-ultimate-csv-importer-pro/import-and-export-wordpress-users,1,37,0.02702702702702703,12.72972972972973
https://www.smackcoders.com/documentation/wp-ultimate-csv-importer-pro/import-business-directory-listings-in-wordpress,1,86,0.011627906976744186,7.8023255813953485
https://www.smackcoders.com/documentation/wp-ultimate-csv-importer-pro/import-events-into-wordpress,1,53,0.018867924528301886,10.641509433962264
https://www.smackcoders.com/documentation/wp-ultimate-csv-importer-pro/import-export-users-with-multiple-user-roles,1,80,0.0125,9.0875
https://www.smackcoders.com/documentation/wp-ultimate-csv-importer-pro/iteration-based-import,1,11,0.09090909090909091,6.545454545454546
https://www.smackcoders.com/documentation/wp-ultimate-csv-importer-pro/learnpress-data-import,1,118,0.00847457627118644,13.728813559322035
https://www.smackcoders.com/documentation/wp-ultimate-csv-importer-pro/metabox-import-export,1,136,0.007352941176470588,9.073529411764707
https://www.smackcoders.com/documentation/wp-ultimate-csv-importer-pro/post-page-custompost-import,1,34,0.029411764705882353,10.294117647058824
https://www.smackcoders.com/es/blog/como-importar-archivos-csv-a-wordpress-de-manera-eficiente.html,1,101,0.009900990099009901,6.366336633663367
https://www.smackcoders.com/es/blog/importar-exportar-resenas-productos-woocommerce.html,1,69,0.014492753623188406,25.47826086956522
https://www.smackcoders.com/es/blog/migrar-shopify-a-woocommerce.html,1,95,0.010526315789473684,43.48421052631579
https://www.smackcoders.com/es/blog/personalizacion-impulsada-por-ia.html,1,28,0.03571428571428571,11.678571428571429
https://www.smackcoders.com/es/blog/tecnicas-avanzadas-para-importar-y-exportar-wordpress.html,1,110,0.00909090909090909,13.354545454545455
https://www.smackcoders.com/es/documentation/wp-exportador-definitivo/introduccion-exportador-definitivo,1,55,0.01818181818181818,8.072727272727272
https://www.smackcoders.com/es/documentation/wp-ultimate-csv-importer-pro/como-importar-productos-variables-en-woocommerce,1,83,0.012048192771084338,6.879518072289157
https://www.smackcoders.com/es/documentation/wp-ultimate-csv-importer-pro/importacion-de-csv-de-woocommerce,1,111,0.009009009009009009,12.18918918918919
https://www.smackcoders.com/es/documentation/wp-ultimate-csv-importer-pro/importacion-seo-por-wp-ultimate-csv-importer,1,1,1,1
https://www.smackcoders.com/es/documentation/wp-ultimate-csv-importer-pro/importar-datos-de-campos-serializados,1,2,0.5,15.5
https://www.smackcoders.com/es/documentation/wp-ultimate-csv-importer-pro/importar-datos-de-excel-a-wordpress,1,80,0.0125,5.575
https://www.smackcoders.com/es/documentation/wp-ultimate-csv-importer-pro/importar-datos-de-jetreview-a-wordpress,1,1,1,1
https://www.smackcoders.com/es/documentation/wp-ultimate-csv-importer-pro/importar-y-exportar-datos-lms-en-wordpress,1,38,0.02631578947368421,4.210526315789474
https://www.smackcoders.com/es/wp-ultimate-csv-importer-pro/importar-productos-de-woocommerce.html,1,32,0.03125,40.84375
https://www.smackcoders.com/ja/blog/advanced-techniques-for-wordpress-import-and-export.html,1,116,0.008620689655172414,5.508620689655173
https://www.smackcoders.com/ja/blog/export-import-single-wordpress-post-page-product.html,1,12,0.08333333333333333,9.25
https://www.smackcoders.com/ja/blog/export-woocommerce-orders-to-google-sheets.html,1,9,0.1111111111111111,5.777777777777778
https://www.smackcoders.com/ja/blog/how-to-export-wordpress-users.html,1,38,0.02631578947368421,4.289473684210526
https://www.smackcoders.com/ja/documentation/wp-ultimate-csv-importer/bbpress-import-and-update,1,10,0.1,16.5
https://www.smackcoders.com/ja/documentation/wp-ultimate-csv-importer/how-to-import-schedule-or-update,1,10,0.1,5.3
https://www.smackcoders.com/ja/documentation/wp-ultimate-csv-importer/import-and-export-nextgen-gallery-images,1,43,0.023255813953488372,7.813953488372093
https://www.smackcoders.com/ja/documentation/wp-ultimate-csv-importer/meta-box-custom-field-cloneable,1,24,0.041666666666666664,6.958333333333333
https://www.smackcoders.com/ja/documentation/wp-ultimate-csv-importer/polylang-multilingual-content-import-export,1,55,0.01818181818181818,8.89090909090909
https://www.smackcoders.com/ja/documentation/wp-ultimate-csv-importer/troubleshooting-guide,1,45,0.022222222222222223,3.977777777777778
https://www.smackcoders.com/ja/documentation/wp-ultimate-exporter/wordpress-exporter-guide,1,74,0.013513513513513514,6.837837837837838
https://www.smackcoders.com/ja/easy-inventory-and-stock-manager-for-woocommerce.html,1,14,0.07142857142857142,18.428571428571427
https://www.smackcoders.com/ja/wp-ultimate-csv-importer-pro/features.html,1,4,0.25,7.75
https://www.smackcoders.com/ja/wp-ultimate-csv-importer-pro/import-acf-custom-fields-from-csv.html,1,7,0.14285714285714285,4
https://www.smackcoders.com/ja/wp-ultimate-csv-importer-pro/import-meta-box-fields.html,1,2,0.5,3
https://www.smackcoders.com/ja/wp-ultimate-exporter.html,1,5,0.2,6
https://www.smackcoders.com/partnership.html,1,148,0.006756756756756757,3.1283783783783785
https://www.smackcoders.com/wordpress.html,1,307,0.003257328990228013,2.768729641693811
https://www.smackcoders.com/wp-ultimate-csv-importer-pro/changelog.html,1,64,0.015625,11.265625
https://www.smackcoders.com/wp-ultimate-csv-importer-pro/import-acf-custom-fields-from-csv.html,1,115,0.008695652173913044,9.808695652173913
https://www.smackcoders.com/wp-ultimate-csv-importer-pro/pricing.html,1,395,0.002531645569620253,5.2126582278481015
https://www.smackcoders.com/wp-ultimate-csv-importer-pro/seo-meta-data-import.html,1,324,0.0030864197530864196,10.04320987654321
https://www.smackcoders.com/wp-ultimate-csv-importer-pro/woocommerce-import-products.html,1,184,0.005434782608695652,8.01086956521739
https://www.smackcoders.com/aio-wp-media-library-manager.html,0,7,0,9.285714285714286
https://www.smackcoders.com/blog.html,0,19,0,11.052631578947368
https://www.smackcoders.com/blog.html/2?utm_source=web&utm_campaign=wp_org&utm_medium=readme,0,5,0,4.4
https://www.smackcoders.com/blog.html/7?utm_source,0,4,0,5.25
https://www.smackcoders.com/blog/a-guide-to-wordpress-caching.html,0,32,0,7.9375
https://www.smackcoders.com/blog/add-external-urls-to-featured-images-wordpress.html#frequently-asked-questions,0,7,0,5.285714285714286
https://www.smackcoders.com/blog/add-external-urls-to-featured-images-wordpress.html#how-to-add-external-url-links-to-word-press-posts-pages,0,98,0,6.63265306122449
https://www.smackcoders.com/blog/add-external-urls-to-featured-images-wordpress.html#importing-bulk-external-ur-ls-to-featured-images-in-word-press-posts-pages-and-custom-posts,0,93,0,6.817204301075269
https://www.smackcoders.com/blog/add-external-urls-to-featured-images-wordpress.html#word-press-set-featured-images-from-url-programmatically,0,30,0,7.5
https://www.smackcoders.com/blog/advanced-techniques-for-wordpress-import-and-export.html#exporting-your-self-hosted-word-press-website-content,0,3,0,7.333333333333333
https://www.smackcoders.com/blog/advanced-techniques-for-wordpress-import-and-export.html#importing-word-press-data-to-a-new-host,0,2,0,10.5
https://www.smackcoders.com/blog/advanced-techniques-for-wordpress-import-and-export.html#word-press-import-export-plugins,0,5,0,8.6
https://www.smackcoders.com/blog/ai-generated-wordpress-content-import.html,0,227,0,10.863436123348018
https://www.smackcoders.com/blog/ai-in-wordpress.html,0,132,0,32.04545454545455
https://www.smackcoders.com/blog/ai-in-wordpress.html#11-best-ways-to-use-ai-in-word-press,0,3,0,6
https://www.smackcoders.com/blog/ai-in-wordpress.html#build-and-design-a-website,0,3,0,6
https://www.smackcoders.com/blog/ai-in-wordpress.html#top-ai-word-press-plugins,0,3,0,6
https://www.smackcoders.com/blog/ai-powered-personalization-for-ecommerce.html,0,6,0,71
https://www.smackcoders.com/blog/ai-wordpress-security.html,0,13,0,5.384615384615385
https://www.smackcoders.com/blog/avoid-common-woocommerce-store-mistakes.html,0,13,0,8.692307692307693
https://www.smackcoders.com/blog/best-practices-for-wordpress-sites.html,0,120,0,13.966666666666667
https://www.smackcoders.com/blog/best-woocommerce-affiliate-plugins.html,0,627,0,31.26634768740032
https://www.smackcoders.com/blog/best-woocommerce-affiliate-plugins.html#10-best-woo-commerce-affiliate-plugins-2025,0,6,0,9.166666666666666
https://www.smackcoders.com/blog/best-woocommerce-affiliate-plugins.html#benefits-of-running-an-affiliate-program-for-woo-commerce-stores,0,6,0,9.166666666666666
https://www.smackcoders.com/blog/best-woocommerce-affiliate-plugins.html#maximize-your-woo-commerce-affiliate-programs-success,0,6,0,9.166666666666666
https://www.smackcoders.com/blog/best-wordpress-speed-optimization-plugins.html,0,520,0,45.98269230769231
https://www.smackcoders.com/blog/create-a-form-in-wordpress-without-plugins.html,0,116,0,32.060344827586206
https://www.smackcoders.com/blog/create-a-form-in-wordpress-without-plugins.html#gathering-your-tools-html-css-and-php,0,2,0,10.5
https://www.smackcoders.com/blog/create-a-form-in-wordpress-without-plugins.html#reasons-to-build-forms-without-plugins,0,2,0,10.5
https://www.smackcoders.com/blog/create-a-multilingual-website-with-wpml.html#installing-wpml,0,2,0,8.5
https://www.smackcoders.com/blog/create-a-multilingual-website-with-wpml.html#requirements-of-wpml-plugin,0,1,0,8
https://www.smackcoders.com/blog/create-a-multilingual-website-with-wpml.html#steps-to-register-with-site-key-in-wpml,0,1,0,9
https://www.smackcoders.com/blog/create-a-multilingual-website-with-wpml.html#why-use-wpml-to-create-a-multilingual-website-in-word-press,0,2,0,8.5
https://www.smackcoders.com/blog/create-an-online-store-with-wordpress.html#step-1-choose-the-right-hosting-this-is-your-foundation,0,2,0,8.5
https://www.smackcoders.com/blog/create-an-online-store-with-wordpress.html#step-2-install-word-press-in-minutes,0,7,0,7.428571428571429
https://www.smackcoders.com/blog/create-an-online-store-with-wordpress.html#step-3-choose-the-perfect-theme,0,2,0,8.5
https://www.smackcoders.com/blog/create-an-online-store-with-wordpress.html#step-4-customize-your-site-with-elementor,0,2,0,8.5
https://www.smackcoders.com/blog/create-an-online-store-with-wordpress.html#step-5-set-up-woo-commerce,0,4,0,8
https://www.smackcoders.com/blog/create-an-online-store-with-wordpress.html#why-pick-word-press-for-your-store,0,7,0,7.571428571428571
https://www.smackcoders.com/blog/create-and-import-custom-post-types-in-wordpress.html#how-to-export-custom-post-types-in-word-press-using-the-ultimate-csv-importer,0,2,0,6.5
https://www.smackcoders.com/blog/create-and-import-custom-post-types-in-wordpress.html#most-popular-third-party-plugin-for-custom-post-types,0,2,0,6.5
https://www.smackcoders.com/blog/create-and-import-custom-post-types-in-wordpress.html#ultimate-csv-importer-word-press-import-csv-to-custom-post-types,0,21,0,8.095238095238095
https://www.smackcoders.com/blog/create-and-import-custom-post-types-in-wordpress.html#what-is-custom-post-type-in-word-press,0,20,0,8.15
https://www.smackcoders.com/blog/create-and-import-custom-post-types-in-wordpress.html#why-do-we-need-custom-post-types,0,1,0,6
https://www.smackcoders.com/blog/ecommerce-video-marketing.html,0,1,0,32
https://www.smackcoders.com/blog/enable-configure-wp-cron.html#hooking-wp-cron-in-the-task-scheduler,0,36,0,5.944444444444445
https://www.smackcoders.com/blog/enable-configure-wp-cron.html#is-word-press-cron-enabled-how-to-enable-word-press-cron,0,45,0,5.066666666666666
https://www.smackcoders.com/blog/enable-configure-wp-cron.html#mac-linux,0,62,0,5.612903225806452
https://www.smackcoders.com/blog/enable-configure-wp-cron.html#word-press-cron-job-or-wp-cron-not-working,0,44,0,5.886363636363637
https://www.smackcoders.com/blog/export-import-advanced-custom-fields-csv-wordpress.html#acf-field-types-explained,0,80,0,8.2625
https://www.smackcoders.com/blog/export-import-advanced-custom-fields-csv-wordpress.html#export-acf-fields-in-word-press-as-csv,0,115,0,7.869565217391305
https://www.smackcoders.com/blog/export-import-advanced-custom-fields-csv-wordpress.html#export-import-of-advanced-custom-fields-data-from-csv,0,136,0,7.904411764705882
https://www.smackcoders.com/blog/export-import-advanced-custom-fields-csv-wordpress.html#import-acf-fields-in-word-press-from-csv,0,94,0,7.723404255319149
https://www.smackcoders.com/blog/export-import-advanced-custom-fields-csv-wordpress.html#wp-ultimate-csv-importer-pro,0,5,0,8
https://www.smackcoders.com/blog/export-import-single-wordpress-post-page-product.html#exciting-enhancements-in-wp-ultimate-csv-importer-pro-8-1,0,2,0,6
https://www.smackcoders.com/blog/export-import-single-wordpress-post-page-product.html#key-benefits-of-this-feature,0,1,0,7
https://www.smackcoders.com/blog/export-import-single-wordpress-post-page-product.html#key-features-of-single-post-csv-import-export,0,51,0,8.313725490196077
https://www.smackcoders.com/blog/export-import-single-wordpress-post-page-product.html#why-do-you-need-to-export-and-import-single-post-page-custom-post-record,0,52,0,8.25
https://www.smackcoders.com/blog/export-woocommerce-orders-to-google-sheets.html,0,211,0,49.56872037914692
https://www.smackcoders.com/blog/how-to-add-a-free-wordpress-contact-form.html,0,16,0,32.5625
https://www.smackcoders.com/blog/how-to-export-wordpress-users.html#1-using-the-php-my-admin-method,0,1,0,11
https://www.smackcoders.com/blog/how-to-export-wordpress-users.html#2-using-the-wp-cli-command,0,2,0,9.5
https://www.smackcoders.com/blog/how-to-export-wordpress-users.html#4-third-party-services,0,63,0,8.793650793650794
https://www.smackcoders.com/blog/how-to-export-wordpress-users.html#how-to-export-word-press-users-with-wp-ultimate-csv-importer-plugin,0,63,0,8.793650793650794
https://www.smackcoders.com/blog/how-to-export-wordpress-users.html#methods-to-export-word-press-users,0,64,0,8.78125
https://www.smackcoders.com/blog/how-to-export-wordpress-users.html#the-basics-of-user-export,0,1,0,11
https://www.smackcoders.com/blog/how-to-import-csv-file-in-wordpress-without-plugin.html#importing-different-data-types-without-a-plugin,0,44,0,7.25
https://www.smackcoders.com/blog/how-to-import-csv-file-in-wordpress-without-plugin.html#steps-for-importing-csv-to-word-press-without-a-plugin,0,92,0,8.054347826086957
https://www.smackcoders.com/blog/how-to-import-csv-file-in-wordpress-without-plugin.html#when-and-why-to-import-cs-vs-without-plugins,0,37,0,8.756756756756758
https://www.smackcoders.com/blog/how-to-import-csv-file-in-wordpress-without-plugin.html#wp-cli-for-advanced-users-2025,0,21,0,8.761904761904763
https://www.smackcoders.com/blog/how-to-import-csv-file-in-wordpress.html#enhancing-csv-file-imports,0,3,0,9
https://www.smackcoders.com/blog/how-to-import-csv-file-in-wordpress.html#introduction-to-csv-files-and-word-press,0,1,0,10
https://www.smackcoders.com/blog/how-to-import-csv-file-in-wordpress.html#methods-for-importing-csv-files,0,1,0,6
https://www.smackcoders.com/blog/how-to-import-csv-file-in-wordpress.html#performance-tips-for-large-imports-word-press-6-6,0,1,0,11
https://www.smackcoders.com/blog/how-to-import-csv-file-in-wordpress.html#plugins-for-csv-file-management,0,1,0,11
https://www.smackcoders.com/blog/how-to-import-page-to-wordpress.html#common-scenarios-and-methods-to-import-pages-into-word-press,0,136,0,6.272058823529412
https://www.smackcoders.com/blog/how-to-import-page-to-wordpress.html#step-by-step-import-word-press-pages-via-rest-api,0,136,0,6.272058823529412
https://www.smackcoders.com/blog/how-to-import-page-to-wordpress.html#types-of-pages-you-can-import,0,136,0,6.272058823529412
https://www.smackcoders.com/blog/how-to-restore-wordpress-site-from-backup.html#import-your-word-press-website-files,0,7,0,9.285714285714286
https://www.smackcoders.com/blog/how-to-restore-wordpress-site-from-backup.html#modern-backup-tools-recommended-plugins,0,7,0,9.285714285714286
https://www.smackcoders.com/blog/how-to-restore-wordpress-site-from-backup.html#points-to-be-remembered-before-importing-a-word-press-site-from-the-backup,0,10,0,9.6
https://www.smackcoders.com/blog/how-to-restore-wordpress-site-from-backup.html#restore-word-press-site-the-benefits,0,3,0,10
https://www.smackcoders.com/blog/how-to-restore-wordpress-site-from-backup.html#steps-to-back-up-word-press-data,0,2,0,10.5
https://www.smackcoders.com/blog/how-to-restore-wordpress-site-from-backup.html#testing-your-restored-word-press-site,0,1,0,10
https://www.smackcoders.com/blog/how-to-restore-wordpress-site-from-backup.html#the-art-of-word-press-backups,0,1,0,10
https://www.smackcoders.com/blog/import-and-export-woocommerce-customers.html,0,144,0,26.02777777777778
https://www.smackcoders.com/blog/import-export-custom-post-types-plugin-data.html,0,121,0,15.818181818181818
https://www.smackcoders.com/blog/import-export-custom-post-types-plugin-data.html#about-the-custom-post-types-plugin,0,25,0,8.559999999999999
https://www.smackcoders.com/blog/import-export-custom-post-types-plugin-data.html#importing-custom-post-type-data,0,25,0,8.559999999999999
https://www.smackcoders.com/blog/import-export-custom-post-types-plugin-data.html#step-by-step-guide-to-importing,0,1,0,11
https://www.smackcoders.com/blog/import-export-elementor-as-csv.html#csv-importer-the-effortless-alternative-for-importing-exporting-elementor-templates-content,0,1,0,3
https://www.smackcoders.com/blog/import-export-elementor-as-csv.html#how-to-bulk-export-import-of-elementor-templates,0,4,0,8.75
https://www.smackcoders.com/blog/import-export-elementor-as-csv.html#how-to-export-and-import-content-designed-with-elementor,0,5,0,7.6
https://www.smackcoders.com/blog/import-export-gravity-forms-entries.html#how-to-export-gravity-forms-entries,0,3,0,11
https://www.smackcoders.com/blog/import-export-gravity-forms-entries.html#preparing-your-gravity-forms-entries-for-import,0,49,0,8.326530612244898
https://www.smackcoders.com/blog/import-export-gravity-forms-entries.html#step-by-step-guide-to-import-gravity-forms-entries,0,46,0,8.434782608695652
https://www.smackcoders.com/blog/import-export-gravity-forms-entries.html#why-import-gravity-forms-entries-into-word-press,0,5,0,9.2
https://www.smackcoders.com/blog/import-export-gravity-forms-entries.html#why-wp-ultimate-csv-importer-plugin-for-gravity-forms-entries-import-export,0,4,0,10
https://www.smackcoders.com/blog/import-export-listings-business-directory-plugins.html,0,264,0,11.488636363636363
https://www.smackcoders.com/blog/import-export-listings-business-directory-plugins.html#advanced-classifieds-directory-pro-listings-free-version,0,12,0,6.75
https://www.smackcoders.com/blog/import-export-listings-business-directory-plugins.html#business-directory-plugin-free-version,0,1,0,6
https://www.smackcoders.com/blog/import-export-listings-business-directory-plugins.html#how-to-import-listings-data,0,12,0,6.75
https://www.smackcoders.com/blog/import-export-listings-business-directory-plugins.html#why-use-wp-ultimate-csv-importer-for-your-directory-listings,0,13,0,6.538461538461538
https://www.smackcoders.com/blog/import-export-listings-business-directory-plugins.html#word-press-directory-plugins-you-can-use,0,2,0,5
https://www.smackcoders.com/blog/import-export-woocommerce-product-reviews.html,0,172,0,17.790697674418606
https://www.smackcoders.com/blog/import-export-woocommerce-product-reviews.html#how-to-import-product-reviews-into-woo-commerce,0,4,0,10
https://www.smackcoders.com/blog/import-export-woocommerce-product-reviews.html#how-to-set-up-product-reviews-in-woo-commerce,0,4,0,10
https://www.smackcoders.com/blog/import-export-woocommerce-product-reviews.html#what-is-woo-commerce-product-reviews,0,4,0,10
https://www.smackcoders.com/blog/import-variable-products-into-woocommerce.html,0,127,0,18.913385826771652
https://www.smackcoders.com/blog/import-variable-products-into-woocommerce.html#step-by-step-guide-to-importing-variations-for-woo-commerce-variable-products,0,2,0,10
https://www.smackcoders.com/blog/import-variable-products-into-woocommerce.html#woo-commerce-product-and-variations-import,0,2,0,10
https://www.smackcoders.com/blog/import-woocommerce-products-with-custom-fields.html#section-1-understanding-advanced-custom-fields-in-woo-commerce,0,4,0,6.5
https://www.smackcoders.com/blog/import-woocommerce-products-with-custom-fields.html#section-2-step-by-step-import-process,0,1,0,10
https://www.smackcoders.com/blog/import-woocommerce-products-with-custom-fields.html#step-1-preparing-your-csv-for-advanced-custom-fields,0,4,0,6.5
https://www.smackcoders.com/blog/import-woocommerce-products-with-custom-fields.html#step-2-import-your-woo-commerce-data-with-advanced-custom-fields,0,5,0,7.2
https://www.smackcoders.com/blog/import-woocommerce-products-with-custom-fields.html#what-acf-does,0,1,0,10
https://www.smackcoders.com/blog/import-yith-order-tracking-data-and-export-with-csv-importer.html,0,54,0,6.444444444444445
https://www.smackcoders.com/blog/improve-core-web-vitals-in-wordpress.html,0,71,0,8.943661971830986
https://www.smackcoders.com/blog/mastering-wpml-language-localization.html#how-to-change-flags-in-wpml,0,7,0,8.571428571428571
https://www.smackcoders.com/blog/mastering-wpml-language-localization.html#how-to-change-the-original-language-in-wpml,0,7,0,8.571428571428571
https://www.smackcoders.com/blog/monthly-wordpress-maintenance-checklist.html,0,14,0,6.357142857142857
https://www.smackcoders.com/blog/onc-click-import-and-migrate-wordpress.html,0,6,0,8
https://www.smackcoders.com/blog/optimize-wordpress-database-for-large-sites.html,0,56,0,7.035714285714286
https://www.smackcoders.com/blog/polylang-import-products-woocommerce.html#how-to-import-woocommerce-orders-with-polylang-translations,0,4,0,6
https://www.smackcoders.com/blog/polylang-import-products-woocommerce.html#introduction,0,5,0,6.4
https://www.smackcoders.com/blog/polylang-import-products-woocommerce.html#step-by-step-guide-importing-woo-commerce-variations-with-polylang-translations,0,3,0,6.666666666666667
https://www.smackcoders.com/blog/polylang-import-products-woocommerce.html#steps-for-efficient-migration-import-woo-commerce-products-with-polylang-translations,0,3,0,6.666666666666667
https://www.smackcoders.com/blog/polylang-import-translation-guide.html,0,279,0,10.910394265232975
https://www.smackcoders.com/blog/polylang-import-translation-guide.html#csv-importer-for-polylang-wp-ultimate-csv-importer-plugin,0,2,0,6.5
https://www.smackcoders.com/blog/polylang-import-translation-guide.html#how-do-you-set-up-languages-on-a-word-press-site-using-polylang,0,2,0,6.5
https://www.smackcoders.com/blog/polylang-import-translation-guide.html#how-to-import-custom-post-types-and-custom-fields-in-multilingual-websites,0,2,0,6.5
https://www.smackcoders.com/blog/polylang-import-translation-guide.html#how-to-import-polylang-translated-content-in-your-multilingual-websites,0,11,0,6.909090909090909
https://www.smackcoders.com/blog/polylang-import-translation-guide.html#how-to-import-posts-and-pages-in-polylang-translation,0,15,0,6.466666666666667
https://www.smackcoders.com/blog/polylang-import-translation-guide.html#how-to-import-taxonomies-in-polylang-translations,0,6,0,5.666666666666667
https://www.smackcoders.com/blog/polylang-import-translation-guide.html#how-to-prepare-a-csv-to-import-the-content-of-polylang-translations,0,11,0,6.909090909090909
https://www.smackcoders.com/blog/polylang-plugin-for-wordpress.html,0,133,0,17.7593984962406
https://www.smackcoders.com/blog/reduce-page-load-time-on-high-content-sites.html,0,7,0,6.714285714285714
https://www.smackcoders.com/blog/scale-wordpress-for-high-traffic.html,0,370,0,24.981081081081083
https://www.smackcoders.com/blog/scaling-woocommerce-manage-products-orders.html,0,290,0,7.720689655172414
https://www.smackcoders.com/blog/speed-up-your-wordpress-website.html,0,519,0,70.80539499036608
https://www.smackcoders.com/blog/speed-up-your-wordpress-website.html#tip-1-choose-a-fast-and-lightweight-theme,0,2,0,3.5
https://www.smackcoders.com/blog/speed-up-your-wordpress-website.html#tip-2-use-a-caching-plugin,0,1,0,3
https://www.smackcoders.com/blog/speed-up-your-wordpress-website.html#tip-3-optimize-images,0,2,0,3.5
https://www.smackcoders.com/blog/speed-up-your-wordpress-website.html#tip-4-enable-lazy-loading,0,2,0,3.5
https://www.smackcoders.com/blog/speed-up-your-wordpress-website.html#tip-5-make-use-of-a-content-delivery-network-cdn,0,1,0,3
https://www.smackcoders.com/blog/speed-up-your-wordpress-website.html#tip-7-minimize-http-requests,0,1,0,3
https://www.smackcoders.com/blog/speed-up-your-wordpress-website.html#tip-8-limit-external-scripts,0,1,0,3
https://www.smackcoders.com/blog/suitecrm-installation-guide.html,0,1,0,2
https://www.smackcoders.com/blog/ultimate-csv-importer-8-6-wp-rentals-serialized.html,0,5,0,13.8
https://www.smackcoders.com/blog/ultimate-csv-importer-pro-v8-2.html,0,30,0,14.566666666666666
https://www.smackcoders.com/blog/ultimate-csv-importer-pro-v8-2.html#import-update-data-based-on-category-filters,0,1,0,9
https://www.smackcoders.com/blog/ultimate-csv-importer-pro-v8-2.html#seamless-xlsx-import-support-say-goodbye-to-csv-conversions,0,1,0,9
https://www.smackcoders.com/blog/update-outdated-wordpress-plugins-data.html,0,22,0,8.40909090909091
https://www.smackcoders.com/blog/voice-search-optimization.html,0,5,0,40.4
https://www.smackcoders.com/blog/woocommerce-maintenance-tasks.html,0,14,0,5.714285714285714
https://www.smackcoders.com/blog/woocommerce-vs-magento-pros-and-cons.html,0,9,0,46.44444444444444
https://www.smackcoders.com/blog/wordpress-admin-productivity-hacks.html,0,20,0,12.4
https://www.smackcoders.com/blog/wordpress-backup-restore-strategy.html,0,133,0,29.541353383458645
https://www.smackcoders.com/blog/wordpress-database-optimization.html,0,249,0,18.650602409638555
https://www.smackcoders.com/blog/wordpress-popup-builders.html,0,40,0,28.725
https://www.smackcoders.com/blog/wordpress-security-checklist.html,0,310,0,20.796774193548387
https://www.smackcoders.com/blog/wordpress-seo-guide.html,0,979,0,63.84473953013279
https://www.smackcoders.com/blog/wordpress-seo-plugins.html,0,1446,0,68.0463347164592
https://www.smackcoders.com/blog/wordpress-ultimate-csv-importer-csv-sample-files-and-updates.html#sample-files-for-word-press-csv-xml-import,0,89,0,6.865168539325842
https://www.smackcoders.com/blog/wordpress-ultimate-csv-importer-csv-sample-files-and-updates.html#word-press-csv-import,0,88,0,6.840909090909091
https://www.smackcoders.com/blog/wordpress-ultimate-csv-importer-csv-sample-files-and-updates.html#word-press-xml-import,0,88,0,6.840909090909091
https://www.smackcoders.com/blog/wordpress-ultimate-csv-importer-csv-sample-files-and-updates.html#wp-ultimate-csv-importer-supported-plugins,0,3,0,8.333333333333332
https://www.smackcoders.com/blog/wordpress-user-role-management-master-guide.html,0,46,0,8.08695652173913
https://www.smackcoders.com/blog/wp-query-ultimate-csv-importer-pro.html,0,12,0,41.833333333333336
https://www.smackcoders.com/blog/wp-ultimate-csv-importer-8-7-update.html,0,5,0,23.8
https://www.smackcoders.com/blog/wp-ultimate-csv-importer-pro-price-update.html,0,9,0,7
https://www.smackcoders.com/documentation/easy-inventory/easy-inventory-and-stock-manager,0,9,0,15.777777777777779
https://www.smackcoders.com/documentation/follow-up-email/follow-up-emails-plugin,0,22,0,8.954545454545453
https://www.smackcoders.com/documentation/woocommerce-to-shopify-integration/woocommerce-to-shopify-integration-authentication-setup,0,11,0,13.909090909090908
https://www.smackcoders.com/documentation/wordpress-leads-builder-for-any-crm-pro/e-commerce-integration,0,6,0,7.166666666666667
https://www.smackcoders.com/documentation/wordpress-leads-builder-for-any-crm-pro/faq-leads-builder,0,7,0,18.285714285714285
https://www.smackcoders.com/documentation/wordpress-leads-builder-for-any-crm-pro/lead-builder-for-any-crm,0,30,0,29.466666666666665
https://www.smackcoders.com/documentation/wordpress-leads-builder-for-any-crm-pro/lead-builder-for-any-crm#1-toc-title,0,1,0,4
https://www.smackcoders.com/documentation/wordpress-leads-builder-for-any-crm-pro/lead-builder-for-any-crm#2-toc-title,0,1,0,4
https://www.smackcoders.com/documentation/wordpress-leads-builder-for-any-crm-pro/lead-builder-for-any-crm#getting-started,0,1,0,4
https://www.smackcoders.com/documentation/wp-ultimate-csv-importer-pro/acf-import#0-toc-title,0,22,0,4.681818181818182
https://www.smackcoders.com/documentation/wp-ultimate-csv-importer-pro/acf-import#1-toc-title,0,24,0,5
https://www.smackcoders.com/documentation/wp-ultimate-csv-importer-pro/acf-import#2-toc-title,0,1,0,10
https://www.smackcoders.com/documentation/wp-ultimate-csv-importer-pro/acf-import#3-toc-title,0,24,0,5
https://www.smackcoders.com/documentation/wp-ultimate-csv-importer-pro/acf-import#5-toc-title,0,1,0,7
https://www.smackcoders.com/documentation/wp-ultimate-csv-importer-pro/advanced-import-filters,0,9,0,15
https://www.smackcoders.com/documentation/wp-ultimate-csv-importer-pro/bbpress-import-and-update,0,53,0,10.584905660377359
https://www.smackcoders.com/documentation/wp-ultimate-csv-importer-pro/chatgpt-integration,0,2,0,24
https://www.smackcoders.com/documentation/wp-ultimate-csv-importer-pro/how-to-import-csv#0-toc-title,0,12,0,4.333333333333334
https://www.smackcoders.com/documentation/wp-ultimate-csv-importer-pro/how-to-import-csv#1-toc-title,0,6,0,4.333333333333334
https://www.smackcoders.com/documentation/wp-ultimate-csv-importer-pro/how-to-import-csv#2-toc-title,0,9,0,4.222222222222222
https://www.smackcoders.com/documentation/wp-ultimate-csv-importer-pro/how-to-import-csv#3-toc-title,0,8,0,4.25
https://www.smackcoders.com/documentation/wp-ultimate-csv-importer-pro/how-to-import-schedule-or-update,0,206,0,8.737864077669903
https://www.smackcoders.com/documentation/wp-ultimate-csv-importer-pro/how-to-import-schedule-or-update#0-toc-title,0,19,0,5.7368421052631575
https://www.smackcoders.com/documentation/wp-ultimate-csv-importer-pro/how-to-import-schedule-or-update#1-toc-title,0,17,0,5.764705882352941
https://www.smackcoders.com/documentation/wp-ultimate-csv-importer-pro/how-to-import-schedule-or-update#2-toc-title,0,2,0,5.5
https://www.smackcoders.com/documentation/wp-ultimate-csv-importer-pro/how-to-import-schedule-or-update#3-toc-title,0,19,0,5.7368421052631575
https://www.smackcoders.com/documentation/wp-ultimate-csv-importer-pro/how-to-import-variable-products-in-woocommerce,0,447,0,15.006711409395972
https://www.smackcoders.com/documentation/wp-ultimate-csv-importer-pro/how-to-import-variable-products-in-woocommerce#0-toc-title,0,76,0,8.894736842105264
https://www.smackcoders.com/documentation/wp-ultimate-csv-importer-pro/how-to-import-variable-products-in-woocommerce#1-toc-title,0,5,0,9
https://www.smackcoders.com/documentation/wp-ultimate-csv-importer-pro/how-to-import-variable-products-in-woocommerce#2-toc-title,0,76,0,8.894736842105264
https://www.smackcoders.com/documentation/wp-ultimate-csv-importer-pro/how-to-import-variable-products-in-woocommerce#3-toc-title,0,5,0,9
https://www.smackcoders.com/documentation/wp-ultimate-csv-importer-pro/how-to-import-variable-products-in-woocommerce#4-toc-title,0,5,0,9
https://www.smackcoders.com/documentation/wp-ultimate-csv-importer-pro/how-to-import-variable-products-in-woocommerce#5-toc-title,0,5,0,9
https://www.smackcoders.com/documentation/wp-ultimate-csv-importer-pro/how-to-import-woocommerce-orders,0,57,0,42.64912280701754
https://www.smackcoders.com/documentation/wp-ultimate-csv-importer-pro/import-and-export-listings-and-owners-in-wp-rentals,0,130,0,13.930769230769231
https://www.smackcoders.com/documentation/wp-ultimate-csv-importer-pro/import-and-export-nextgen-gallery-images#0-toc-title,0,18,0,5.833333333333333
https://www.smackcoders.com/documentation/wp-ultimate-csv-importer-pro/import-and-export-nextgen-gallery-images#1-toc-title,0,18,0,5.833333333333333
https://www.smackcoders.com/documentation/wp-ultimate-csv-importer-pro/import-and-export-nextgen-gallery-images#2-toc-title,0,18,0,5.833333333333333
https://www.smackcoders.com/documentation/wp-ultimate-csv-importer-pro/import-and-export-woocommerce-reviews,0,170,0,18.270588235294117
https://www.smackcoders.com/documentation/wp-ultimate-csv-importer-pro/import-and-export-woocommerce-reviews#0-toc-title,0,8,0,10.5
https://www.smackcoders.com/documentation/wp-ultimate-csv-importer-pro/import-and-export-woocommerce-reviews#1-toc-title,0,8,0,10.5
https://www.smackcoders.com/documentation/wp-ultimate-csv-importer-pro/import-and-export-woocommerce-reviews#2-toc-title,0,8,0,10.5
https://www.smackcoders.com/documentation/wp-ultimate-csv-importer-pro/import-data-from-excel-to-wordpress,0,127,0,14.653543307086615
https://www.smackcoders.com/documentation/wp-ultimate-csv-importer-pro/import-export-jetbookings-data,0,64,0,7.875
https://www.smackcoders.com/documentation/wp-ultimate-csv-importer-pro/import-images-into-wordpress#0-toc-title,0,3,0,7
https://www.smackcoders.com/documentation/wp-ultimate-csv-importer-pro/import-images-into-wordpress#1-toc-title,0,26,0,7.961538461538462
https://www.smackcoders.com/documentation/wp-ultimate-csv-importer-pro/import-images-into-wordpress#2-toc-title,0,23,0,8.08695652173913
https://www.smackcoders.com/documentation/wp-ultimate-csv-importer-pro/import-images-into-wordpress#3-toc-title,0,23,0,8.08695652173913
https://www.smackcoders.com/documentation/wp-ultimate-csv-importer-pro/import-serialized-fields-data,0,54,0,8.314814814814815
https://www.smackcoders.com/documentation/wp-ultimate-csv-importer-pro/import-woocommerce-customers,0,76,0,42.526315789473685
https://www.smackcoders.com/documentation/wp-ultimate-csv-importer-pro/import-wordpress-categories-and-tags#0-toc-title,0,5,0,6.6
https://www.smackcoders.com/documentation/wp-ultimate-csv-importer-pro/import-wordpress-categories-and-tags#1-toc-title,0,47,0,6.25531914893617
https://www.smackcoders.com/documentation/wp-ultimate-csv-importer-pro/import-wordpress-categories-and-tags#2-toc-title,0,50,0,6.28
https://www.smackcoders.com/documentation/wp-ultimate-csv-importer-pro/import-wordpress-categories-and-tags#3-toc-title,0,47,0,6.25531914893617
https://www.smackcoders.com/documentation/wp-ultimate-csv-importer-pro/jet-engine-data-import,0,273,0,9.395604395604396
https://www.smackcoders.com/documentation/wp-ultimate-csv-importer-pro/jet-engine-data-import#0-toc-title,0,6,0,8
https://www.smackcoders.com/documentation/wp-ultimate-csv-importer-pro/jet-engine-data-import#3-toc-title,0,6,0,8
https://www.smackcoders.com/documentation/wp-ultimate-csv-importer-pro/let-clients-export-wordpress-data,0,10,0,6.7
https://www.smackcoders.com/documentation/wp-ultimate-csv-importer-pro/meta-box-custom-field-cloneable,0,50,0,15.26
https://www.smackcoders.com/documentation/wp-ultimate-csv-importer-pro/meta-box-custom-field-cloneable#1-toc-title,0,7,0,10.428571428571429
https://www.smackcoders.com/documentation/wp-ultimate-csv-importer-pro/meta-box-custom-field-cloneable#4-toc-title,0,7,0,10.428571428571429
https://www.smackcoders.com/documentation/wp-ultimate-csv-importer-pro/migrate-wordpress-and-woocommerce-data,0,29,0,52.03448275862069
https://www.smackcoders.com/documentation/wp-ultimate-csv-importer-pro/polylang-multilingual-content-import-export#0-toc-title,0,2,0,7
https://www.smackcoders.com/documentation/wp-ultimate-csv-importer-pro/polylang-multilingual-content-import-export#2-toc-title,0,2,0,7
https://www.smackcoders.com/documentation/wp-ultimate-csv-importer-pro/polylang-multilingual-content-import-export#3-toc-title,0,1,0,8
https://www.smackcoders.com/documentation/wp-ultimate-csv-importer-pro/rankmath-data-import-and-export,0,529,0,10.72211720226843
https://www.smackcoders.com/documentation/wp-ultimate-csv-importer-pro/rankmath-data-import-and-export#2-toc-title,0,13,0,6.615384615384615
https://www.smackcoders.com/documentation/wp-ultimate-csv-importer-pro/rankmath-data-import-and-export#5-toc-title,0,13,0,6.615384615384615
https://www.smackcoders.com/documentation/wp-ultimate-csv-importer-pro/seopress-import-export,0,58,0,30.603448275862068
https://www.smackcoders.com/documentation/wp-ultimate-csv-importer-pro/slim-seo-metadata-import-export,0,32,0,13.34375
https://www.smackcoders.com/documentation/wp-ultimate-csv-importer-pro/woocommerces,0,127,0,17.8503937007874
https://www.smackcoders.com/documentation/wp-ultimate-csv-importer-pro/woocommerces#0-toc-title,0,3,0,8.666666666666668
https://www.smackcoders.com/documentation/wp-ultimate-csv-importer-pro/woocommerces#1-toc-title,0,1,0,11
https://www.smackcoders.com/documentation/wp-ultimate-csv-importer-pro/woocommerces#2-toc-title,0,1,0,10
https://www.smackcoders.com/documentation/wp-ultimate-csv-importer-pro/woocommerces#5-toc-title,0,1,0,5
https://www.smackcoders.com/documentation/wp-ultimate-csv-importer-pro/woocommerces#6-toc-title,0,3,0,8.666666666666668
https://www.smackcoders.com/documentation/wp-ultimate-csv-importer-pro/wordpress-export-import-single-page,0,82,0,12.524390243902438
https://www.smackcoders.com/documentation/wp-ultimate-csv-importer-pro/wpml-multilingual-import,0,87,0,22.137931034482758
https://www.smackcoders.com/documentation/wp-ultimate-exporter/wordpress-exporter-guide,0,25,0,13.48
https://www.smackcoders.com/documentation/wp-ultimate-exporter/wordpress-exporter-guide#0-toc-title,0,1,0,11
https://www.smackcoders.com/documentation/wp-ultimate-exporter/wordpress-exporter-guide#2-toc-title,0,1,0,11
https://www.smackcoders.com/easy-inventory-and-stock-manager-for-woocommerce.html,0,138,0,27.47826086956522
https://www.smackcoders.com/es,0,1,0,1
https://www.smackcoders.com/es/administrador-facil-de-inventario-y-stock-para-woocommerce.html,0,2,0,21.5
https://www.smackcoders.com/es/alternativa-de-importacion-de-wp-all.html,0,5,0,7.2
https://www.smackcoders.com/es/blog/acelera-tu-sitio-web-de-wordpress.html,0,19,0,67.89473684210526
https://www.smackcoders.com/es/blog/como-anadir-urls-externas-a-las-imagenes-destacadas-en-wordpress.html#como-agregar-enlaces-url-externos-a-publicaciones-y-paginas-de-word-press,0,8,0,4.75
https://www.smackcoders.com/es/blog/como-anadir-urls-externas-a-las-imagenes-destacadas-en-wordpress.html#como-extraer-imagenes-destacadas-de-fifu-y-datos-de-texto-alternativo-de-word-press,0,1,0,7
https://www.smackcoders.com/es/blog/como-anadir-urls-externas-a-las-imagenes-destacadas-en-wordpress.html#como-obtener-url-de-imagenes-destacadas-en-publicaciones-paginas-de-word-press,0,9,0,3.6666666666666665
https://www.smackcoders.com/es/blog/como-anadir-urls-externas-a-las-imagenes-destacadas-en-wordpress.html#importacion-masiva-de-url-externas-a-imagenes-destacadas-en-publicaciones-paginas-y-publicaciones-personalizadas-de-word-press,0,5,0,5
https://www.smackcoders.com/es/blog/como-anadir-urls-externas-a-las-imagenes-destacadas-en-wordpress.html#instale-la-imagen-destacada-de-word-press-desde-el-complemento-url-fifu,0,1,0,3
https://www.smackcoders.com/es/blog/como-crear-e-importar-tipos-de-publicaciones-personalizadas-en-wordpress.html,0,8,0,7.5
https://www.smackcoders.com/es/blog/como-exportar-e-importar-campos-personalizados-avanzados.html#acf-field-types-explained,0,1,0,3
https://www.smackcoders.com/es/blog/como-exportar-e-importar-campos-personalizados-avanzados.html#export-acf-fields-in-word-press-as-csv,0,1,0,3
https://www.smackcoders.com/es/blog/como-habilitar-y-configurar-wp-cron.html#hooking-wp-cron-in-the-task-scheduler,0,12,0,4.916666666666666
https://www.smackcoders.com/es/blog/como-habilitar-y-configurar-wp-cron.html#is-word-press-cron-enabled-how-to-enable-word-press-cron,0,9,0,7.111111111111111
https://www.smackcoders.com/es/blog/como-habilitar-y-configurar-wp-cron.html#mac-linux,0,18,0,5.5
https://www.smackcoders.com/es/blog/como-habilitar-y-configurar-wp-cron.html#word-press-cron-job-or-wp-cron-not-working,0,18,0,5.5
https://www.smackcoders.com/es/blog/como-importar-archivos-csv-a-wordpress-de-manera-eficiente.html#enhancing-csv-file-imports,0,4,0,3
https://www.smackcoders.com/es/blog/como-importar-archivos-csv-a-wordpress-de-manera-eficiente.html#introduction-to-csv-files-and-word-press,0,5,0,2.4
https://www.smackcoders.com/es/blog/como-importar-archivos-csv-a-wordpress-de-manera-eficiente.html#methods-for-importing-csv-files,0,6,0,2.5
https://www.smackcoders.com/es/blog/como-importar-archivos-csv-a-wordpress-de-manera-eficiente.html#troubleshooting-and-common-issues,0,5,0,2.4
https://www.smackcoders.com/es/blog/como-importar-archivos-csv-a-wordpress-de-manera-eficiente.html#understanding-the-basics,0,3,0,3
https://www.smackcoders.com/es/blog/como-instalar-cargadores-ioncube-para-varios-tipos-de-alojamiento.html,0,100,0,6.52
https://www.smackcoders.com/es/blog/como-instalar-wamp-y-xampp.html#pasos-para-importar-un-importador-de-csv,0,10,0,7.1
https://www.smackcoders.com/es/blog/como-instalar-wamp-y-xampp.html#por-que-xampp-y-wamp-son-esenciales-para-los-usuarios-importadores-de-csv,0,13,0,6.3076923076923075
https://www.smackcoders.com/es/blog/como-instalar-wamp-y-xampp.html#procedimiento-de-instalacion,0,10,0,7.3
https://www.smackcoders.com/es/blog/como-instalar-wamp-y-xampp.html#servidor-xampp,0,16,0,6.8125
https://www.smackcoders.com/es/blog/ejemplos-de-archivos-csv-y-xml-para-la-importacion-de-prueba-wp-ultimate-csv-xml-importer.html#archivos-de-muestra-para-la-importacion-de-csv-xml-de-word-press,0,5,0,9.2
https://www.smackcoders.com/es/blog/ejemplos-de-archivos-csv-y-xml-para-la-importacion-de-prueba-wp-ultimate-csv-xml-importer.html#importacion-csv-de-word-press,0,5,0,9.2
https://www.smackcoders.com/es/blog/exportar-importar-una-sola-publicacion.html#key-benefits-of-this-feature,0,6,0,10.166666666666666
https://www.smackcoders.com/es/blog/exportar-importar-una-sola-publicacion.html#key-features-of-single-post-csv-import-export,0,1,0,4
https://www.smackcoders.com/es/blog/exportar-importar-una-sola-publicacion.html#why-do-you-need-to-export-and-import-single-post-page-custom-post-record,0,7,0,9.285714285714286
https://www.smackcoders.com/es/blog/importar-paginas-a-wordpress-una-guia-util.html#common-scenarios-and-methods-to-import-pages-into-word-press,0,1,0,6
https://www.smackcoders.com/es/blog/importar-paginas-a-wordpress-una-guia-util.html#how-to-import-a-page-from-another-website-in-word-press,0,1,0,6
https://www.smackcoders.com/es/blog/importar-paginas-a-wordpress-una-guia-util.html#types-of-pages-you-can-import,0,1,0,6
https://www.smackcoders.com/es/blog/importar-paginas-a-wordpress-una-guia-util.html#why-import-pages-into-word-press,0,1,0,6
https://www.smackcoders.com/es/blog/importar-productos-de-woocommerce-con-campos-personalizados.html,0,87,0,5.597701149425287
https://www.smackcoders.com/es/blog/importar-productos-de-woocommerce-con-campos-personalizados.html#section-1-understanding-advanced-custom-fields-in-woo-commerce,0,2,0,6.5
https://www.smackcoders.com/es/blog/importar-productos-de-woocommerce-con-campos-personalizados.html#step-2-import-your-woo-commerce-data-with-advanced-custom-fields,0,2,0,6.5
https://www.smackcoders.com/es/blog/importar-productos-de-woocommerce-con-campos-personalizados.html#what-acf-does,0,2,0,6.5
https://www.smackcoders.com/es/blog/importar-productos-variables-a-woocommerce-usando-ultimate-csv-importer.html#el-desafio-de-importar-variaciones-de-woo-commerce,0,2,0,4
https://www.smackcoders.com/es/blog/importar-productos-variables-a-woocommerce-usando-ultimate-csv-importer.html#exportacion-de-variaciones-de-woo-commerce-para-productos-variables,0,1,0,4
https://www.smackcoders.com/es/blog/importar-productos-variables-a-woocommerce-usando-ultimate-csv-importer.html#guia-paso-a-paso-para-importar-variaciones-para-productos-variables-de-woo-commerce,0,2,0,4
https://www.smackcoders.com/es/blog/importar-productos-variables-a-woocommerce-usando-ultimate-csv-importer.html#importacion-de-productos-y-variaciones-de-woo-commerce,0,2,0,4
https://www.smackcoders.com/es/blog/importar-productos-variables-a-woocommerce-usando-ultimate-csv-importer.html#paso-3-exportar-los-datos,0,1,0,4
https://www.smackcoders.com/es/blog/plugins-de-afiliados-de-woocommerce.html,0,14,0,8.5
https://www.smackcoders.com/es/blog/tecnicas-avanzadas-para-importar-y-exportar-wordpress.html#exportacion-de-contenido-de-tu-sitio-de-word-press-autohospedado,0,9,0,8.11111111111111
https://www.smackcoders.com/es/blog/tecnicas-avanzadas-para-importar-y-exportar-wordpress.html#importacion-de-datos-de-word-press-a-un-nuevo-servidor,0,5,0,6.8
https://www.smackcoders.com/es/blog/tecnicas-avanzadas-para-importar-y-exportar-wordpress.html#plugins-de-importacion-exportacion-en-word-press,0,8,0,8.5
https://www.smackcoders.com/es/blog/tecnicas-avanzadas-para-importar-y-exportar-wordpress.html#tecnicas-avanzadas-y-mejores-practicas,0,2,0,6.5
https://www.smackcoders.com/es/blog/video-marketing-de-comercio-electronico.html,0,41,0,31.804878048780488
https://www.smackcoders.com/es/creador-de-leads-de-wordpress-para-cualquier-crm.html,0,9,0,27.88888888888889
https://www.smackcoders.com/es/documentation/creador-de-prospectos-de-wordpress-para-cualquier-profesional-de-crm/preguntas-frecuentes-sobre-el-lead-builder-y-videos,0,1,0,59
https://www.smackcoders.com/es/documentation/creador-de-prospectos-de-wordpress-para-cualquier-profesional-de-crm/wp-lead-builder-para-cualquier-crm,0,3,0,39
https://www.smackcoders.com/es/documentation/wp-ultimate-csv-importer-pro/campo-personalizado-de-meta-box-clonable,0,3,0,8.666666666666668
https://www.smackcoders.com/es/documentation/wp-ultimate-csv-importer-pro/como-importar-productos-variables-en-woocommerce#0-toc-title,0,2,0,3
https://www.smackcoders.com/es/documentation/wp-ultimate-csv-importer-pro/como-importar-productos-variables-en-woocommerce#1-toc-title,0,2,0,3
https://www.smackcoders.com/es/documentation/wp-ultimate-csv-importer-pro/exportacion-de-wordpress-importar-una-sola-pagina,0,39,0,79.05128205128206
https://www.smackcoders.com/es/documentation/wp-ultimate-csv-importer-pro/exportar-datos-de-wordpress-mediante-wp-query,0,2,0,8.5
https://www.smackcoders.com/es/documentation/wp-ultimate-csv-importer-pro/guia-de-solucion-de-problemas,0,15,0,6.266666666666667
https://www.smackcoders.com/es/documentation/wp-ultimate-csv-importer-pro/importacion-de-datos-de-learnpress,0,8,0,5.125
https://www.smackcoders.com/es/documentation/wp-ultimate-csv-importer-pro/importacion-de-datos-de-motores-a-reaccion,0,31,0,9.741935483870968
https://www.smackcoders.com/es/documentation/wp-ultimate-csv-importer-pro/importacion-y-actualizacion-avanzada-de-campos-personalizados,0,12,0,7.333333333333333
https://www.smackcoders.com/es/documentation/wp-ultimate-csv-importer-pro/importacion-y-exportacion-de-datos-de-rankmath,0,17,0,11.058823529411764
https://www.smackcoders.com/es/documentation/wp-ultimate-csv-importer-pro/importador-de-polylang-y-csv-importar-exportar-contenido-multilingue,0,2,0,8
https://www.smackcoders.com/es/documentation/wp-ultimate-csv-importer-pro/importar-categorias-y-etiquetas-de-wordpress,0,45,0,11.155555555555555
https://www.smackcoders.com/es/documentation/wp-ultimate-csv-importer-pro/importar-clientes-de-woocommerce,0,45,0,64.35555555555555
https://www.smackcoders.com/es/documentation/wp-ultimate-csv-importer-pro/importar-eventos-a-wordpress,0,1,0,8
https://www.smackcoders.com/es/documentation/wp-ultimate-csv-importer-pro/importar-exportar-miembros-de-usuario,0,31,0,5.225806451612903
https://www.smackcoders.com/es/documentation/wp-ultimate-csv-importer-pro/importar-imagenes-en-wordpress,0,28,0,5.714285714285714
https://www.smackcoders.com/es/documentation/wp-ultimate-csv-importer-pro/importar-listados-de-directorios-comerciales-en-wordpress,0,3,0,5.666666666666667
https://www.smackcoders.com/es/documentation/wp-ultimate-csv-importer-pro/importar-usuarios-de-exportacion-con-varios-roles-de-usuario,0,1,0,1
https://www.smackcoders.com/es/documentation/wp-ultimate-csv-importer-pro/importar-y-exportar-campos-acpt-en-wordpress,0,5,0,4.2
https://www.smackcoders.com/es/documentation/wp-ultimate-csv-importer-pro/importar-y-exportar-imagenes-de-la-galeria-nextgen,0,5,0,12.6
https://www.smackcoders.com/es/documentation/wp-ultimate-csv-importer-pro/importar-y-exportar-listados-y-propietarios-en-wp-rentals,0,4,0,6
https://www.smackcoders.com/es/documentation/wp-ultimate-csv-importer-pro/importar-y-exportar-resenas-de-woocommerce,0,9,0,35.333333333333336
https://www.smackcoders.com/es/documentation/wp-ultimate-csv-importer-pro/importar-y-exportar-usuarios-de-wordpress,0,26,0,8.653846153846153
https://www.smackcoders.com/es/documentation/wp-ultimate-csv-importer-pro/introduccion-al-plugin-de-wordpress-ultimate-csv-xml-importer,0,48,0,6.229166666666667
https://www.smackcoders.com/es/documentation/wp-ultimate-csv-importer-pro/meta-box-campos-personalizados-importacion-de-datos-exportacion,0,19,0,9.736842105263158
https://www.smackcoders.com/es/documentation/wp-ultimate-csv-importer-pro/migrar-datos-de-wordpress-y-woocommerce,0,6,0,4.5
https://www.smackcoders.com/es/documentation/wp-ultimate-csv-importer-pro/modulos-de-importacion-csv-definitivos-de-wordpress,0,8,0,10.125
https://www.smackcoders.com/es/documentation/wp-ultimate-csv-importer-pro/preguntas-frecuentes-relacionadas-con-wp-ultimate-csv-importer,0,2,0,9
https://www.smackcoders.com/es/documentation/wp-ultimate-csv-importer-pro/que-es-elementor-import-export,0,36,0,9.63888888888889
https://www.smackcoders.com/es/documentation/wp-ultimate-csv-importer-pro/seopress-importacion-y-exportacion,0,1,0,7
https://www.smackcoders.com/es/importar-exportar-datos-de-wordpress.html,0,5,0,33.4
https://www.smackcoders.com/es/plugins-inteligentes-para-wordpress.html,0,11,0,63
https://www.smackcoders.com/es/politica-de-privacidad.html,0,1,0,52
https://www.smackcoders.com/es/tutoriales-de-woocommerce.html,0,11,0,73.45454545454545
https://www.smackcoders.com/es/wp-ultimate-csv-importer-pro/caracteristicas.html,0,11,0,26.09090909090909
https://www.smackcoders.com/es/wp-ultimate-csv-importer-pro/importacion-de-metadatos-seo.html,0,6,0,73.33333333333333
https://www.smackcoders.com/es/wp-ultimate-csv-importer-pro/importacion-exportacion-jetengine-con-ultimate-csv-importer.html,0,1,0,6
https://www.smackcoders.com/es/wp-ultimate-csv-importer-pro/importar-campos-personalizados-acf-desde-csv.html,0,12,0,23.416666666666668
https://www.smackcoders.com/es/wp-ultimate-csv-importer-pro/importar-contenido-multilingue-de-wpml.html,0,7,0,24.571428571428573
https://www.smackcoders.com/es/wp-ultimate-csv-importer-pro/precios.html,0,2,0,2.5
https://www.smackcoders.com/essential-wordpress-plugins.html,0,12,0,8.166666666666668
https://www.smackcoders.com/general.html,0,8,0,3.25
https://www.smackcoders.com/how-to-create-wordpress-post.html,0,3,0,10
https://www.smackcoders.com/import-csv-to-wordpress.html,0,41,0,14.658536585365853
https://www.smackcoders.com/import-export-wordpress-data.html,0,19,0,41.8421052631579
https://www.smackcoders.com/import-to-custom-fields.html,0,2,0,11.5
https://www.smackcoders.com/ja,0,17,0,6.176470588235294
https://www.smackcoders.com/ja/about-us.html,0,2,0,6.5
https://www.smackcoders.com/ja/blog/add-external-urls-to-featured-images-wordpress.html#how-to-add-external-url-links-to-word-press-posts-pages,0,86,0,5.151162790697675
https://www.smackcoders.com/ja/blog/add-external-urls-to-featured-images-wordpress.html#how-to-extract-fifu-featured-images-and-alt-text-data-from-word-press,0,20,0,6.1
https://www.smackcoders.com/ja/blog/add-external-urls-to-featured-images-wordpress.html#how-to-get-featured-image-ur-ls-in-word-press-posts-pages,0,45,0,5.822222222222222
https://www.smackcoders.com/ja/blog/add-external-urls-to-featured-images-wordpress.html#how-to-hide-featured-images-in-word-press-posts-and-pages,0,19,0,6.105263157894737
https://www.smackcoders.com/ja/blog/add-external-urls-to-featured-images-wordpress.html#importing-bulk-external-ur-ls-to-featured-images-in-word-press-posts-pages-and-custom-posts,0,96,0,5.166666666666667
https://www.smackcoders.com/ja/blog/add-external-urls-to-featured-images-wordpress.html#install-word-press-featured-image-from-url-fifu-plugin,0,20,0,5.85
https://www.smackcoders.com/ja/blog/advanced-techniques-for-wordpress-import-and-export.html#word-press%E3%82%A4%E3%83%B3%E3%83%9D%E3%83%BC%E3%83%88-%E3%82%A8%E3%82%AF%E3%82%B9%E3%83%9D%E3%83%BC%E3%83%88-%E3%83%97%E3%83%A9%E3%82%B0%E3%82%A4%E3%83%B3,0,1,0,10
https://www.smackcoders.com/ja/blog/advanced-techniques-for-wordpress-import-and-export.html#word-press-%E3%83%87%E3%83%BC%E3%82%BF%E3%82%92%E6%96%B0%E3%81%97%E3%81%84%E3%83%9B%E3%82%B9%E3%83%88%E3%81%AB%E3%82%A4%E3%83%B3%E3%83%9D%E3%83%BC%E3%83%88%E3%81%99%E3%82%8B,0,1,0,10
https://www.smackcoders.com/ja/blog/ai-in-wordpress.html,0,58,0,16.913793103448278
https://www.smackcoders.com/ja/blog/ai-in-wordpress.html#%E3%82%A6%E3%82%A7%E3%83%96%E3%82%B5%E3%82%A4%E3%83%88%E3%81%AE%E6%A7%8B%E7%AF%89%E3%81%A8%E3%83%87%E3%82%B6%E3%82%A4%E3%83%B3,0,4,0,7.25
https://www.smackcoders.com/ja/blog/ai-in-wordpress.html#%E3%82%B3%E3%83%BC%E3%83%89-%E3%82%B9%E3%83%8B%E3%83%9A%E3%83%83%E3%83%88%E3%81%AE%E8%A8%98%E8%BF%B0,0,4,0,7.25
https://www.smackcoders.com/ja/blog/ai-in-wordpress.html#%E3%83%81%E3%83%A3%E3%83%83%E3%83%88%E3%83%9C%E3%83%83%E3%83%88%E3%81%AE%E8%BF%BD%E5%8A%A0-%E3%82%AB%E3%82%B9%E3%82%BF%E3%83%A0,0,4,0,7.25
https://www.smackcoders.com/ja/blog/ai-in-wordpress.html#%E3%83%88%E3%83%83%E3%83%97ai-word-press%E3%83%97%E3%83%A9%E3%82%B0%E3%82%A4%E3%83%B3,0,4,0,7.25
https://www.smackcoders.com/ja/blog/ai-in-wordpress.html#%E7%94%BB%E5%83%8F%E7%94%9F%E6%88%90,0,10,0,7.7
https://www.smackcoders.com/ja/blog/ai-in-wordpress.html#ai%E3%81%AF-word-press%E3%83%A6%E3%83%BC%E3%82%B6%E3%83%BC%E3%81%AB%E3%81%A9%E3%81%AE%E3%82%88%E3%81%86%E3%81%AB%E5%BD%B9%E7%AB%8B%E3%81%A1%E3%81%BE%E3%81%99%E3%81%8B,0,10,0,7.7
https://www.smackcoders.com/ja/blog/ai-in-wordpress.html#word-press%E3%81%A7-a-i%E3%82%92%E4%BD%BF%E7%94%A8%E3%81%99%E3%82%8B%E3%81%9F%E3%82%81%E3%81%AE-11-%E3%81%AE%E6%9C%80%E8%89%AF%E3%81%AE%E6%96%B9%E6%B3%95,0,10,0,7.7
https://www.smackcoders.com/ja/blog/ai-powered-personalization-for-ecommerce.html,0,11,0,35.90909090909091
https://www.smackcoders.com/ja/blog/create-a-multilingual-website-with-wpml.html,0,66,0,7.666666666666667
https://www.smackcoders.com/ja/blog/create-a-multilingual-website-with-wpml.html#installing-wpml,0,2,0,5.5
https://www.smackcoders.com/ja/blog/create-a-multilingual-website-with-wpml.html#steps-to-register-with-site-key-in-wpml,0,2,0,5.5
https://www.smackcoders.com/ja/blog/create-a-multilingual-website-with-wpml.html#why-use-wpml-to-create-a-multilingual-website-in-word-press,0,2,0,5.5
https://www.smackcoders.com/ja/blog/enable-configure-wp-cron.html#hooking-wp-cron-in-the-task-scheduler,0,16,0,5.0625
https://www.smackcoders.com/ja/blog/enable-configure-wp-cron.html#is-word-press-cron-enabled-how-to-enable-word-press-cron,0,8,0,5.75
https://www.smackcoders.com/ja/blog/enable-configure-wp-cron.html#mac-linux,0,23,0,5.3478260869565215
https://www.smackcoders.com/ja/blog/enable-configure-wp-cron.html#word-press-cron-job-or-wp-cron-not-working,0,23,0,5.3478260869565215
https://www.smackcoders.com/ja/blog/export-import-advanced-custom-fields-csv-wordpress.html#acf-field-types-explained,0,37,0,3.5135135135135136
https://www.smackcoders.com/ja/blog/export-import-advanced-custom-fields-csv-wordpress.html#export-import-of-advanced-custom-fields-data-from-csv,0,42,0,3.619047619047619
https://www.smackcoders.com/ja/blog/export-import-advanced-custom-fields-csv-wordpress.html#wp-ultimate-csv-importer-pro,0,7,0,4
https://www.smackcoders.com/ja/blog/how-to-export-wordpress-users.html#4-%E7%AC%AC%E4%B8%89%E8%80%85%E3%82%B5%E3%83%BC%E3%83%93%E3%82%B9,0,10,0,7.3
https://www.smackcoders.com/ja/blog/how-to-export-wordpress-users.html#word-press%E3%83%A6%E3%83%BC%E3%82%B6%E3%83%BC%E3%82%92%E3%82%A8%E3%82%AF%E3%82%B9%E3%83%9D%E3%83%BC%E3%83%88%E3%81%99%E3%82%8B%E6%96%B9%E6%B3%95,0,10,0,7.3
https://www.smackcoders.com/ja/blog/how-to-export-wordpress-users.html#wp-ultimate-csv-importer%E3%83%97%E3%83%A9%E3%82%B0%E3%82%A4%E3%83%B3%E3%82%92%E4%BD%BF%E7%94%A8%E3%81%97%E3%81%A6-word-press%E3%83%A6%E3%83%BC%E3%82%B6%E3%83%BC%E3%82%92%E3%82%A8%E3%82%AF%E3%82%B9%E3%83%9D%E3%83%BC%E3%83%88%E3%81%99%E3%82%8B%E6%96%B9%E6%B3%95,0,10,0,7.3
https://www.smackcoders.com/ja/blog/how-to-import-csv-file-in-wordpress-without-plugin.html#importing-different-data-types-without-a-plugin,0,8,0,3.5
https://www.smackcoders.com/ja/blog/how-to-import-csv-file-in-wordpress-without-plugin.html#steps-for-importing-csv-to-word-press-without-a-plugin,0,12,0,3.6666666666666665
https://www.smackcoders.com/ja/blog/how-to-import-csv-file-in-wordpress-without-plugin.html#when-and-why-to-import-cs-vs-without-plugins,0,8,0,4.125
https://www.smackcoders.com/ja/blog/how-to-import-csv-file-in-wordpress-without-plugin.html#wp-cli-for-advanced-users-2025,0,4,0,4.25
https://www.smackcoders.com/ja/blog/how-to-import-csv-file-in-wordpress.html#%E3%83%88%E3%83%A9%E3%83%96%E3%83%AB%E3%82%B7%E3%83%A5%E3%83%BC%E3%83%86%E3%82%A3%E3%83%B3%E3%82%B0%E3%81%A8%E4%B8%80%E8%88%AC%E7%9A%84%E3%81%AA%E5%95%8F%E9%A1%8C,0,8,0,5.125
https://www.smackcoders.com/ja/blog/how-to-import-csv-file-in-wordpress.html#%E5%9F%BA%E6%9C%AC%E3%81%AE%E7%90%86%E8%A7%A3,0,69,0,5.492753623188406
https://www.smackcoders.com/ja/blog/how-to-import-csv-file-in-wordpress.html#csv%E3%83%95%E3%82%A1%E3%82%A4%E3%83%AB%E3%81%A8-word-press%E3%81%AE%E7%B4%B9%E4%BB%8B,0,29,0,5.586206896551724
https://www.smackcoders.com/ja/blog/how-to-import-csv-file-in-wordpress.html#csv-%E3%83%95%E3%82%A1%E3%82%A4%E3%83%AB%E3%81%AE%E3%82%A4%E3%83%B3%E3%83%9D%E3%83%BC%E3%83%88%E3%81%AE%E5%BC%B7%E5%8C%96,0,69,0,5.492753623188406
https://www.smackcoders.com/ja/blog/how-to-import-csv-file-in-wordpress.html#csv-%E3%83%95%E3%82%A1%E3%82%A4%E3%83%AB%E3%81%AE%E3%82%A4%E3%83%B3%E3%83%9D%E3%83%BC%E3%83%88%E6%96%B9%E6%B3%95,0,48,0,5.375
https://www.smackcoders.com/ja/blog/how-to-import-page-to-wordpress.html#common-scenarios-and-methods-to-import-pages-into-word-press,0,9,0,6.333333333333333
https://www.smackcoders.com/ja/blog/how-to-import-page-to-wordpress.html#how-to-import-a-page-from-another-website-in-word-press,0,9,0,6.333333333333333
https://www.smackcoders.com/ja/blog/how-to-import-page-to-wordpress.html#types-of-pages-you-can-import,0,9,0,6.333333333333333
https://www.smackcoders.com/ja/blog/how-to-import-page-to-wordpress.html#why-import-pages-into-word-press,0,9,0,6.333333333333333
https://www.smackcoders.com/ja/blog/import-and-export-woocommerce-customers.html,0,24,0,7.166666666666667
https://www.smackcoders.com/ja/blog/import-and-export-woocommerce-customers.html#how-to-export-woo-commerce-customers-easily,0,1,0,8
https://www.smackcoders.com/ja/blog/import-and-export-woocommerce-customers.html#why-import-and-export-woo-commerce-customers,0,1,0,8
https://www.smackcoders.com/ja/blog/import-export-custom-post-types-plugin-data.html#about-the-custom-post-types-plugin,0,21,0,5.380952380952381
https://www.smackcoders.com/ja/blog/import-export-custom-post-types-plugin-data.html#importing-custom-post-type-data,0,25,0,5.32
https://www.smackcoders.com/ja/blog/import-export-custom-post-types-plugin-data.html#step-by-step-guide-to-importing,0,5,0,5.2
https://www.smackcoders.com/ja/blog/social-media-marketing-for-small-businesses.html,0,6,0,4.5
https://www.smackcoders.com/ja/blog/wordpress-seo-guide.html,0,115,0,50.6695652173913
https://www.smackcoders.com/ja/documentation/wordpress-leads-builder-for-any-crm-pro/lead-builder-for-any-crm,0,1,0,9
https://www.smackcoders.com/ja/documentation/wp-ultimate-csv-importer/acf-import#0-toc-title,0,10,0,4.7
https://www.smackcoders.com/ja/documentation/wp-ultimate-csv-importer/acf-import#1-toc-title,0,1,0,3
https://www.smackcoders.com/ja/documentation/wp-ultimate-csv-importer/acf-import#2-toc-title,0,1,0,3
https://www.smackcoders.com/ja/documentation/wp-ultimate-csv-importer/acf-import#3-toc-title,0,10,0,4.7
https://www.smackcoders.com/ja/documentation/wp-ultimate-csv-importer/acf-import#4-toc-title,0,1,0,3
https://www.smackcoders.com/ja/documentation/wp-ultimate-csv-importer/acf-import#5-toc-title,0,1,0,3
https://www.smackcoders.com/ja/documentation/wp-ultimate-csv-importer/custom-field-suite-import,0,12,0,10.666666666666666
https://www.smackcoders.com/ja/documentation/wp-ultimate-csv-importer/how-to-import-csv#0-toc-title,0,19,0,3.736842105263158
https://www.smackcoders.com/ja/documentation/wp-ultimate-csv-importer/how-to-import-csv#1-toc-title,0,1,0,2
https://www.smackcoders.com/ja/documentation/wp-ultimate-csv-importer/how-to-import-csv#2-toc-title,0,18,0,3.8333333333333335
https://www.smackcoders.com/ja/documentation/wp-ultimate-csv-importer/how-to-import-variable-products-in-woocommerce,0,22,0,9.909090909090908
https://www.smackcoders.com/ja/documentation/wp-ultimate-csv-importer/how-to-import-woocommerce-orders,0,3,0,1.6666666666666665
https://www.smackcoders.com/ja/documentation/wp-ultimate-csv-importer/import-and-export-lms-data,0,5,0,9.8
https://www.smackcoders.com/ja/documentation/wp-ultimate-csv-importer/import-and-export-woocommerce-reviews,0,11,0,10.363636363636363
https://www.smackcoders.com/ja/documentation/wp-ultimate-csv-importer/import-export-acpt-fields-in-wordpress,0,5,0,6.8
https://www.smackcoders.com/ja/documentation/wp-ultimate-csv-importer/import-export-jetbookings-data,0,9,0,5.444444444444445
https://www.smackcoders.com/ja/documentation/wp-ultimate-csv-importer/import-export-users-with-multiple-user-roles,0,1,0,1
https://www.smackcoders.com/ja/documentation/wp-ultimate-csv-importer/import-images-into-wordpress#0-toc-title,0,18,0,4.833333333333334
https://www.smackcoders.com/ja/documentation/wp-ultimate-csv-importer/import-images-into-wordpress#1-toc-title,0,18,0,4.833333333333334
https://www.smackcoders.com/ja/documentation/wp-ultimate-csv-importer/import-images-into-wordpress#2-toc-title,0,1,0,8
https://www.smackcoders.com/ja/documentation/wp-ultimate-csv-importer/import-woocommerce-customers,0,1,0,12
https://www.smackcoders.com/ja/documentation/wp-ultimate-csv-importer/import-wordpress-categories-and-tags#0-toc-title,0,20,0,5.4
https://www.smackcoders.com/ja/documentation/wp-ultimate-csv-importer/import-wordpress-categories-and-tags#1-toc-title,0,6,0,4.5
https://www.smackcoders.com/ja/documentation/wp-ultimate-csv-importer/import-wordpress-categories-and-tags#2-toc-title,0,4,0,5.25
https://www.smackcoders.com/ja/documentation/wp-ultimate-csv-importer/import-wordpress-categories-and-tags#3-toc-title,0,3,0,4.333333333333334
https://www.smackcoders.com/ja/documentation/wp-ultimate-csv-importer/import-wordpress-categories-and-tags#4-toc-title,0,9,0,4.888888888888889
https://www.smackcoders.com/ja/documentation/wp-ultimate-csv-importer/import-wordpress-categories-and-tags#5-toc-title,0,11,0,5.636363636363637
https://www.smackcoders.com/ja/documentation/wp-ultimate-csv-importer/import-wordpress-categories-and-tags#6-toc-title,0,5,0,8.2
https://www.smackcoders.com/ja/documentation/wp-ultimate-csv-importer/importer-faq,0,3,0,4.333333333333334
https://www.smackcoders.com/ja/documentation/wp-ultimate-csv-importer/iteration-based-import,0,1,0,16
https://www.smackcoders.com/ja/documentation/wp-ultimate-csv-importer/jet-engine-data-import,0,1,0,2
https://www.smackcoders.com/ja/documentation/wp-ultimate-csv-importer/meta-box-custom-field-cloneable#1-toc-title,0,1,0,1
https://www.smackcoders.com/ja/documentation/wp-ultimate-csv-importer/meta-box-custom-field-cloneable#4-toc-title,0,1,0,1
https://www.smackcoders.com/ja/documentation/wp-ultimate-csv-importer/migrate-wordpress-and-woocommerce-data,0,3,0,16
https://www.smackcoders.com/ja/documentation/wp-ultimate-csv-importer/post-page-custompost-import,0,53,0,3.1320754716981134
https://www.smackcoders.com/ja/documentation/wp-ultimate-csv-importer/rankmath-data-import-and-export,0,24,0,7.375
https://www.smackcoders.com/ja/documentation/wp-ultimate-csv-importer/seo-import,0,8,0,6.625
https://www.smackcoders.com/ja/documentation/wp-ultimate-csv-importer/toolset-types-import,0,2,0,9
https://www.smackcoders.com/ja/documentation/wp-ultimate-csv-importer/what-is-elementor-import-export,0,17,0,9.235294117647058
https://www.smackcoders.com/ja/documentation/wp-ultimate-csv-importer/woocommerces,0,12,0,7.666666666666667
https://www.smackcoders.com/ja/documentation/wp-ultimate-csv-importer/wpml-multilingual-import,0,4,0,6.25
https://www.smackcoders.com/ja/documentation/wp-ultimate-exporter/wordpress-exporter-guide#0-toc-title,0,1,0,8
https://www.smackcoders.com/ja/documentation/wp-ultimate-exporter/wordpress-exporter-guide#2-toc-title,0,1,0,8
https://www.smackcoders.com/ja/import-export-wordpress-data.html,0,1,0,30
https://www.smackcoders.com/ja/import-to-custom-fields.html,0,11,0,7.636363636363637
https://www.smackcoders.com/ja/wp-follow-up-emails.html,0,4,0,50.5
https://www.smackcoders.com/ja/wp-ultimate-csv-importer-pro/import-wpml-multilingual-content.html,0,1,0,11
https://www.smackcoders.com/ja/wp-ultimate-csv-importer-pro/jetengine-cct-import.html,0,8,0,8.375
https://www.smackcoders.com/ja/wp-ultimate-csv-importer-pro/polylang-import-translation.html,0,2,0,10
https://www.smackcoders.com/ja/wp-ultimate-csv-importer-pro/toolset-types-import.html,0,2,0,7.5
https://www.smackcoders.com/manage-large-wordpress-sites-without-slowing-down.html,0,7,0,8.571428571428571
https://www.smackcoders.com/multilingual-content-import.html,0,3,0,23.333333333333332
https://www.smackcoders.com/privacy-policy.html,0,9,0,7.333333333333333
https://www.smackcoders.com/refund-policy.html,0,7,0,2.142857142857143
https://www.smackcoders.com/support.html,0,158,0,3.3037974683544302
https://www.smackcoders.com/terms-and-conditions.html,0,2,0,5
https://www.smackcoders.com/woocommerce-tutorials.html,0,9,0,38.888888888888886
https://www.smackcoders.com/wordpress-guide.html,0,8,0,58
https://www.smackcoders.com/wp-follow-up-emails.html,0,128,0,30.6875
https://www.smackcoders.com/wp-leads-builder-any-crm-pro.html,0,76,0,36.26315789473684
https://www.smackcoders.com/wp-ultimate-csv-importer-pro/import-meta-box-fields.html,0,30,0,32.2
https://www.smackcoders.com/wp-ultimate-csv-importer-pro/import-wpml-multilingual-content.html,0,147,0,9.761904761904763
https://www.smackcoders.com/wp-ultimate-csv-importer-pro/jetengine-cct-import.html,0,400,0,6.0475
https://www.smackcoders.com/wp-ultimate-csv-importer-pro/polylang-import-translation.html,0,35,0,12.257142857142858
https://www.smackcoders.com/wp-ultimate-csv-importer-pro/toolset-types-import.html,0,6,0,23.666666666666668
https://www.smackcoders.com/wp-ultimate-exporter.html,0,181,0,9.524861878453038
