landingPage,activeUsers,newUsers,totalRevenue,bounceRate,averageSessionDuration,sessions
/,27,21,0,0.40740740740740738,140.46244248148147,27
,24,1,149.25,1,0.034916645161290324,31
/blog/wordpress-ultimate-csv-importer-csv-sample-files-and-updates.html,8,6,0,0.5,316.95993375,8
/wp-ultimate-csv-importer-pro.html,8,6,0,0.375,759.2620995,8
/documentation/wp-ultimate-csv-importer-pro/troubleshooting-guide,4,3,0,0.6,571.5277108,5
/deals.html,3,3,0,0.8,105.777773,5
/ja/documentation/wp-ultimate-csv-importer/bbpress-import-and-update,3,3,0,0,226.82147133333333,3
/ja/documentation/wp-ultimate-csv-importer/how-to-import-variable-products-in-woocommerce,3,2,0,1,1.4587296666666667,3
/404.html,2,2,0,0,12.6068465,2
/blog/add-external-urls-to-featured-images-wordpress.html,2,2,0,0,96.6060105,2
/blog/how-to-install-wamp-and-xampp.html,2,0,0,0,46.3957315,2
/documentation/wp-ultimate-csv-importer-pro/how-to-import-csv,2,2,0,0,1344.5589415,2
/es/blog/creacion-de-taxonomias-personalizadas-con-el-complemento-acf-una-guia-paso-a-paso.html,2,2,0,0,53.569707,2
/ja/blog/add-external-urls-to-featured-images-wordpress.html,2,0,0,0,46.3992445,2
/ja/blog/enable-configure-wp-cron.html,2,2,0,0.5,628.2367675,2
/ja/blog/import-export-custom-post-types-plugin-data.html,2,2,0,0.5,648.55547350000006,2
/ja/blog/wordpress-ultimate-csv-importer-csv-sample-files-and-updates.html,2,2,0,0.5,28.332583,2
/ja/documentation/wp-ultimate-csv-importer/acf-import,2,2,0,0.5,423.0495995,2
/ja/wp-ultimate-csv-importer-pro.html,2,0,0,0,302.667941,2
/wp-leads-builder-any-crm-pro.html,2,1,0,0,13.8177785,2
/blog.html,1,0,0,0,74.642836,1
/blog/create-custom-fields-with-acf-in-wordpress.html,1,1,0,0,66.062146,1
/blog/create-custom-taxonomies-with-acf.html,1,1,0,0,60.427218,1
/blog/wordpress-database-optimization.html,1,1,0,0,17.320411,1
/documentation/wp-ultimate-csv-importer-pro/import-and-export-listings-and-owners-in-wp-rentals,1,1,0,0,116.103258,1
/documentation/wp-ultimate-csv-importer-pro/import-woocommerce-customers,1,1,0,1,5.990376,1
/documentation/wp-ultimate-csv-importer-pro/import-wordpress-categories-and-tags,1,1,0,1,0,1
/documentation/wp-ultimate-csv-importer-pro/jet-engine-data-import,1,1,0,1,2.146006,1
/documentation/wp-ultimate-csv-importer-pro/post-page-custompost-import,1,1,0,1,0,1
/documentation/wp-ultimate-csv-importer-pro/rankmath-data-import-and-export,1,1,0,1,0,1
/es/blog/como-instalar-cargadores-ioncube-para-varios-tipos-de-alojamiento.html,1,1,0,0,137.322991,1
/es/blog/personalizacion-impulsada-por-ia.html,1,1,0,0,35.768708,1
/es/creador-de-leads-de-wordpress-para-cualquier-crm.html,1,1,0,1,0,1
/es/documentation/wp-ultimate-csv-importer-pro/importacion-de-csv-de-woocommerce,1,1,0,1,0,1
/es/documentation/wp-ultimate-csv-importer-pro/importacion-y-actualizacion-avanzada-de-campos-personalizados,1,1,0,1,0,1
/es/sobre-nosotros.html,1,1,0,1,0,1
/import-csv-to-wordpress.html,1,1,0,1,3.467103,1
/ja/blog/advanced-techniques-for-wordpress-import-and-export.html,1,1,0,0,175.337298,1
/ja/blog/blog-create-and-import-custom-post-types-in-wordpress.html,1,1,0,0,1485.778584,1
/ja/blog/import-variable-products-into-woocommerce.html,1,1,0,1,0,1
/ja/documentation/wp-ultimate-csv-importer/custom-field-suite-import,1,1,0,0,634.665752,1
/ja/documentation/wp-ultimate-csv-importer/how-to-import-csv,1,1,0,0,950.456333,1
/ja/documentation/wp-ultimate-csv-importer/import-and-export-wordpress-users,1,0,0,1,6.69419,1
/ja/documentation/wp-ultimate-csv-importer/import-data-from-excel-to-wordpress,1,1,0,0,25.753368,1
/ja/documentation/wp-ultimate-csv-importer/import-images-into-wordpress,1,1,0,1,4.681731,2
/ja/documentation/wp-ultimate-csv-importer/importer-faq/embed,1,1,0,1,0,1
/ja/documentation/wp-ultimate-exporter/wordpress-exporter-guide,1,0,0,0,445.688629,1
/ja/wp-all-import-alternative.html,1,1,0,0,17.736599,1
/ja/wp-ultimate-csv-importer-pro/seo-meta-data-import.html,1,1,0,1,0,1
/ja/wp-ultimate-exporter.html,1,1,0,1,7.002577,1
/wp-ultimate-csv-importer-pro/jetengine-cct-import.html,1,1,0,0,162.571217,1
/contact-us.html,0,0,0,1,0,1
