eventName,eventCount,totalUsers,Event count per active user
page_view,213,109,1.9541284403669725
scroll_depth,193,49,3.938775510204082
user_engagement,171,86,1.9883720930232558
session_start,135,113,1.1946902654867257
first_visit,90,90,1.0
begin_checkout,26,22,1.1818181818181819
add_to_cart,21,20,1.05
checkout,4,3,1.3333333333333333
csv_sales_funnel,4,3,1.3333333333333333
click,2,2,1.0
all_checkout,1,1,1.0
all_sales,1,1,1.0
csv_sales_all,1,1,1.0
ga4_google_calendar_sales_funnel,1,1,1.0
lead_capture_sales_funnel,1,1,1.0
leads_builder_sales,1,1,1.0
purchase,1,1,1.0
vt_mc_sales,1,1,1.0
vtiger_mailchimp_sales_funnel,1,1,1.0
