firstUserDefaultChannelGroup,totalUsers,newUsers,averageSessionDuration,engagedSessions,eventCount,Returning users,Engaged sessions per active user,User key event rate
Unassigned,80,29,93.196006979166668,15,240,51,0.1875,3.0
Cross-network,32,29,401.56325997368418,26,287,3,0.8125,8.96875
Direct,23,20,113.70195142857143,7,144,3,0.30434782608695654,6.260869565217392
Organic Search,19,9,195.84254554545453,13,136,10,0.6842105263157895,7.157894736842105
Organic Social,3,2,90.3091595,2,30,1,0.6666666666666666,10.0
Referral,3,1,87.5494298,3,31,2,1.0,10.333333333333334
