Country,Active users,New users,Engaged sessions,Engagement rate,Average engagement time per active user,Event count,Total revenue
China,24,24,3,0.125,21,79,0
Japan,24,19,20,0.625,1345,180,0
India,15,11,14,0.73684210526315785,1432,215,0
Singapore,15,0,2,0.13333333333333333,301,15,0
United States,9,8,4,0.44444444444444442,41,40,0
United Kingdom,5,4,3,0.5,127,34,0
Italy,3,3,2,0.33333333333333331,272,55,0
Brazil,2,2,2,1,111,20,0
Germany,2,2,1,0.33333333333333331,46,23,0
Jamaica,2,2,0,0,0,6,0
Mexico,2,1,2,0.66666666666666663,45,9,0
Moldova,2,2,1,0.5,3,9,0
Peru,2,1,2,0.33333333333333331,112,18,0
Austria,1,0,1,0.5,11,8,0
Bangladesh,1,1,0,0,0,5,0
Canada,1,0,1,0.33333333333333331,343,41,149.25
Colombia,1,1,0,0,2,4,0
France,1,1,1,1,65,7,0
Honduras,1,1,1,0.5,17,6,0
Indonesia,1,1,1,1,34,6,0
Iran,1,1,1,1,1,4,0
Netherlands,1,0,1,1,19,3,0
New Zealand,1,1,1,1,197,16,0
Poland,1,1,1,1,17,7,0
Spain,1,1,1,1,83,7,0
Switzerland,1,1,0,0,0,5,0
Türkiye,1,0,1,1,34,4,0
Venezuela,1,1,1,1,67,5,0
,0,0,0,0,0,37,0
