Item name,Items viewed,Items added to cart,Items purchased,Item revenue
AIO WP Media Library Manager,0,7,0,0
AIO WPメディアライブラリマネージャー,0,13,0,0
Administrador de bibliotecas de medios AIO WP,0,13,0,0
Administrador fácil de inventario y stock para WooCommerce,0,12,0,0
Correos electrónicos de seguimiento de WP,0,12,0,0
Creador de leads de WordPress para cualquier CRM,0,3,0,0
Easy Inventory And Stock Manager for WooCommerce,0,7,0,0
Importador CSV WP Ultimate Pro,0,3,0,0
WP Exportador definitivo,0,6,0,0
WP Ultimate CSV Importer &#8211; Custom Fields Import,0,54,1,149.25
WP Ultimate CSV Importer &#8211; Importación de campos personalizados,0,1,0,0
WP Ultimate CSV Importer &#8211; WPML Import,0,34,0,0
WP Ultimate CSV Importer &#8211; カスタムフィールドのインポート,0,1,0,0
WP Ultimate CSV Importer Pro,0,75,6,1345.5
WP Ultimate CSVインポーター &#8211; WPMLインポート,0,1,0,0
WP Ultimate Exporter,0,6,0,0
WPアルティメットCSVインポータープロ,0,3,0,0
WPアルティメットエクスポーター,0,6,0,0
WooCommerce在庫管理プラグイン &#8211; 簡単在庫管理,0,11,0,0
WordPress Follow Up Email Plugin,0,8,0,0
WordPress Leads Builder for any CRM,0,23,0,0
WordPressフォローアップメールプラグイン,0,12,0,0
あらゆるCRMに対応するWordPressリードビルダー,0,3,0,0
