browser,activeUsers,newUsers,engagedSessions,engagementRate,averageSessionDuration,eventCount,totalRevenue
Chrome,951,847,609,0.47209302325581393,196.52378310775194,8804,1285.45
Safari,86,81,46,0.4,256.62446763478266,651,0
Firefox,47,38,40,0.58823529411764708,237.53080930882354,546,0
Edge,45,44,38,0.54285714285714282,224.74294361428574,568,209.3
Opera,6,5,7,0.875,110.52925512499999,90,0
Android Webview,5,5,1,0.2,50.3068526,24,0
Safari (in-app),3,2,1,0.33333333333333331,8.148107,12,0
Android Browser,2,2,0,0,0,6,0
Mozilla Compatible Agent,2,1,1,0.5,23.664748,4,0
(not set),1,1,0,0,0,283,0
,0,0,0,0,0,489,0
