Table: Cohort - Active users
cohort,cohortNthDay,activeUsers
Retention_Cohort,0000,90

Table: Cohort - New users
cohort,cohortNthDay,newUsers
Retention_Cohort,0000,90

Table: Cohort - Engaged sessions
cohort,cohortNthDay,engagedSessions
Retention_Cohort,0000,49

Table: Cohort - Average engagement time per user
cohort,cohortNthDay,averageSessionDuration
Retention_Cohort,0000,227.75032296153844

Table: Cohort - User engagement duration
cohort,cohortNthDay,userEngagementDuration
Retention_Cohort,0000,3638

