Event name,Event count,Total users,Event count per active user,Total revenue
page_view,213,109,2.0094339622641511,0
scroll_depth,193,49,3.9387755102040818,0
user_engagement,171,86,2.1375,0
session_start,135,113,1.2616822429906542,0
first_visit,90,90,1,0
begin_checkout,26,22,8.6666666666666661,0
add_to_cart,21,20,7,0
checkout,4,3,1.3333333333333333,0
csv_sales_funnel,4,3,1.3333333333333333,0
click,2,2,1,0
all_checkout,1,1,1,0
all_sales,1,1,1,0
csv_sales_all,1,1,1,0
ga4_google_calendar_sales_funnel,1,1,1,0
lead_capture_sales_funnel,1,1,1,0
leads_builder_sales,1,1,1,0
purchase,1,1,1,149.25
vt_mc_sales,1,1,1,0
vtiger_mailchimp_sales_funnel,1,1,1,0
