Page title and screen class,New users,Sessions,Engagement rate,Average engagement time per session,Views,Bounce rate,Events,Purchases
Smackcoders | WordPress Solutions for Growing Businesses,21,27,0.59259259259259256,37.430917814814812,30,0.40740740740740738,131,0
Sample CSV & XML Files - WP Ultimate CSV/XML Importer,6,8,0.5,164.559060125,9,0.5,29,0
WordPress CSV/XML Data Import With Ultimate CSV Importer,6,13,0.69230769230769229,251.3960902307692,16,0.30769230769230771,57,0
BBPressインポート & Updateでフォーラムを刷新,3,5,1,269.1443096,8,0,39,0
Smackcoders Black Friday & Cyber Monday Deals 2025,3,8,0.375,192.849796625,8,0.625,25,0
WP Ultimate CSV Importer Troubleshooting Guide – Easy Fixes,3,8,0.25,357.20481925,7,0.75,24,0
Add External URLs as Featured Images in WordPress,2,2,1,96.6060105,3,0,14,0
CSV Importer を使用した高度なカスタムフィールドのインポートの管理,2,2,0.5,1.7890925,2,0.5,7,0
How to Import CSV File in Wordpress? | Ultimate CSV Importer,2,3,0.66666666666666663,72.166799666666662,3,0.33333333333333331,13,0
Page Not Found - Smackcoders Inc,2,3,1,231.51327433333333,3,0,12,0
Taxonomías personalizadas con ACF: Potencia tu sitio web,2,3,0.66666666666666663,35.713138,2,0.33333333333333331,13,0
WP-クロンを強化してWebサイトの効率を向上,2,3,0.33333333333333331,418.82451166666669,2,0.66666666666666663,10,0
WooCommerceでバリアブル商品のインポート方法,2,3,0,1.4587296666666667,3,1,9,0
カスタム投稿タイプデータを簡単にインポート＆エクスポート,2,3,0.33333333333333331,432.37031566666673,2,0.66666666666666663,13,0
サンプルCSV&XMLファイル - WP Ultimate CSV/XML Importer,2,2,0.5,28.332583,2,0.5,10,0
Aumente sus clientes potenciales con WordPress Leads Builder,1,1,0,0,1,1,3,0
Boost Sales with WordPress Leads Builder,1,5,0.4,5.5931552,2,0.6,13,0
Create Custom Taxonomies with ACF Plugin – Easy Guide,1,1,1,60.427218,1,0,5,0
Custom Field Suite インポートの最適化 - ワークフローの強化,1,1,1,26.950726,1,0,6,0
ExcelからWordPressにデータをインポートする方法は?,1,1,1,25.753368,1,0,4,0
How to Create Custom Fields with ACF in WordPress,1,1,1,66.062146,1,0,7,0
How to Import WooCommerce Customers | Step by Step Guide,1,1,0,5.990376,1,1,7,0
How to Import WordPress Categories and Tags,1,1,0,0,1,1,3,0
How to Import and Export Listings and Owners in WP Rentals,1,1,1,116.103258,1,0,7,0
Import CSV to WordPress - Best Tips and How-To Guides,1,1,0,3.467103,1,1,4,0
"Import WordPress Posts, Pages & CPTs Easily via CSV/XML",1,1,0,0,1,1,3,0
Importación avanzada de campos personalizados con CSV Importer,1,1,0,0,1,1,3,0
Importación de CSV de WooCommerce sin esfuerzo,1,1,0,0,1,1,3,0
Importar Campos Meta Box y Exportar con Ultimate CSV Importer,1,1,0,0,0,1,3,0
JetEngine Data Import & Export with WP Ultimate CSV Importer,1,2,0.5,14.7142685,2,0.5,6,0
JetEngine Import/Export with WP Ultimate CSV Importer,1,1,1,162.571217,1,0,5,0
Optimizing WordPress Database for Speed and Stability,1,1,1,0,1,0,3,0
Pasos sencillos para instalar cargadores Ioncube | Guía completa,1,1,1,137.322991,1,0,5,0
Personalización impulsada por IA para el comercio electrónico,1,1,1,35.768708,1,0,4,0
Sobre Nosotros | Smackcoders (en inglés),1,1,0,0,1,1,3,0
Supercharge SEO with RankMath Data Import & Export,1,1,0,0,1,1,3,0
Ultimate CSV ImporterでのSEOメタデータインポート,1,1,0,0,1,1,3,0
Ultimate Exporterでデータエクスポートを最適化,1,1,0,7.002577,1,1,4,0
WP All Importの最良の代替: WP Ultimate CSV Importer,1,1,1,17.736599,1,0,5,0
WordPressでCSVファイルをインポートする方法は?,1,1,1,950.456333,1,0,4,0
WordPressでカスタム投稿タイプを作成＆インポートする簡単ガイド,1,1,1,1485.778584,1,0,5,0
WordPressに画像をインポートする方法,1,2,0,4.681731,2,1,9,0
WordPressインポートとエクスポートを極める:プロのヒントとコツ,1,1,1,175.337298,4,0,13,0
可変商品をCSVとしてWooCommerceにインポート,1,1,0,0,1,1,3,0
究極のCSVインポーター FAQで簡素化 - 迅速な回答を得ましょう!,1,1,0,0,1,1,3,0
,0,0,0,0,0,0,48,149.25
A Complete WordPress Security Checklist Guide,0,2,1,21.114879,2,0,4,0
About Us | Smackcoders,0,1,1,13.929893,1,0,1,0
Best Practices to Manage Large WordPress Sites Without Slow Down,0,1,1,18.463718,1,0,2,0
Best WP All Import Alternative: WP Ultimate CSV Importer,0,1,1,739.100506,1,0,4,0
Best WordPress Plugins to Upgrade Your Website,0,3,0.66666666666666663,7.6175443333333339,4,0.33333333333333331,12,0
Checkout - Smackcoders,0,5,0.6,205.9970534,4,0.4,39,0
Common WooCommerce Store Mistakes to Avoid,0,1,1,58.395276,1,0,4,0
Contact Us - Smackcoders,0,2,0.5,2.2217815,2,0.5,3,0
How to Export WordPress Data Using WP Query,0,1,1,73.689376,1,0,1,0
How to Export WordPress Users: An Easy Step-by-Step Guide,0,1,1,53.998743,1,0,2,0
How to Export and Import Advanced Custom Fields in WordPress,0,1,1,18.984825,1,0,2,0
How to Import Advanced Custom Fields (ACF) via CSV/XML,0,2,0.5,803.9434,4,0.5,9,0
How to Import and Export Polylang Multilingual Content,0,2,0.5,36.546267500000006,1,0.5,6,0
How to Install WAMP and XAMPP Locally | Step-by-Step Guide,0,2,1,1.4517955,2,0,5,0
How to Reduce Page Load Time on High-Content Sites,0,1,1,18.291097,1,0,2,0
Import/Export JetBookings Data With WP Ultimate CSV Importer,0,5,0,0,0,1,5,0
Meta Boxカスタムフィールドクローンで効率を向上,0,1,1,607.715026,2,0,4,0
Optimize WordPress Database for Large Sites,0,1,1,21.266625,2,0,3,0
Optimize data export with Ultimate Exporter,0,1,1,41.207698,3,0,10,0
Otimizando o banco de dados do WordPress para velocidade e estabilidade,0,1,1,17.320411,0,0,1,0
RankMath Data Import & ExportでSEOを強化,0,1,1,4.620623,1,0,2,0
Safely Update Outdated WordPress Plugins & Clean Site Data,0,7,0,0,0,1,7,0
"Scaling WooCommerce for Growth: Manage Large Catalogs, Orders",0,1,1,23.52819,1,0,2,0
Smackcoders Blog | Product Features and Post,0,4,0.75,29.96631375,9,0.25,35,0
Smackcoders My Account Portal,0,5,0.8,328.60645220000004,13,0.2,30,0
Smackcoders Support,0,1,1,9.80412,2,0,6,0
Smackcoders | Soluciones de WordPress para Empresas en Crecimiento,0,1,0,0,0,1,2,0
"View Shopping Cart Items - Smackcoders Products, Plugins and Modules",0,1,1,2.848795,1,0,2,0
WAMP ve XAMPP Yerel Olarak Nasıl Kurulur | Adım Adım Kılavuz,0,1,1,35.889129,0,0,2,0
WP Ultimate CSV Importer - Documentations,0,4,0.75,163.4455425,4,0.25,13,0
WP Ultimate CSV Importer Pricing – Choose Your Plan,0,2,0.5,687.6899445,1,0.5,5,0
WP Ultimate CSV Importer Pro Features | Your Import Solution,0,1,1,22.102915,1,0,4,0
WP Ultimate CSV Importer Pro – Changelog & Updates,0,1,1,9.714815,1,0,2,0
WordPressで外部URLをアイキャッチ画像として追加する方法,0,2,1,46.3992445,2,0,7,0
WordPressユーザーのインポートとエクスポート方法を解説,0,2,0,3.347095,1,1,5,0
サンプルCSVおよびXMLファイル - WP Ultimate CSV/XMLインポーター,0,1,1,0.622146,0,0,1,0
究極のCSVインポーターを使用したWordPress CSV / XMLデータのインポート,0,2,1,10.7618485,4,0,9,0
究極ガイド: WordPressで投稿をエクスポートする方法,0,1,1,359.623057,2,0,10,0
高度なカスタムフィールドのエクスポートとインポート方法,0,1,1,842.521014,1,0,2,0
