table: date - clicks & impressions,clicks,impressions,ctr,position,errors
19.98976897689769,0,0,0,0,
24.523452518262207,0,0,0,0,
19.213672444516444,0,0,0,0,
22.724331320103538,0,0,0,0,
21.692043145224325,0,0,0,0,
20.871571729957807,0,0,0,0,
,0,0,0,0,
1.0103092783505154,0,0,0,0,
2.3157894736842106,0,0,0,0,
1.0,0,0,0,0,
6.432748538011696,0,0,0,0,
1.3333333333333333,0,0,0,0,
26.142857142857142,0,0,0,0,
1.0,0,0,0,0,
30.357142857142858,0,0,0,0,
27.454545454545453,0,0,0,0,
11.714285714285714,0,0,0,0,
19.318181818181817,0,0,0,0,
7.12,0,0,0,0,
4.0,0,0,0,0,
11.4,0,0,0,0,
1.0,0,0,0,0,
11.5,0,0,0,0,
6.0,0,0,0,0,
33.75,0,0,0,0,
7.317647058823529,0,0,0,0,
1.0,0,0,0,0,
1.0,0,0,0,0,
25.0,0,0,0,0,
4.333333333333334,0,0,0,0,
2.2727272727272725,0,0,0,0,
10.5,0,0,0,0,
7.0,0,0,0,0,
4.6,0,0,0,0,
5.0,0,0,0,0,
1.4285714285714286,0,0,0,0,
5.0,0,0,0,0,
3.4,0,0,0,0,
3.2,0,0,0,0,
39.0,0,0,0,0,
2.5,0,0,0,0,
1.0,0,0,0,0,
8.666666666666668,0,0,0,0,
4.0,0,0,0,0,
101.0,0,0,0,0,
10.0,0,0,0,0,
7.0,0,0,0,0,
3.375,0,0,0,0,
7.333333333333333,0,0,0,0,
8.5,0,0,0,0,
10.0,0,0,0,0,
69.5,0,0,0,0,
7.0,0,0,0,0,
1.0,0,0,0,0,
60.0,0,0,0,0,
41.625,0,0,0,0,
3.0,0,0,0,0,
1.0,0,0,0,0,
2.0,0,0,0,0,
1.0,0,0,0,0,
78.6,0,0,0,0,
67.14285714285714,0,0,0,0,
97.75,0,0,0,0,
9.0,0,0,0,0,
53.44444444444444,0,0,0,0,
24.0,0,0,0,0,
32.0,0,0,0,0,
14.130434782608695,0,0,0,0,
40.0,0,0,0,0,
31.666666666666668,0,0,0,0,
1.0,0,0,0,0,
9.727272727272728,0,0,0,0,
78.0,0,0,0,0,
2.0,0,0,0,0,
54.0,0,0,0,0,
11.0,0,0,0,0,
8.0,0,0,0,0,
13.133333333333333,0,0,0,0,
41.2,0,0,0,0,
42.63157894736842,0,0,0,0,
28.52,0,0,0,0,
9.0,0,0,0,0,
46.0,0,0,0,0,
11.0,0,0,0,0,
6.25,0,0,0,0,
6.444444444444445,0,0,0,0,
8.777777777777779,0,0,0,0,
10.0,0,0,0,0,
3.0,0,0,0,0,
37.0,0,0,0,0,
11.0,0,0,0,0,
60.0,0,0,0,0,
54.0,0,0,0,0,
3.0,0,0,0,0,
24.0,0,0,0,0,
30.0,0,0,0,0,
5.0,0,0,0,0,
38.0,0,0,0,0,
25.0,0,0,0,0,
78.0,0,0,0,0,
7.0,0,0,0,0,
43.25,0,0,0,0,
8.666666666666668,0,0,0,0,
2.0,0,0,0,0,
2.833333333333333,0,0,0,0,
86.5,0,0,0,0,
1.0,0,0,0,0,
3.0,0,0,0,0,
3.0,0,0,0,0,
3.0,0,0,0,0,
16.833333333333336,0,0,0,0,
2.0,0,0,0,0,
94.5,0,0,0,0,
10.0,0,0,0,0,
84.0,0,0,0,0,
56.0,0,0,0,0,
39.833333333333336,0,0,0,0,
31.714285714285715,0,0,0,0,
45.5,0,0,0,0,
38.0,0,0,0,0,
2.0,0,0,0,0,
87.0,0,0,0,0,
90.0,0,0,0,0,
83.0,0,0,0,0,
37.0,0,0,0,0,
91.0,0,0,0,0,
38.0,0,0,0,0,
65.5,0,0,0,0,
21.6,0,0,0,0,
29.0,0,0,0,0,
21.272727272727277,0,0,0,0,
32.0,0,0,0,0,
28.5,0,0,0,0,
54.0,0,0,0,0,
50.0,0,0,0,0,
53.75,0,0,0,0,
119.0,0,0,0,0,
89.66666666666667,0,0,0,0,
66.0,0,0,0,0,
104.5,0,0,0,0,
42.0,0,0,0,0,
1.0,0,0,0,0,
74.25,0,0,0,0,
102.33333333333331,0,0,0,0,
1.0,0,0,0,0,
26.5,0,0,0,0,
107.0,0,0,0,0,
42.833333333333336,0,0,0,0,
95.0,0,0,0,0,
37.0,0,0,0,0,
56.5,0,0,0,0,
10.0,0,0,0,0,
9.0,0,0,0,0,
50.0,0,0,0,0,
19.5,0,0,0,0,
55.42857142857143,0,0,0,0,
29.0,0,0,0,0,
16.0,0,0,0,0,
14.0,0,0,0,0,
84.0,0,0,0,0,
94.0,0,0,0,0,
21.0,0,0,0,0,
41.2,0,0,0,0,
2.0,0,0,0,0,
9.0,0,0,0,0,
1.0,0,0,0,0,
1.0,0,0,0,0,
1.0,0,0,0,0,
9.0,0,0,0,0,
1.0,0,0,0,0,
11.0,0,0,0,0,
66.66666666666667,0,0,0,0,
80.5,0,0,0,0,
71.0,0,0,0,0,
48.5,0,0,0,0,
43.0,0,0,0,0,
61.5,0,0,0,0,
88.2,0,0,0,0,
97.75,0,0,0,0,
72.0,0,0,0,0,
63.0,0,0,0,0,
1.0,0,0,0,0,
12.0,0,0,0,0,
21.714285714285715,0,0,0,0,
23.2,0,0,0,0,
88.0,0,0,0,0,
62.5,0,0,0,0,
80.0,0,0,0,0,
45.0,0,0,0,0,
75.23809523809524,0,0,0,0,
47.5,0,0,0,0,
62.5,0,0,0,0,
46.0,0,0,0,0,
74.66666666666667,0,0,0,0,
70.5,0,0,0,0,
98.0,0,0,0,0,
68.66666666666667,0,0,0,0,
82.25,0,0,0,0,
27.0,0,0,0,0,
26.5,0,0,0,0,
10.5,0,0,0,0,
8.0,0,0,0,0,
1.6666666666666663,0,0,0,0,
91.0,0,0,0,0,
35.333333333333336,0,0,0,0,
15.833333333333334,0,0,0,0,
80.0,0,0,0,0,
4.0,0,0,0,0,
10.0,0,0,0,0,
82.0,0,0,0,0,
71.0,0,0,0,0,
59.0,0,0,0,0,
74.0,0,0,0,0,
1.0,0,0,0,0,
67.5,0,0,0,0,
32.0,0,0,0,0,
5.0,0,0,0,0,
28.571428571428573,0,0,0,0,
35.0,0,0,0,0,
2.0,0,0,0,0,
59.0,0,0,0,0,
32.0,0,0,0,0,
46.0,0,0,0,0,
32.08333333333333,0,0,0,0,
83.0,0,0,0,0,
26.5,0,0,0,0,
17.5,0,0,0,0,
39.5,0,0,0,0,
36.66666666666666,0,0,0,0,
63.0,0,0,0,0,
10.25,0,0,0,0,
79.53846153846153,0,0,0,0,
83.0,0,0,0,0,
96.0,0,0,0,0,
84.61904761904762,0,0,0,0,
76.21126760563381,0,0,0,0,
98.0,0,0,0,0,
76.25,0,0,0,0,
95.5,0,0,0,0,
74.34285714285714,0,0,0,0,
48.0,0,0,0,0,
68.2,0,0,0,0,
88.46774193548387,0,0,0,0,
73.0,0,0,0,0,
83.5,0,0,0,0,
91.0,0,0,0,0,
81.35897435897436,0,0,0,0,
79.6470588235294,0,0,0,0,
87.02127659574468,0,0,0,0,
92.77777777777776,0,0,0,0,
78.3,0,0,0,0,
84.64150943396227,0,0,0,0,
62.5,0,0,0,0,
61.71428571428572,0,0,0,0,
18.0,0,0,0,0,
20.0,0,0,0,0,
6.0,0,0,0,0,
52.0,0,0,0,0,
1.1111111111111112,0,0,0,0,
25.5,0,0,0,0,
101.0,0,0,0,0,
99.0,0,0,0,0,
89.0,0,0,0,0,
87.78571428571429,0,0,0,0,
94.0,0,0,0,0,
84.5,0,0,0,0,
76.4,0,0,0,0,
97.0,0,0,0,0,
39.0,0,0,0,0,
50.19047619047619,0,0,0,0,
43.0,0,0,0,0,
22.5,0,0,0,0,
60.375,0,0,0,0,
24.666666666666668,0,0,0,0,
54.0,0,0,0,0,
26.615384615384617,0,0,0,0,
60.0,0,0,0,0,
70.33333333333333,0,0,0,0,
86.57142857142857,0,0,0,0,
82.85714285714286,0,0,0,0,
71.5,0,0,0,0,
77.84615384615384,0,0,0,0,
75.32558139534883,0,0,0,0,
30.857142857142858,0,0,0,0,
87.78260869565217,0,0,0,0,
40.04166666666666,0,0,0,0,
34.5,0,0,0,0,
99.0,0,0,0,0,
76.0,0,0,0,0,
1.0,0,0,0,0,
16.857142857142858,0,0,0,0,
1.0,0,0,0,0,
1.0,0,0,0,0,
64.0,0,0,0,0,
10.0,0,0,0,0,
8.0,0,0,0,0,
41.0,0,0,0,0,
26.166666666666668,0,0,0,0,
31.5,0,0,0,0,
2.0,0,0,0,0,
84.0,0,0,0,0,
15.0,0,0,0,0,
36.0,0,0,0,0,
46.0,0,0,0,0,
12.0,0,0,0,0,
7.333333333333333,0,0,0,0,
51.0,0,0,0,0,
30.0,0,0,0,0,
93.0,0,0,0,0,
86.0,0,0,0,0,
68.91666666666667,0,0,0,0,
2.0,0,0,0,0,
2.0,0,0,0,0,
30.0,0,0,0,0,
89.0,0,0,0,0,
2.0,0,0,0,0,
1.0,0,0,0,0,
1.0,0,0,0,0,
2.0,0,0,0,0,
8.285714285714285,0,0,0,0,
1.0,0,0,0,0,
2.0,0,0,0,0,
2.0,0,0,0,0,
1.0,0,0,0,0,
1.0,0,0,0,0,
2.142857142857143,0,0,0,0,
1.0,0,0,0,0,
4.0,0,0,0,0,
1.0,0,0,0,0,
83.0,0,0,0,0,
38.6,0,0,0,0,
49.0,0,0,0,0,
37.333333333333336,0,0,0,0,
1.0,0,0,0,0,
1.0,0,0,0,0,
1.0,0,0,0,0,
1.0,0,0,0,0,
1.0,0,0,0,0,
1.0,0,0,0,0,
1.0,0,0,0,0,
5.0,0,0,0,0,
14.976744186046512,0,0,0,0,
57.0,0,0,0,0,
53.97560975609756,0,0,0,0,
2.0,0,0,0,0,
1.0,0,0,0,0,
6.0,0,0,0,0,
53.25,0,0,0,0,
14.0,0,0,0,0,
2.0,0,0,0,0,
9.0,0,0,0,0,
5.0,0,0,0,0,
4.0,0,0,0,0,
2.0,0,0,0,0,
1.0,0,0,0,0,
64.33333333333334,0,0,0,0,
21.0,0,0,0,0,
20.0,0,0,0,0,
4.0,0,0,0,0,
27.0,0,0,0,0,
61.16666666666666,0,0,0,0,
90.15384615384616,0,0,0,0,
86.0,0,0,0,0,
62.833333333333336,0,0,0,0,
61.2,0,0,0,0,
9.0,0,0,0,0,
47.0,0,0,0,0,
5.0,0,0,0,0,
96.0,0,0,0,0,
1.0,0,0,0,0,
5.0,0,0,0,0,
14.0,0,0,0,0,
54.0,0,0,0,0,
1.0,0,0,0,0,
94.0,0,0,0,0,
2.0,0,0,0,0,
1.0,0,0,0,0,
1.0,0,0,0,0,
47.0,0,0,0,0,
14.0625,0,0,0,0,
37.0,0,0,0,0,
62.0,0,0,0,0,
36.0,0,0,0,0,
11.0,0,0,0,0,
12.0,0,0,0,0,
11.0,0,0,0,0,
35.130434782608695,0,0,0,0,
34.0,0,0,0,0,
31.0,0,0,0,0,
33.0,0,0,0,0,
50.0,0,0,0,0,
81.0,0,0,0,0,
1.0,0,0,0,0,
53.0,0,0,0,0,
1.0,0,0,0,0,
18.0,0,0,0,0,
1.0,0,0,0,0,
1.0,0,0,0,0,
24.0,0,0,0,0,
7.5,0,0,0,0,
12.0,0,0,0,0,
1.0,0,0,0,0,
96.0,0,0,0,0,
77.0,0,0,0,0,
66.0,0,0,0,0,
53.0,0,0,0,0,
2.0,0,0,0,0,
34.0,0,0,0,0,
99.0,0,0,0,0,
18.0,0,0,0,0,
43.0,0,0,0,0,
1.0,0,0,0,0,
7.0,0,0,0,0,
5.25,0,0,0,0,
64.0,0,0,0,0,
41.66666666666666,0,0,0,0,
9.0,0,0,0,0,
1.0,0,0,0,0,
10.0,0,0,0,0,
35.4,0,0,0,0,
11.666666666666666,0,0,0,0,
1.0,0,0,0,0,
3.0,0,0,0,0,
32.33333333333333,0,0,0,0,
15.0,0,0,0,0,
10.4,0,0,0,0,
13.0,0,0,0,0,
1.0,0,0,0,0,
50.0,0,0,0,0,
53.8,0,0,0,0,
43.5,0,0,0,0,
62.0,0,0,0,0,
42.875,0,0,0,0,
9.883720930232558,0,0,0,0,
5.0,0,0,0,0,
11.0,0,0,0,0,
5.0,0,0,0,0,
2.0,0,0,0,0,
8.0,0,0,0,0,
58.25,0,0,0,0,
31.5,0,0,0,0,
10.8,0,0,0,0,
10.5,0,0,0,0,
1.0,0,0,0,0,
9.0,0,0,0,0,
6.0,0,0,0,0,
1.0,0,0,0,0,
6.0,0,0,0,0,
41.66666666666666,0,0,0,0,
32.1,0,0,0,0,
1.0,0,0,0,0,
26.88888888888889,0,0,0,0,
1.0,0,0,0,0,
1.0,0,0,0,0,
76.5,0,0,0,0,
10.0,0,0,0,0,
9.0,0,0,0,0,
11.5,0,0,0,0,
12.666666666666666,0,0,0,0,
9.0,0,0,0,0,
2.0,0,0,0,0,
6.0,0,0,0,0,
31.0,0,0,0,0,
2.0,0,0,0,0,
5.0,0,0,0,0,
1.0,0,0,0,0,
89.0,0,0,0,0,
77.88888888888889,0,0,0,0,
30.0,0,0,0,0,
6.0,0,0,0,0,
8.0,0,0,0,0,
1.0,0,0,0,0,
12.0,0,0,0,0,
78.5,0,0,0,0,
19.0,0,0,0,0,
1.0,0,0,0,0,
10.0,0,0,0,0,
49.57142857142857,0,0,0,0,
32.0,0,0,0,0,
1.0,0,0,0,0,
84.66666666666667,0,0,0,0,
92.25,0,0,0,0,
83.0,0,0,0,0,
90.0,0,0,0,0,
33.0,0,0,0,0,
2.0,0,0,0,0,
59.0,0,0,0,0,
5.133333333333334,0,0,0,0,
4.0,0,0,0,0,
9.0,0,0,0,0,
2.5,0,0,0,0,
10.5,0,0,0,0,
2.0,0,0,0,0,
21.0,0,0,0,0,
78.36363636363636,0,0,0,0,
3.0,0,0,0,0,
11.0,0,0,0,0,
68.0,0,0,0,0,
3.0,0,0,0,0,
9.0,0,0,0,0,
16.0,0,0,0,0,
88.0,0,0,0,0,
88.0,0,0,0,0,
3.6666666666666665,0,0,0,0,
51.75,0,0,0,0,
98.0,0,0,0,0,
84.88235294117646,0,0,0,0,
84.5,0,0,0,0,
42.0,0,0,0,0,
8.0,0,0,0,0,
8.4,0,0,0,0,
66.0,0,0,0,0,
75.0,0,0,0,0,
2.0,0,0,0,0,
3.0,0,0,0,0,
2.0,0,0,0,0,
2.0,0,0,0,0,
2.5,0,0,0,0,
1.0,0,0,0,0,
1.0,0,0,0,0,
2.0,0,0,0,0,
1.0,0,0,0,0,
2.0,0,0,0,0,
3.0,0,0,0,0,
5.0,0,0,0,0,
4.0,0,0,0,0,
4.0,0,0,0,0,
5.0,0,0,0,0,
4.0,0,0,0,0,
3.0,0,0,0,0,
5.0,0,0,0,0,
2.666666666666667,0,0,0,0,
6.5,0,0,0,0,
4.0,0,0,0,0,
3.0,0,0,0,0,
3.0,0,0,0,0,
68.0,0,0,0,0,
2.0,0,0,0,0,
90.66666666666669,0,0,0,0,
2.0,0,0,0,0,
2.0,0,0,0,0,
3.0,0,0,0,0,
15.857142857142858,0,0,0,0,
10.0,0,0,0,0,
12.0,0,0,0,0,
62.5,0,0,0,0,
10.0,0,0,0,0,
18.0,0,0,0,0,
38.0,0,0,0,0,
2.0,0,0,0,0,
43.0,0,0,0,0,
9.5,0,0,0,0,
52.9,0,0,0,0,
57.16666666666666,0,0,0,0,
91.33333333333331,0,0,0,0,
30.125,0,0,0,0,
1.0,0,0,0,0,
45.0,0,0,0,0,
31.0,0,0,0,0,
79.0,0,0,0,0,
7.0,0,0,0,0,
7.0,0,0,0,0,
11.0,0,0,0,0,
19.8,0,0,0,0,
55.2,0,0,0,0,
34.333333333333336,0,0,0,0,
43.0,0,0,0,0,
46.0,0,0,0,0,
31.647058823529413,0,0,0,0,
23.5,0,0,0,0,
84.66666666666667,0,0,0,0,
15.0,0,0,0,0,
9.0,0,0,0,0,
6.0,0,0,0,0,
30.75,0,0,0,0,
89.0,0,0,0,0,
23.0,0,0,0,0,
40.5,0,0,0,0,
79.0,0,0,0,0,
71.0,0,0,0,0,
34.833333333333336,0,0,0,0,
42.0,0,0,0,0,
1.0,0,0,0,0,
75.625,0,0,0,0,
58.16666666666666,0,0,0,0,
2.0,0,0,0,0,
18.0,0,0,0,0,
47.0,0,0,0,0,
28.0,0,0,0,0,
6.0,0,0,0,0,
26.5,0,0,0,0,
16.0,0,0,0,0,
11.666666666666666,0,0,0,0,
8.0,0,0,0,0,
89.0,0,0,0,0,
70.5,0,0,0,0,
44.75,0,0,0,0,
83.0,0,0,0,0,
99.0,0,0,0,0,
43.333333333333336,0,0,0,0,
29.727272727272727,0,0,0,0,
23.0,0,0,0,0,
17.5,0,0,0,0,
50.0,0,0,0,0,
38.66666666666666,0,0,0,0,
48.25,0,0,0,0,
32.33333333333333,0,0,0,0,
26.444444444444443,0,0,0,0,
5.0,0,0,0,0,
53.5,0,0,0,0,
42.94736842105263,0,0,0,0,
32.0,0,0,0,0,
56.0,0,0,0,0,
62.0,0,0,0,0,
51.67741935483871,0,0,0,0,
13.0,0,0,0,0,
47.0,0,0,0,0,
10.0,0,0,0,0,
71.5,0,0,0,0,
41.0,0,0,0,0,
52.0,0,0,0,0,
89.0,0,0,0,0,
40.66666666666666,0,0,0,0,
76.85714285714286,0,0,0,0,
11.5,0,0,0,0,
72.0,0,0,0,0,
87.0,0,0,0,0,
100.0,0,0,0,0,
20.5,0,0,0,0,
9.0,0,0,0,0,
72.5,0,0,0,0,
26.4,0,0,0,0,
50.0,0,0,0,0,
45.333333333333336,0,0,0,0,
1.0,0,0,0,0,
30.0,0,0,0,0,
42.25,0,0,0,0,
11.0,0,0,0,0,
37.0,0,0,0,0,
67.0,0,0,0,0,
62.5,0,0,0,0,
91.0,0,0,0,0,
25.0,0,0,0,0,
91.5,0,0,0,0,
90.42857142857144,0,0,0,0,
51.0,0,0,0,0,
27.666666666666668,0,0,0,0,
1.6666666666666663,0,0,0,0,
4.5,0,0,0,0,
3.0,0,0,0,0,
3.0,0,0,0,0,
82.0,0,0,0,0,
8.0,0,0,0,0,
7.5,0,0,0,0,
5.5,0,0,0,0,
10.142857142857142,0,0,0,0,
7.066666666666666,0,0,0,0,
28.285714285714285,0,0,0,0,
65.0,0,0,0,0,
58.333333333333336,0,0,0,0,
11.6,0,0,0,0,
54.0,0,0,0,0,
2.0,0,0,0,0,
44.71428571428572,0,0,0,0,
94.0,0,0,0,0,
6.333333333333333,0,0,0,0,
6.5,0,0,0,0,
6.0,0,0,0,0,
6.909090909090909,0,0,0,0,
6.090909090909091,0,0,0,0,
11.0,0,0,0,0,
23.25,0,0,0,0,
1.0,0,0,0,0,
1.6956521739130437,0,0,0,0,
1.0,0,0,0,0,
3.857142857142857,0,0,0,0,
2.0,0,0,0,0,
33.0,0,0,0,0,
26.0,0,0,0,0,
87.0,0,0,0,0,
65.0,0,0,0,0,
16.5,0,0,0,0,
37.25,0,0,0,0,
1.0,0,0,0,0,
1.0,0,0,0,0,
2.0,0,0,0,0,
1.0,0,0,0,0,
12.0,0,0,0,0,
43.0,0,0,0,0,
16.0,0,0,0,0,
1.0,0,0,0,0,
96.33333333333331,0,0,0,0,
42.0,0,0,0,0,
93.0,0,0,0,0,
65.33333333333333,0,0,0,0,
2.0,0,0,0,0,
1.0,0,0,0,0,
90.0,0,0,0,0,
5.833333333333333,0,0,0,0,
40.333333333333336,0,0,0,0,
1.0,0,0,0,0,
82.0,0,0,0,0,
25.666666666666668,0,0,0,0,
2.0,0,0,0,0,
2.0,0,0,0,0,
42.0,0,0,0,0,
1.0,0,0,0,0,
1.0,0,0,0,0,
70.75,0,0,0,0,
72.28571428571429,0,0,0,0,
79.0,0,0,0,0,
16.5,0,0,0,0,
42.0,0,0,0,0,
14.375,0,0,0,0,
11.0,0,0,0,0,
36.75,0,0,0,0,
53.25,0,0,0,0,
32.434782608695656,0,0,0,0,
79.66666666666667,0,0,0,0,
22.0,0,0,0,0,
8.75,0,0,0,0,
44.66666666666666,0,0,0,0,
89.33333333333333,0,0,0,0,
29.5,0,0,0,0,
8.555555555555555,0,0,0,0,
65.25,0,0,0,0,
19.14814814814815,0,0,0,0,
11.0,0,0,0,0,
30.25,0,0,0,0,
6.5,0,0,0,0,
10.333333333333334,0,0,0,0,
76.9,0,0,0,0,
2.0,0,0,0,0,
80.5,0,0,0,0,
30.0,0,0,0,0,
60.90909090909091,0,0,0,0,
47.0,0,0,0,0,
1.0,0,0,0,0,
82.0,0,0,0,0,
90.25,0,0,0,0,
7.0,0,0,0,0,
1.125,0,0,0,0,
30.5,0,0,0,0,
88.0,0,0,0,0,
17.151515151515152,0,0,0,0,
66.0,0,0,0,0,
36.0,0,0,0,0,
167.33333333333334,0,0,0,0,
14.0625,0,0,0,0,
51.75,0,0,0,0,
3.25,0,0,0,0,
16.0,0,0,0,0,
1.0,0,0,0,0,
5.0,0,0,0,0,
8.75,0,0,0,0,
1.0,0,0,0,0,
1.0,0,0,0,0,
1.0,0,0,0,0,
2.0,0,0,0,0,
50.11111111111112,0,0,0,0,
79.5,0,0,0,0,
72.5,0,0,0,0,
1.0,0,0,0,0,
1.5,0,0,0,0,
15.0,0,0,0,0,
1.0,0,0,0,0,
1.0,0,0,0,0,
3.0,0,0,0,0,
1.0,0,0,0,0,
1.0,0,0,0,0,
2.0,0,0,0,0,
93.5,0,0,0,0,
93.0,0,0,0,0,
1.0,0,0,0,0,
2.0,0,0,0,0,
94.8,0,0,0,0,
49.64,0,0,0,0,
45.77777777777778,0,0,0,0,
73.0,0,0,0,0,
93.0,0,0,0,0,
45.0,0,0,0,0,
63.5,0,0,0,0,
60.92857142857143,0,0,0,0,
1.0,0,0,0,0,
55.0,0,0,0,0,
41.0,0,0,0,0,
80.0,0,0,0,0,
61.0,0,0,0,0,
63.19047619047619,0,0,0,0,
1.0,0,0,0,0,
72.5,0,0,0,0,
62.0,0,0,0,0,
1.0,0,0,0,0,
2.0,0,0,0,0,
33.0,0,0,0,0,
1.0,0,0,0,0,
1.0,0,0,0,0,
1.0,0,0,0,0,
1.0,0,0,0,0,
73.0,0,0,0,0,
3.0,0,0,0,0,
1.0,0,0,0,0,
1.0,0,0,0,0,
1.0,0,0,0,0,
87.0,0,0,0,0,
1.0,0,0,0,0,
12.0,0,0,0,0,
5.0,0,0,0,0,
1.0,0,0,0,0,
1.0,0,0,0,0,
90.5,0,0,0,0,
1.0,0,0,0,0,
69.32142857142857,0,0,0,0,
18.75,0,0,0,0,
31.0,0,0,0,0,
80.0,0,0,0,0,
5.5,0,0,0,0,
12.0,0,0,0,0,
1.0,0,0,0,0,
99.0,0,0,0,0,
83.33333333333333,0,0,0,0,
72.0,0,0,0,0,
96.5,0,0,0,0,
40.0,0,0,0,0,
1.0,0,0,0,0,
2.0,0,0,0,0,
1.0,0,0,0,0,
1.0,0,0,0,0,
37.0,0,0,0,0,
43.25,0,0,0,0,
34.22222222222222,0,0,0,0,
88.0,0,0,0,0,
86.625,0,0,0,0,
59.0,0,0,0,0,
10.142857142857142,0,0,0,0,
22.3,0,0,0,0,
1.0,0,0,0,0,
26.0,0,0,0,0,
39.66666666666666,0,0,0,0,
2.0,0,0,0,0,
1.0,0,0,0,0,
1.0,0,0,0,0,
20.0,0,0,0,0,
1.0,0,0,0,0,
9.833333333333334,0,0,0,0,
79.5,0,0,0,0,
1.0,0,0,0,0,
1.0,0,0,0,0,
5.166666666666667,0,0,0,0,
44.09090909090909,0,0,0,0,
1.0,0,0,0,0,
30.0,0,0,0,0,
80.0,0,0,0,0,
1.0,0,0,0,0,
1.0,0,0,0,0,
1.5,0,0,0,0,
3.5,0,0,0,0,
3.083333333333333,0,0,0,0,
81.76190476190476,0,0,0,0,
57.0,0,0,0,0,
15.0,0,0,0,0,
58.0,0,0,0,0,
18.0,0,0,0,0,
41.0,0,0,0,0,
1.0,0,0,0,0,
70.0,0,0,0,0,
6.8,0,0,0,0,
77.2,0,0,0,0,
52.5,0,0,0,0,
44.0,0,0,0,0,
99.0,0,0,0,0,
52.8,0,0,0,0,
2.0,0,0,0,0,
100.0,0,0,0,0,
99.0,0,0,0,0,
57.0,0,0,0,0,
42.0,0,0,0,0,
47.5,0,0,0,0,
1.0,0,0,0,0,
1.0,0,0,0,0,
6.666666666666667,0,0,0,0,
1.0,0,0,0,0,
11.666666666666666,0,0,0,0,
7.5,0,0,0,0,
1.0,0,0,0,0,
1.0,0,0,0,0,
1.0,0,0,0,0,
1.0,0,0,0,0,
24.83333333333333,0,0,0,0,
39.0,0,0,0,0,
50.5,0,0,0,0,
33.03448275862069,0,0,0,0,
1.0,0,0,0,0,
1.0,0,0,0,0,
1.0,0,0,0,0,
2.0,0,0,0,0,
1.0,0,0,0,0,
2.0,0,0,0,0,
16.0,0,0,0,0,
1.0,0,0,0,0,
1.0,0,0,0,0,
1.0,0,0,0,0,
1.0,0,0,0,0,
1.0,0,0,0,0,
1.0,0,0,0,0,
87.0,0,0,0,0,
2.0,0,0,0,0,
1.0,0,0,0,0,
62.55555555555556,0,0,0,0,
2.0,0,0,0,0,
6.0,0,0,0,0,
1.0,0,0,0,0,
1.0,0,0,0,0,
71.5,0,0,0,0,
66.55555555555556,0,0,0,0,
50.66666666666666,0,0,0,0,
72.0,0,0,0,0,
50.0,0,0,0,0,
56.66666666666666,0,0,0,0,
37.0,0,0,0,0,
58.0,0,0,0,0,
38.8,0,0,0,0,
85.0,0,0,0,0,
98.33333333333331,0,0,0,0,
30.0,0,0,0,0,
15.0,0,0,0,0,
1.0,0,0,0,0,
1.0,0,0,0,0,
5.0,0,0,0,0,
35.0,0,0,0,0,
63.66666666666666,0,0,0,0,
30.2,0,0,0,0,
44.06666666666667,0,0,0,0,
27.0,0,0,0,0,
21.0,0,0,0,0,
1.0,0,0,0,0,
1.0,0,0,0,0,
1.0,0,0,0,0,
1.0,0,0,0,0,
1.0,0,0,0,0,
1.0,0,0,0,0,
26.0,0,0,0,0,
17.142857142857142,0,0,0,0,
21.07692307692308,0,0,0,0,
63.5,0,0,0,0,
58.333333333333336,0,0,0,0,
81.0,0,0,0,0,
1.0,0,0,0,0,
85.0,0,0,0,0,
6.666666666666667,0,0,0,0,
6.833333333333333,0,0,0,0,
5.0,0,0,0,0,
58.0,0,0,0,0,
52.22222222222222,0,0,0,0,
30.0,0,0,0,0,
20.46153846153846,0,0,0,0,
1.0,0,0,0,0,
1.0,0,0,0,0,
1.0,0,0,0,0,
1.0,0,0,0,0,
3.0,0,0,0,0,
2.0,0,0,0,0,
2.0,0,0,0,0,
3.0,0,0,0,0,
42.5,0,0,0,0,
2.0,0,0,0,0,
1.0,0,0,0,0,
6.666666666666667,0,0,0,0,
39.0,0,0,0,0,
98.0,0,0,0,0,
85.0,0,0,0,0,
2.0,0,0,0,0,
2.0,0,0,0,0,
2.0,0,0,0,0,
1.0,0,0,0,0,
2.0,0,0,0,0,
2.0,0,0,0,0,
47.285714285714285,0,0,0,0,
10.0,0,0,0,0,
4.0,0,0,0,0,
1.0,0,0,0,0,
8.4,0,0,0,0,
54.0,0,0,0,0,
77.5,0,0,0,0,
2.0,0,0,0,0,
1.0,0,0,0,0,
3.0,0,0,0,0,
4.0,0,0,0,0,
2.0,0,0,0,0,
54.5,0,0,0,0,
2.0,0,0,0,0,
2.0,0,0,0,0,
3.0,0,0,0,0,
43.15384615384615,0,0,0,0,
10.142857142857142,0,0,0,0,
25.166666666666668,0,0,0,0,
64.0,0,0,0,0,
61.25,0,0,0,0,
10.0,0,0,0,0,
8.0,0,0,0,0,
28.0,0,0,0,0,
24.8,0,0,0,0,
9.5,0,0,0,0,
75.0,0,0,0,0,
91.5,0,0,0,0,
47.0,0,0,0,0,
2.0,0,0,0,0,
44.1,0,0,0,0,
70.0,0,0,0,0,
1.5,0,0,0,0,
27.714285714285715,0,0,0,0,
42.0,0,0,0,0,
25.0,0,0,0,0,
37.375,0,0,0,0,
64.0,0,0,0,0,
15.962962962962964,0,0,0,0,
8.0,0,0,0,0,
26.0,0,0,0,0,
3.5,0,0,0,0,
60.333333333333336,0,0,0,0,
41.0,0,0,0,0,
79.0,0,0,0,0,
34.42857142857143,0,0,0,0,
38.0,0,0,0,0,
28.5,0,0,0,0,
24.0,0,0,0,0,
47.0,0,0,0,0,
25.0,0,0,0,0,
2.0,0,0,0,0,
4.0,0,0,0,0,
12.0,0,0,0,0,
28.714285714285715,0,0,0,0,
52.0,0,0,0,0,
41.66666666666666,0,0,0,0,
17.5,0,0,0,0,
96.0,0,0,0,0,
41.0,0,0,0,0,
32.85714285714286,0,0,0,0,
12.0,0,0,0,0,
2.5,0,0,0,0,
2.0,0,0,0,0,
76.0,0,0,0,0,
14.0,0,0,0,0,
61.5,0,0,0,0,
20.5,0,0,0,0,
51.5,0,0,0,0,
82.0,0,0,0,0,
69.1,0,0,0,0,
19.0,0,0,0,0,
77.4,0,0,0,0,
77.6,0,0,0,0,
59.75,0,0,0,0,
25.666666666666668,0,0,0,0,
20.75,0,0,0,0,
11.0,0,0,0,0,
10.0,0,0,0,0,
44.0,0,0,0,0,
21.33333333333333,0,0,0,0,
47.16666666666666,0,0,0,0,
21.0,0,0,0,0,
46.5,0,0,0,0,
57.333333333333336,0,0,0,0,
53.5,0,0,0,0,
22.25,0,0,0,0,
16.5,0,0,0,0,
47.11111111111112,0,0,0,0,
61.16666666666666,0,0,0,0,
45.0,0,0,0,0,
34.8,0,0,0,0,
18.2,0,0,0,0,
16.0,0,0,0,0,
1.0,0,0,0,0,
48.0,0,0,0,0,
15.0,0,0,0,0,
64.0,0,0,0,0,
18.5,0,0,0,0,
9.0,0,0,0,0,
25.2,0,0,0,0,
57.57142857142857,0,0,0,0,
59.66666666666666,0,0,0,0,
80.0,0,0,0,0,
54.285714285714285,0,0,0,0,
100.0,0,0,0,0,
29.428571428571427,0,0,0,0,
20.625,0,0,0,0,
38.0,0,0,0,0,
22.144927536231883,0,0,0,0,
73.0,0,0,0,0,
13.666666666666666,0,0,0,0,
2.0,0,0,0,0,
55.0,0,0,0,0,
50.25,0,0,0,0,
7.0,0,0,0,0,
10.0,0,0,0,0,
64.5,0,0,0,0,
68.0,0,0,0,0,
10.285714285714286,0,0,0,0,
9.0,0,0,0,0,
5.0,0,0,0,0,
64.5,0,0,0,0,
44.0,0,0,0,0,
72.0,0,0,0,0,
4.0,0,0,0,0,
25.33333333333333,0,0,0,0,
7.0,0,0,0,0,
17.666666666666668,0,0,0,0,
2.666666666666667,0,0,0,0,
17.0,0,0,0,0,
2.75,0,0,0,0,
31.33333333333333,0,0,0,0,
11.0,0,0,0,0,
2.0,0,0,0,0,
8.2,0,0,0,0,
94.0,0,0,0,0,
43.5,0,0,0,0,
17.875,0,0,0,0,
82.5,0,0,0,0,
49.0,0,0,0,0,
83.0,0,0,0,0,
76.3529411764706,0,0,0,0,
79.77777777777777,0,0,0,0,
70.23809523809524,0,0,0,0,
82.41666666666667,0,0,0,0,
50.285714285714285,0,0,0,0,
98.0,0,0,0,0,
1.0,0,0,0,0,
1.0,0,0,0,0,
4.0,0,0,0,0,
66.125,0,0,0,0,
80.54545454545455,0,0,0,0,
40.0,0,0,0,0,
93.0,0,0,0,0,
93.0,0,0,0,0,
2.0,0,0,0,0,
2.666666666666667,0,0,0,0,
11.75,0,0,0,0,
4.4,0,0,0,0,
2.0,0,0,0,0,
7.0,0,0,0,0,
3.0,0,0,0,0,
22.0,0,0,0,0,
2.0,0,0,0,0,
1.0,0,0,0,0,
3.0,0,0,0,0,
6.764705882352941,0,0,0,0,
7.0,0,0,0,0,
6.0,0,0,0,0,
4.5,0,0,0,0,
5.333333333333333,0,0,0,0,
2.0,0,0,0,0,
46.0,0,0,0,0,
22.33333333333333,0,0,0,0,
17.0,0,0,0,0,
2.0,0,0,0,0,
17.0,0,0,0,0,
34.0,0,0,0,0,
36.66666666666666,0,0,0,0,
1.0,0,0,0,0,
23.5609756097561,0,0,0,0,
1.0,0,0,0,0,
15.0,0,0,0,0,
2.0,0,0,0,0,
85.66666666666667,0,0,0,0,
2.0,0,0,0,0,
76.0,0,0,0,0,
12.0,0,0,0,0,
2.0,0,0,0,0,
16.10344827586207,0,0,0,0,
33.0,0,0,0,0,
21.0,0,0,0,0,
9.333333333333334,0,0,0,0,
2.0,0,0,0,0,
1.5,0,0,0,0,
3.0,0,0,0,0,
7.0,0,0,0,0,
8.0,0,0,0,0,
27.5,0,0,0,0,
2.0,0,0,0,0,
2.0,0,0,0,0,
2.0,0,0,0,0,
2.0,0,0,0,0,
12.0,0,0,0,0,
10.0,0,0,0,0,
2.0,0,0,0,0,
7.857142857142857,0,0,0,0,
1.0,0,0,0,0,
53.0,0,0,0,0,
1.0,0,0,0,0,
1.0,0,0,0,0,
19.615384615384617,0,0,0,0,
39.0,0,0,0,0,
21.0,0,0,0,0,
31.0,0,0,0,0,
95.0,0,0,0,0,
10.0,0,0,0,0,
12.0,0,0,0,0,
19.0,0,0,0,0,
21.0,0,0,0,0,
7.0,0,0,0,0,
14.0,0,0,0,0,
15.0,0,0,0,0,
8.0,0,0,0,0,
37.66666666666666,0,0,0,0,
7.857142857142857,0,0,0,0,
10.0,0,0,0,0,
2.0,0,0,0,0,
9.0,0,0,0,0,
4.0,0,0,0,0,
41.0,0,0,0,0,
36.66666666666666,0,0,0,0,
60.0,0,0,0,0,
20.25925925925926,0,0,0,0,
39.91666666666666,0,0,0,0,
36.5,0,0,0,0,
49.0,0,0,0,0,
38.0,0,0,0,0,
13.666666666666666,0,0,0,0,
19.0,0,0,0,0,
7.0,0,0,0,0,
11.0,0,0,0,0,
86.33333333333333,0,0,0,0,
1.0,0,0,0,0,
3.0,0,0,0,0,
5.0,0,0,0,0,
64.0,0,0,0,0,
1.0,0,0,0,0,
12.0,0,0,0,0,
89.0,0,0,0,0,
8.0,0,0,0,0,
2.0,0,0,0,0,
1.0,0,0,0,0,
9.2,0,0,0,0,
9.4,0,0,0,0,
2.0,0,0,0,0,
1.0,0,0,0,0,
46.66666666666666,0,0,0,0,
75.0,0,0,0,0,
94.0,0,0,0,0,
17.0,0,0,0,0,
2.0,0,0,0,0,
53.0,0,0,0,0,
4.0,0,0,0,0,
1.0,0,0,0,0,
58.0,0,0,0,0,
55.0,0,0,0,0,
39.0,0,0,0,0,
30.0,0,0,0,0,
11.0,0,0,0,0,
56.0,0,0,0,0,
10.666666666666666,0,0,0,0,
4.0,0,0,0,0,
88.0,0,0,0,0,
16.5,0,0,0,0,
59.42857142857143,0,0,0,0,
1.0,0,0,0,0,
8.0,0,0,0,0,
9.0,0,0,0,0,
75.0,0,0,0,0,
55.0,0,0,0,0,
50.85714285714285,0,0,0,0,
8.0,0,0,0,0,
71.0,0,0,0,0,
64.0,0,0,0,0,
75.0,0,0,0,0,
65.0,0,0,0,0,
68.0,0,0,0,0,
41.0,0,0,0,0,
63.77777777777778,0,0,0,0,
98.0,0,0,0,0,
78.75,0,0,0,0,
17.11764705882353,0,0,0,0,
64.66666666666666,0,0,0,0,
18.0,0,0,0,0,
17.0,0,0,0,0,
12.75,0,0,0,0,
71.4,0,0,0,0,
73.25,0,0,0,0,
49.85714285714285,0,0,0,0,
89.0,0,0,0,0,
61.0,0,0,0,0,
18.25,0,0,0,0,
85.5,0,0,0,0,
59.5,0,0,0,0,
48.66666666666666,0,0,0,0,
87.25,0,0,0,0,
47.9,0,0,0,0,
93.0,0,0,0,0,
27.75,0,0,0,0,
55.0,0,0,0,0,
95.5,0,0,0,0,
94.5,0,0,0,0,
92.0,0,0,0,0,
62.0,0,0,0,0,
52.833333333333336,0,0,0,0,
60.0,0,0,0,0,
83.0,0,0,0,0,
30.384615384615383,0,0,0,0,
98.71428571428572,0,0,0,0,
54.5,0,0,0,0,
1.0,0,0,0,0,
12.0,0,0,0,0,
95.33333333333331,0,0,0,0,
48.8,0,0,0,0,
98.0,0,0,0,0,
26.33333333333333,0,0,0,0,
77.0,0,0,0,0,
6.0,0,0,0,0,
10.0,0,0,0,0,
21.0,0,0,0,0,
20.72222222222222,0,0,0,0,
29.5,0,0,0,0,
3.0,0,0,0,0,
1.0,0,0,0,0,
1.0,0,0,0,0,
2.0,0,0,0,0,
1.6666666666666663,0,0,0,0,
2.0,0,0,0,0,
2.0,0,0,0,0,
1.0,0,0,0,0,
2.0,0,0,0,0,
2.0,0,0,0,0,
8.764705882352942,0,0,0,0,
83.28571428571429,0,0,0,0,
66.33333333333333,0,0,0,0,
74.0,0,0,0,0,
57.11111111111112,0,0,0,0,
68.0,0,0,0,0,
85.66666666666667,0,0,0,0,
64.45454545454545,0,0,0,0,
1.0,0,0,0,0,
97.0,0,0,0,0,
87.11904761904762,0,0,0,0,
1.0,0,0,0,0,
4.5,0,0,0,0,
51.0,0,0,0,0,
52.0,0,0,0,0,
39.0,0,0,0,0,
26.0,0,0,0,0,
32.0,0,0,0,0,
33.25,0,0,0,0,
44.76470588235294,0,0,0,0,
96.0,0,0,0,0,
100.0,0,0,0,0,
76.0,0,0,0,0,
93.5,0,0,0,0,
1.0,0,0,0,0,
2.0,0,0,0,0,
32.0,0,0,0,0,
71.28571428571429,0,0,0,0,
41.083333333333336,0,0,0,0,
81.0,0,0,0,0,
72.84,0,0,0,0,
89.0,0,0,0,0,
26.166666666666668,0,0,0,0,
44.333333333333336,0,0,0,0,
31.0,0,0,0,0,
72.42857142857143,0,0,0,0,
52.6,0,0,0,0,
2.333333333333333,0,0,0,0,
75.14285714285714,0,0,0,0,
13.0,0,0,0,0,
77.0,0,0,0,0,
27.0,0,0,0,0,
2.0,0,0,0,0,
2.0,0,0,0,0,
2.0,0,0,0,0,
7.0,0,0,0,0,
72.0,0,0,0,0,
35.0,0,0,0,0,
45.333333333333336,0,0,0,0,
3.0,0,0,0,0,
1.0,0,0,0,0,
7.0,0,0,0,0,
1.0,0,0,0,0,
1.0,0,0,0,0,
2.0,0,0,0,0,
2.0,0,0,0,0,
2.0,0,0,0,0,
32.0,0,0,0,0,
2.0,0,0,0,0,
3.0,0,0,0,0,
1.0,0,0,0,0,
2.0,0,0,0,0,
2.0,0,0,0,0,
9.0,0,0,0,0,
1.0,0,0,0,0,
6.0,0,0,0,0,
26.666666666666668,0,0,0,0,
3.0,0,0,0,0,
2.0,0,0,0,0,
50.5,0,0,0,0,
1.0,0,0,0,0,
39.4,0,0,0,0,
60.0,0,0,0,0,
47.0,0,0,0,0,
37.16666666666666,0,0,0,0,
69.0,0,0,0,0,
77.0,0,0,0,0,
74.0,0,0,0,0,
80.77777777777777,0,0,0,0,
1.0,0,0,0,0,
73.0,0,0,0,0,
93.0,0,0,0,0,
79.33333333333333,0,0,0,0,
20.0,0,0,0,0,
36.0,0,0,0,0,
52.0,0,0,0,0,
10.0,0,0,0,0,
18.0,0,0,0,0,
14.0,0,0,0,0,
22.0,0,0,0,0,
26.0,0,0,0,0,
9.8,0,0,0,0,
22.5,0,0,0,0,
7.0,0,0,0,0,
5.0,0,0,0,0,
1.0,0,0,0,0,
13.5,0,0,0,0,
2.0,0,0,0,0,
44.0,0,0,0,0,
29.285714285714285,0,0,0,0,
5.0,0,0,0,0,
36.66666666666666,0,0,0,0,
8.0,0,0,0,0,
32.66666666666667,0,0,0,0,
9.0,0,0,0,0,
9.5,0,0,0,0,
9.944444444444445,0,0,0,0,
22.0,0,0,0,0,
1.0,0,0,0,0,
3.0,0,0,0,0,
25.0,0,0,0,0,
45.0,0,0,0,0,
29.615384615384617,0,0,0,0,
7.0,0,0,0,0,
6.0,0,0,0,0,
2.0,0,0,0,0,
11.0,0,0,0,0,
2.0,0,0,0,0,
9.0,0,0,0,0,
85.0,0,0,0,0,
37.833333333333336,0,0,0,0,
10.714285714285714,0,0,0,0,
81.0,0,0,0,0,
70.66666666666667,0,0,0,0,
72.57142857142857,0,0,0,0,
23.5,0,0,0,0,
8.0,0,0,0,0,
1.0,0,0,0,0,
85.0,0,0,0,0,
70.0,0,0,0,0,
49.0,0,0,0,0,
4.5,0,0,0,0,
1.0,0,0,0,0,
1.0,0,0,0,0,
1.0,0,0,0,0,
1.0,0,0,0,0,
83.6,0,0,0,0,
25.0,0,0,0,0,
93.0,0,0,0,0,
25.0,0,0,0,0,
9.0,0,0,0,0,
30.5,0,0,0,0,
48.0,0,0,0,0,
42.0,0,0,0,0,
65.5,0,0,0,0,
40.0,0,0,0,0,
80.0,0,0,0,0,
16.3125,0,0,0,0,
6.0,0,0,0,0,
48.0,0,0,0,0,
39.4,0,0,0,0,
48.0,0,0,0,0,
8.666666666666668,0,0,0,0,
1.0,0,0,0,0,
2.0,0,0,0,0,
7.0,0,0,0,0,
86.0,0,0,0,0,
74.0,0,0,0,0,
2.0,0,0,0,0,
2.0,0,0,0,0,
5.0,0,0,0,0,
98.0,0,0,0,0,
43.0,0,0,0,0,
40.23076923076923,0,0,0,0,
48.0,0,0,0,0,
78.5,0,0,0,0,
1.0,0,0,0,0,
34.0,0,0,0,0,
28.428571428571427,0,0,0,0,
10.0,0,0,0,0,
14.571428571428571,0,0,0,0,
28.5,0,0,0,0,
23.91891891891892,0,0,0,0,
20.725,0,0,0,0,
19.25,0,0,0,0,
42.0,0,0,0,0,
2.0,0,0,0,0,
96.0,0,0,0,0,
96.0,0,0,0,0,
14.5,0,0,0,0,
11.0,0,0,0,0,
10.857142857142858,0,0,0,0,
9.65,0,0,0,0,
13.5,0,0,0,0,
13.6,0,0,0,0,
11.0,0,0,0,0,
9.333333333333334,0,0,0,0,
59.66666666666666,0,0,0,0,
20.0,0,0,0,0,
20.0,0,0,0,0,
4.0,0,0,0,0,
13.125,0,0,0,0,
9.333333333333334,0,0,0,0,
6.5,0,0,0,0,
10.0,0,0,0,0,
8.333333333333332,0,0,0,0,
1.0,0,0,0,0,
10.0,0,0,0,0,
64.57692307692308,0,0,0,0,
91.61111111111111,0,0,0,0,
29.4,0,0,0,0,
2.0,0,0,0,0,
87.0,0,0,0,0,
6.375,0,0,0,0,
19.166666666666668,0,0,0,0,
7.0,0,0,0,0,
33.0,0,0,0,0,
13.0,0,0,0,0,
8.0,0,0,0,0,
1.5,0,0,0,0,
94.5,0,0,0,0,
68.33333333333333,0,0,0,0,
90.5,0,0,0,0,
40.0,0,0,0,0,
18.357142857142858,0,0,0,0,
99.0,0,0,0,0,
65.75,0,0,0,0,
78.0,0,0,0,0,
65.0,0,0,0,0,
75.875,0,0,0,0,
60.0,0,0,0,0,
60.75,0,0,0,0,
5.428571428571429,0,0,0,0,
60.0,0,0,0,0,
80.91666666666667,0,0,0,0,
74.0,0,0,0,0,
64.0,0,0,0,0,
75.3859649122807,0,0,0,0,
84.0,0,0,0,0,
75.625,0,0,0,0,
47.0,0,0,0,0,
43.0,0,0,0,0,
59.0,0,0,0,0,
29.25,0,0,0,0,
85.0,0,0,0,0,
82.0,0,0,0,0,
77.0,0,0,0,0,
94.0,0,0,0,0,
87.0,0,0,0,0,
88.0,0,0,0,0,
90.4,0,0,0,0,
88.0,0,0,0,0,
92.33333333333331,0,0,0,0,
74.63636363636364,0,0,0,0,
84.65,0,0,0,0,
70.2,0,0,0,0,
62.0,0,0,0,0,
94.0,0,0,0,0,
78.13333333333334,0,0,0,0,
67.82706766917293,0,0,0,0,
71.0,0,0,0,0,
54.79090909090909,0,0,0,0,
74.43478260869566,0,0,0,0,
69.0,0,0,0,0,
66.0,0,0,0,0,
47.52325581395349,0,0,0,0,
81.0,0,0,0,0,
93.25,0,0,0,0,
90.0,0,0,0,0,
86.16666666666667,0,0,0,0,
67.51851851851852,0,0,0,0,
67.66666666666667,0,0,0,0,
97.0,0,0,0,0,
46.0,0,0,0,0,
35.0,0,0,0,0,
18.428571428571427,0,0,0,0,
84.0,0,0,0,0,
60.68421052631579,0,0,0,0,
95.75,0,0,0,0,
57.0,0,0,0,0,
68.31746031746032,0,0,0,0,
84.0,0,0,0,0,
48.5,0,0,0,0,
99.8,0,0,0,0,
98.33333333333331,0,0,0,0,
48.34615384615385,0,0,0,0,
87.66666666666667,0,0,0,0,
93.0,0,0,0,0,
95.66666666666669,0,0,0,0,
96.66666666666669,0,0,0,0,
68.4,0,0,0,0,
71.75,0,0,0,0,
92.0,0,0,0,0,
5.2,0,0,0,0,
98.0,0,0,0,0,
100.0,0,0,0,0,
1.0,0,0,0,0,
12.0,0,0,0,0,
98.0,0,0,0,0,
72.5,0,0,0,0,
57.5,0,0,0,0,
75.0,0,0,0,0,
32.0,0,0,0,0,
45.333333333333336,0,0,0,0,
31.0,0,0,0,0,
84.5,0,0,0,0,
5.0,0,0,0,0,
46.78787878787879,0,0,0,0,
1.0,0,0,0,0,
18.142857142857142,0,0,0,0,
45.0,0,0,0,0,
87.0,0,0,0,0,
2.5,0,0,0,0,
58.0,0,0,0,0,
17.333333333333332,0,0,0,0,
46.5,0,0,0,0,
48.0,0,0,0,0,
55.5,0,0,0,0,
2.0,0,0,0,0,
2.0,0,0,0,0,
1.0,0,0,0,0,
2.3,0,0,0,0,
96.8181818181818,0,0,0,0,
70.0,0,0,0,0,
1.0,0,0,0,0,
98.0,0,0,0,0,
8.0,0,0,0,0,
1.0,0,0,0,0,
10.0,0,0,0,0,
24.0,0,0,0,0,
31.0,0,0,0,0,
5.0,0,0,0,0,
3.0,0,0,0,0,
7.75,0,0,0,0,
1.0,0,0,0,0,
88.4,0,0,0,0,
7.5,0,0,0,0,
71.0,0,0,0,0,
63.10526315789474,0,0,0,0,
1.0,0,0,0,0,
40.09090909090909,0,0,0,0,
81.77777777777777,0,0,0,0,
35.0,0,0,0,0,
32.0,0,0,0,0,
71.0,0,0,0,0,
56.0,0,0,0,0,
1.0,0,0,0,0,
2.0,0,0,0,0,
93.0,0,0,0,0,
48.0,0,0,0,0,
67.0,0,0,0,0,
15.0,0,0,0,0,
5.0,0,0,0,0,
1.0,0,0,0,0,
1.0,0,0,0,0,
95.0,0,0,0,0,
75.0,0,0,0,0,
38.5,0,0,0,0,
100.0,0,0,0,0,
87.57142857142857,0,0,0,0,
53.0,0,0,0,0,
65.83333333333333,0,0,0,0,
6.444444444444445,0,0,0,0,
1.0,0,0,0,0,
92.0,0,0,0,0,
2.0,0,0,0,0,
78.58333333333333,0,0,0,0,
3.0,0,0,0,0,
2.0,0,0,0,0,
1.0,0,0,0,0,
61.5,0,0,0,0,
29.0,0,0,0,0,
2.0,0,0,0,0,
16.666666666666664,0,0,0,0,
34.0,0,0,0,0,
26.0,0,0,0,0,
21.666666666666668,0,0,0,0,
31.6,0,0,0,0,
27.0,0,0,0,0,
26.0,0,0,0,0,
21.0,0,0,0,0,
71.0,0,0,0,0,
9.0,0,0,0,0,
36.875,0,0,0,0,
45.0,0,0,0,0,
75.0,0,0,0,0,
96.0,0,0,0,0,
33.0,0,0,0,0,
34.0,0,0,0,0,
34.142857142857146,0,0,0,0,
71.125,0,0,0,0,
100.5,0,0,0,0,
39.6,0,0,0,0,
74.0,0,0,0,0,
64.94117647058823,0,0,0,0,
31.5,0,0,0,0,
60.0,0,0,0,0,
49.41666666666666,0,0,0,0,
54.5,0,0,0,0,
95.0,0,0,0,0,
96.16666666666669,0,0,0,0,
88.0,0,0,0,0,
62.5,0,0,0,0,
90.0,0,0,0,0,
1.0,0,0,0,0,
12.0,0,0,0,0,
46.0,0,0,0,0,
96.0,0,0,0,0,
2.0,0,0,0,0,
12.0,0,0,0,0,
10.666666666666666,0,0,0,0,
48.0,0,0,0,0,
54.0,0,0,0,0,
42.0,0,0,0,0,
45.0,0,0,0,0,
2.0,0,0,0,0,
2.0,0,0,0,0,
14.5,0,0,0,0,
1.0,0,0,0,0,
48.25,0,0,0,0,
126.0,0,0,0,0,
5.388888888888889,0,0,0,0,
1.0,0,0,0,0,
23.0,0,0,0,0,
51.0,0,0,0,0,
10.142857142857142,0,0,0,0,
22.5,0,0,0,0,
31.0,0,0,0,0,
11.0,0,0,0,0,
68.0,0,0,0,0,
7.0,0,0,0,0,
6.666666666666667,0,0,0,0,
19.5,0,0,0,0,
7.5,0,0,0,0,
7.0,0,0,0,0,
3.235294117647059,0,0,0,0,
9.0,0,0,0,0,
5.0,0,0,0,0,
6.863636363636363,0,0,0,0,
3.5,0,0,0,0,
9.75,0,0,0,0,
4.0,0,0,0,0,
1.0,0,0,0,0,
5.75,0,0,0,0,
8.875,0,0,0,0,
7.0,0,0,0,0,
6.0,0,0,0,0,
19.0,0,0,0,0,
4.0,0,0,0,0,
11.181818181818182,0,0,0,0,
8.4,0,0,0,0,
5.0,0,0,0,0,
3.0,0,0,0,0,
7.0,0,0,0,0,
10.5,0,0,0,0,
53.0,0,0,0,0,
67.0,0,0,0,0,
31.0,0,0,0,0,
29.33333333333333,0,0,0,0,
7.0,0,0,0,0,
5.5,0,0,0,0,
8.6,0,0,0,0,
3.0,0,0,0,0,
5.5,0,0,0,0,
5.0,0,0,0,0,
76.0,0,0,0,0,
1.0,0,0,0,0,
4.0,0,0,0,0,
3.5,0,0,0,0,
20.0,0,0,0,0,
2.0,0,0,0,0,
2.0,0,0,0,0,
1.8333333333333333,0,0,0,0,
17.0,0,0,0,0,
1.0,0,0,0,0,
4.888888888888889,0,0,0,0,
4.0,0,0,0,0,
81.0,0,0,0,0,
29.0,0,0,0,0,
68.0,0,0,0,0,
97.0,0,0,0,0,
25.5,0,0,0,0,
47.0,0,0,0,0,
68.25,0,0,0,0,
44.0,0,0,0,0,
49.0,0,0,0,0,
45.66666666666666,0,0,0,0,
3.6666666666666665,0,0,0,0,
1.0,0,0,0,0,
33.0,0,0,0,0,
44.5,0,0,0,0,
1.0,0,0,0,0,
88.0,0,0,0,0,
100.0,0,0,0,0,
1.0,0,0,0,0,
45.0,0,0,0,0,
74.0,0,0,0,0,
35.0,0,0,0,0,
20.33333333333333,0,0,0,0,
11.0,0,0,0,0,
60.0,0,0,0,0,
31.0,0,0,0,0,
1.0,0,0,0,0,
1.0,0,0,0,0,
84.83333333333333,0,0,0,0,
69.0,0,0,0,0,
40.61538461538461,0,0,0,0,
28.33333333333333,0,0,0,0,
47.66666666666666,0,0,0,0,
22.8,0,0,0,0,
25.133333333333333,0,0,0,0,
12.25,0,0,0,0,
43.42857142857143,0,0,0,0,
28.0,0,0,0,0,
72.0,0,0,0,0,
24.4,0,0,0,0,
52.8,0,0,0,0,
28.25,0,0,0,0,
69.16666666666667,0,0,0,0,
29.5,0,0,0,0,
66.66666666666667,0,0,0,0,
58.0,0,0,0,0,
46.2,0,0,0,0,
81.0,0,0,0,0,
76.2,0,0,0,0,
78.33333333333333,0,0,0,0,
8.0,0,0,0,0,
85.5,0,0,0,0,
14.0,0,0,0,0,
14.0,0,0,0,0,
58.0,0,0,0,0,
3.0,0,0,0,0,
26.473684210526315,0,0,0,0,
52.11111111111112,0,0,0,0,
8.5,0,0,0,0,
5.333333333333333,0,0,0,0,
8.0,0,0,0,0,
64.33333333333334,0,0,0,0,
9.0,0,0,0,0,
85.0,0,0,0,0,
71.0,0,0,0,0,
69.57142857142857,0,0,0,0,
54.0,0,0,0,0,
46.18181818181818,0,0,0,0,
55.4,0,0,0,0,
56.0,0,0,0,0,
83.0,0,0,0,0,
93.0,0,0,0,0,
76.33333333333333,0,0,0,0,
14.0,0,0,0,0,
8.8,0,0,0,0,
8.5,0,0,0,0,
7.5,0,0,0,0,
97.0,0,0,0,0,
76.33333333333333,0,0,0,0,
63.0,0,0,0,0,
97.0,0,0,0,0,
74.33333333333333,0,0,0,0,
2.0,0,0,0,0,
22.5,0,0,0,0,
72.63636363636364,0,0,0,0,
46.0,0,0,0,0,
52.5,0,0,0,0,
34.0,0,0,0,0,
34.666666666666664,0,0,0,0,
6.166666666666667,0,0,0,0,
72.5,0,0,0,0,
42.25,0,0,0,0,
70.66666666666667,0,0,0,0,
75.0,0,0,0,0,
52.71428571428572,0,0,0,0,
81.33333333333333,0,0,0,0,
40.5,0,0,0,0,
78.2,0,0,0,0,
72.6,0,0,0,0,
69.4,0,0,0,0,
6.0,0,0,0,0,
2.0,0,0,0,0,
96.5,0,0,0,0,
25.0,0,0,0,0,
67.0,0,0,0,0,
81.5,0,0,0,0,
29.142857142857142,0,0,0,0,
22.77777777777778,0,0,0,0,
28.0,0,0,0,0,
9.357142857142858,0,0,0,0,
90.5,0,0,0,0,
27.5,0,0,0,0,
34.0,0,0,0,0,
19.0,0,0,0,0,
43.333333333333336,0,0,0,0,
17.666666666666668,0,0,0,0,
23.029411764705884,0,0,0,0,
51.0,0,0,0,0,
15.5,0,0,0,0,
49.5,0,0,0,0,
32.6,0,0,0,0,
16.0,0,0,0,0,
19.0,0,0,0,0,
21.0,0,0,0,0,
10.0,0,0,0,0,
74.0,0,0,0,0,
77.0,0,0,0,0,
5.5,0,0,0,0,
5.0,0,0,0,0,
75.25,0,0,0,0,
41.75,0,0,0,0,
43.333333333333336,0,0,0,0,
62.16666666666666,0,0,0,0,
65.0,0,0,0,0,
77.5,0,0,0,0,
60.5,0,0,0,0,
33.55555555555556,0,0,0,0,
33.5,0,0,0,0,
21.714285714285715,0,0,0,0,
51.6,0,0,0,0,
64.0,0,0,0,0,
13.0,0,0,0,0,
4.0,0,0,0,0,
68.875,0,0,0,0,
10.5,0,0,0,0,
21.75,0,0,0,0,
74.33333333333333,0,0,0,0,
59.66666666666666,0,0,0,0,
18.0,0,0,0,0,
34.333333333333336,0,0,0,0,
57.66666666666666,0,0,0,0,
34.666666666666664,0,0,0,0,
25.25,0,0,0,0,
37.66666666666666,0,0,0,0,
39.5,0,0,0,0,
51.66666666666666,0,0,0,0,
22.2,0,0,0,0,
34.333333333333336,0,0,0,0,
19.0,0,0,0,0,
79.57142857142857,0,0,0,0,
49.97142857142857,0,0,0,0,
39.8,0,0,0,0,
13.0,0,0,0,0,
73.0,0,0,0,0,
25.0,0,0,0,0,
55.66666666666666,0,0,0,0,
75.0,0,0,0,0,
63.0,0,0,0,0,
81.25,0,0,0,0,
70.0,0,0,0,0,
44.4,0,0,0,0,
56.66666666666666,0,0,0,0,
65.0,0,0,0,0,
44.16666666666666,0,0,0,0,
62.0,0,0,0,0,
93.2,0,0,0,0,
68.41666666666667,0,0,0,0,
85.5,0,0,0,0,
76.0,0,0,0,0,
54.5,0,0,0,0,
57.0,0,0,0,0,
85.5,0,0,0,0,
40.0,0,0,0,0,
45.30769230769231,0,0,0,0,
54.333333333333336,0,0,0,0,
88.0,0,0,0,0,
84.5,0,0,0,0,
39.0,0,0,0,0,
55.18181818181818,0,0,0,0,
32.0,0,0,0,0,
50.0,0,0,0,0,
45.333333333333336,0,0,0,0,
48.0,0,0,0,0,
7.5,0,0,0,0,
60.0,0,0,0,0,
10.0,0,0,0,0,
86.5,0,0,0,0,
71.16666666666667,0,0,0,0,
75.0,0,0,0,0,
66.25,0,0,0,0,
3.0,0,0,0,0,
77.0,0,0,0,0,
68.0,0,0,0,0,
66.0,0,0,0,0,
65.71428571428571,0,0,0,0,
90.5,0,0,0,0,
15.166666666666666,0,0,0,0,
31.0,0,0,0,0,
54.0,0,0,0,0,
19.0,0,0,0,0,
9.2,0,0,0,0,
9.0,0,0,0,0,
8.0,0,0,0,0,
36.91666666666666,0,0,0,0,
69.2,0,0,0,0,
94.33333333333331,0,0,0,0,
57.833333333333336,0,0,0,0,
86.0,0,0,0,0,
48.888888888888886,0,0,0,0,
69.75,0,0,0,0,
58.25,0,0,0,0,
79.0,0,0,0,0,
67.71428571428571,0,0,0,0,
46.66666666666666,0,0,0,0,
13.0,0,0,0,0,
26.33333333333333,0,0,0,0,
95.0,0,0,0,0,
89.0,0,0,0,0,
90.5,0,0,0,0,
6.0,0,0,0,0,
89.0625,0,0,0,0,
79.16666666666667,0,0,0,0,
85.33333333333333,0,0,0,0,
84.0,0,0,0,0,
83.0,0,0,0,0,
48.0,0,0,0,0,
73.5,0,0,0,0,
77.66666666666667,0,0,0,0,
65.0,0,0,0,0,
3.0,0,0,0,0,
31.8,0,0,0,0,
52.0,0,0,0,0,
31.0,0,0,0,0,
73.0,0,0,0,0,
20.0,0,0,0,0,
78.33333333333333,0,0,0,0,
61.0,0,0,0,0,
1.0,0,0,0,0,
58.0,0,0,0,0,
84.0,0,0,0,0,
29.0,0,0,0,0,
2.0,0,0,0,0,
12.625,0,0,0,0,
11.0,0,0,0,0,
94.0,0,0,0,0,
23.0,0,0,0,0,
42.25,0,0,0,0,
11.0,0,0,0,0,
2.0,0,0,0,0,
65.0,0,0,0,0,
10.0,0,0,0,0,
13.0,0,0,0,0,
2.0,0,0,0,0,
2.0,0,0,0,0,
63.0,0,0,0,0,
1.0,0,0,0,0,
75.0,0,0,0,0,
35.294117647058826,0,0,0,0,
23.5,0,0,0,0,
80.0,0,0,0,0,
36.41666666666666,0,0,0,0,
2.0,0,0,0,0,
45.8,0,0,0,0,
64.75,0,0,0,0,
74.0,0,0,0,0,
89.0,0,0,0,0,
92.44444444444444,0,0,0,0,
59.333333333333336,0,0,0,0,
94.0,0,0,0,0,
64.85714285714286,0,0,0,0,
58.333333333333336,0,0,0,0,
80.83333333333333,0,0,0,0,
98.0,0,0,0,0,
97.0,0,0,0,0,
50.0,0,0,0,0,
67.8157894736842,0,0,0,0,
8.0,0,0,0,0,
10.3,0,0,0,0,
19.25,0,0,0,0,
27.75,0,0,0,0,
1.0,0,0,0,0,
33.0,0,0,0,0,
41.0,0,0,0,0,
13.0,0,0,0,0,
26.5,0,0,0,0,
2.0,0,0,0,0,
3.0,0,0,0,0,
23.33333333333333,0,0,0,0,
2.0,0,0,0,0,
97.0,0,0,0,0,
79.0,0,0,0,0,
25.766666666666666,0,0,0,0,
24.63157894736842,0,0,0,0,
20.0,0,0,0,0,
43.0,0,0,0,0,
49.5,0,0,0,0,
20.0,0,0,0,0,
87.66666666666667,0,0,0,0,
90.0,0,0,0,0,
40.625,0,0,0,0,
29.07692307692308,0,0,0,0,
4.5,0,0,0,0,
3.142857142857143,0,0,0,0,
27.5,0,0,0,0,
6.5,0,0,0,0,
1.0,0,0,0,0,
2.0,0,0,0,0,
90.0,0,0,0,0,
18.0,0,0,0,0,
89.0,0,0,0,0,
38.0,0,0,0,0,
33.0,0,0,0,0,
45.44827586206897,0,0,0,0,
34.0,0,0,0,0,
79.0,0,0,0,0,
24.0,0,0,0,0,
34.666666666666664,0,0,0,0,
32.0,0,0,0,0,
66.5,0,0,0,0,
7.0,0,0,0,0,
88.0,0,0,0,0,
1.0,0,0,0,0,
2.0,0,0,0,0,
11.0,0,0,0,0,
74.25,0,0,0,0,
15.5,0,0,0,0,
48.333333333333336,0,0,0,0,
73.68,0,0,0,0,
21.58333333333333,0,0,0,0,
24.75,0,0,0,0,
18.0,0,0,0,0,
2.0,0,0,0,0,
85.5,0,0,0,0,
2.0,0,0,0,0,
35.0,0,0,0,0,
9.166666666666666,0,0,0,0,
17.0,0,0,0,0,
41.0,0,0,0,0,
64.33333333333334,0,0,0,0,
32.5,0,0,0,0,
98.0,0,0,0,0,
2.0,0,0,0,0,
16.5,0,0,0,0,
1.0,0,0,0,0,
62.0,0,0,0,0,
30.5,0,0,0,0,
24.75,0,0,0,0,
33.06666666666667,0,0,0,0,
38.25,0,0,0,0,
33.42857142857143,0,0,0,0,
32.33333333333333,0,0,0,0,
6.0,0,0,0,0,
25.11111111111111,0,0,0,0,
12.0,0,0,0,0,
1.0,0,0,0,0,
42.0,0,0,0,0,
10.615384615384617,0,0,0,0,
64.5,0,0,0,0,
14.37037037037037,0,0,0,0,
5.0,0,0,0,0,
11.0,0,0,0,0,
92.0,0,0,0,0,
45.25,0,0,0,0,
30.727272727272727,0,0,0,0,
23.714285714285715,0,0,0,0,
18.676470588235293,0,0,0,0,
36.85714285714285,0,0,0,0,
8.0,0,0,0,0,
19.0,0,0,0,0,
35.666666666666664,0,0,0,0,
24.5,0,0,0,0,
2.0,0,0,0,0,
14.0,0,0,0,0,
8.384615384615385,0,0,0,0,
5.0,0,0,0,0,
8.5,0,0,0,0,
69.0,0,0,0,0,
91.0,0,0,0,0,
6.0,0,0,0,0,
8.75,0,0,0,0,
2.0,0,0,0,0,
2.0,0,0,0,0,
98.0,0,0,0,0,
66.5,0,0,0,0,
98.5,0,0,0,0,
22.4,0,0,0,0,
40.66666666666666,0,0,0,0,
100.0,0,0,0,0,
1.0,0,0,0,0,
94.0,0,0,0,0,
10.0,0,0,0,0,
51.5,0,0,0,0,
99.0,0,0,0,0,
17.0,0,0,0,0,
4.0,0,0,0,0,
3.0,0,0,0,0,
35.0,0,0,0,0,
14.0,0,0,0,0,
15.5,0,0,0,0,
22.875,0,0,0,0,
15.0,0,0,0,0,
32.4,0,0,0,0,
44.6,0,0,0,0,
48.75,0,0,0,0,
2.0,0,0,0,0,
9.5,0,0,0,0,
28.08333333333333,0,0,0,0,
29.55555555555556,0,0,0,0,
19.285714285714285,0,0,0,0,
2.0,0,0,0,0,
1.0,0,0,0,0,
26.62585034013605,0,0,0,0,
3.8333333333333335,0,0,0,0,
39.333333333333336,0,0,0,0,
51.5,0,0,0,0,
31.83333333333333,0,0,0,0,
37.66666666666666,0,0,0,0,
15.75,0,0,0,0,
5.5,0,0,0,0,
55.75,0,0,0,0,
34.77777777777778,0,0,0,0,
39.55555555555556,0,0,0,0,
38.22222222222222,0,0,0,0,
2.0,0,0,0,0,
57.833333333333336,0,0,0,0,
20.258064516129032,0,0,0,0,
3.5,0,0,0,0,
4.0,0,0,0,0,
4.0,0,0,0,0,
74.0,0,0,0,0,
91.0,0,0,0,0,
81.5,0,0,0,0,
32.33333333333333,0,0,0,0,
12.0,0,0,0,0,
84.66666666666667,0,0,0,0,
58.0,0,0,0,0,
62.0,0,0,0,0,
23.5,0,0,0,0,
9.5,0,0,0,0,
35.0,0,0,0,0,
32.8,0,0,0,0,
3.0,0,0,0,0,
93.0,0,0,0,0,
8.0,0,0,0,0,
100.0,0,0,0,0,
69.5,0,0,0,0,
55.0,0,0,0,0,
59.75,0,0,0,0,
36.5,0,0,0,0,
89.93333333333334,0,0,0,0,
52.888888888888886,0,0,0,0,
48.0,0,0,0,0,
43.25,0,0,0,0,
77.5,0,0,0,0,
52.0,0,0,0,0,
86.14285714285714,0,0,0,0,
31.0,0,0,0,0,
62.63157894736842,0,0,0,0,
41.23529411764706,0,0,0,0,
74.5,0,0,0,0,
43.0,0,0,0,0,
89.0,0,0,0,0,
44.0,0,0,0,0,
56.06666666666667,0,0,0,0,
43.94444444444444,0,0,0,0,
49.0,0,0,0,0,
1.0,0,0,0,0,
50.25,0,0,0,0,
61.8,0,0,0,0,
35.333333333333336,0,0,0,0,
81.0,0,0,0,0,
79.0,0,0,0,0,
68.275,0,0,0,0,
36.93103448275862,0,0,0,0,
31.5,0,0,0,0,
60.11111111111112,0,0,0,0,
2.0,0,0,0,0,
76.41666666666667,0,0,0,0,
72.0,0,0,0,0,
64.55555555555556,0,0,0,0,
81.0,0,0,0,0,
52.0,0,0,0,0,
4.5,0,0,0,0,
9.0,0,0,0,0,
6.0,0,0,0,0,
81.0,0,0,0,0,
6.5,0,0,0,0,
68.5,0,0,0,0,
31.0625,0,0,0,0,
42.0,0,0,0,0,
40.81818181818182,0,0,0,0,
79.4,0,0,0,0,
33.63636363636363,0,0,0,0,
15.0,0,0,0,0,
100.0,0,0,0,0,
32.592592592592595,0,0,0,0,
34.19607843137255,0,0,0,0,
71.23076923076923,0,0,0,0,
1.0,0,0,0,0,
40.851851851851855,0,0,0,0,
80.0,0,0,0,0,
59.0,0,0,0,0,
94.0,0,0,0,0,
51.31372549019608,0,0,0,0,
65.0,0,0,0,0,
3.0,0,0,0,0,
79.5,0,0,0,0,
5.0,0,0,0,0,
93.60714285714286,0,0,0,0,
58.0,0,0,0,0,
26.58333333333333,0,0,0,0,
53.9375,0,0,0,0,
74.5,0,0,0,0,
72.0,0,0,0,0,
71.29850746268657,0,0,0,0,
62.5,0,0,0,0,
92.0,0,0,0,0,
58.5,0,0,0,0,
69.94285714285714,0,0,0,0,
42.333333333333336,0,0,0,0,
8.333333333333332,0,0,0,0,
100.0,0,0,0,0,
89.03225806451613,0,0,0,0,
82.12903225806451,0,0,0,0,
98.5,0,0,0,0,
98.0,0,0,0,0,
11.058823529411764,0,0,0,0,
85.0,0,0,0,0,
76.86206896551724,0,0,0,0,
81.25,0,0,0,0,
74.96296296296296,0,0,0,0,
49.333333333333336,0,0,0,0,
99.0,0,0,0,0,
91.0,0,0,0,0,
48.0,0,0,0,0,
22.0,0,0,0,0,
19.0,0,0,0,0,
13.0,0,0,0,0,
53.0,0,0,0,0,
91.0,0,0,0,0,
53.0,0,0,0,0,
81.2,0,0,0,0,
65.0,0,0,0,0,
90.0,0,0,0,0,
87.5,0,0,0,0,
92.0,0,0,0,0,
65.33333333333333,0,0,0,0,
51.59090909090909,0,0,0,0,
80.06666666666666,0,0,0,0,
44.625,0,0,0,0,
1.0,0,0,0,0,
87.0,0,0,0,0,
85.66666666666667,0,0,0,0,
85.0,0,0,0,0,
91.75,0,0,0,0,
70.8,0,0,0,0,
36.65714285714286,0,0,0,0,
45.31707317073171,0,0,0,0,
93.8,0,0,0,0,
82.0,0,0,0,0,
28.105263157894736,0,0,0,0,
46.5,0,0,0,0,
37.25,0,0,0,0,
82.0,0,0,0,0,
11.5,0,0,0,0,
3.0,0,0,0,0,
27.0,0,0,0,0,
20.0,0,0,0,0,
38.0,0,0,0,0,
23.0,0,0,0,0,
36.0,0,0,0,0,
45.0,0,0,0,0,
37.0,0,0,0,0,
5.5,0,0,0,0,
19.166666666666668,0,0,0,0,
53.0,0,0,0,0,
42.0,0,0,0,0,
50.53846153846154,0,0,0,0,
61.8,0,0,0,0,
48.66666666666666,0,0,0,0,
35.0,0,0,0,0,
28.5,0,0,0,0,
50.66666666666666,0,0,0,0,
10.0,0,0,0,0,
32.625,0,0,0,0,
18.363636363636363,0,0,0,0,
4.0,0,0,0,0,
88.0,0,0,0,0,
46.0,0,0,0,0,
99.0,0,0,0,0,
68.0,0,0,0,0,
52.0,0,0,0,0,
76.1,0,0,0,0,
39.0,0,0,0,0,
1.0,0,0,0,0,
89.0,0,0,0,0,
58.0,0,0,0,0,
60.4,0,0,0,0,
2.0,0,0,0,0,
95.0,0,0,0,0,
66.0,0,0,0,0,
57.0,0,0,0,0,
77.5,0,0,0,0,
39.66666666666666,0,0,0,0,
37.0,0,0,0,0,
16.0,0,0,0,0,
8.0,0,0,0,0,
29.0,0,0,0,0,
21.166666666666668,0,0,0,0,
8.0,0,0,0,0,
11.0,0,0,0,0,
21.33333333333333,0,0,0,0,
10.25,0,0,0,0,
5.5,0,0,0,0,
6.0,0,0,0,0,
10.583333333333334,0,0,0,0,
32.1,0,0,0,0,
4.0,0,0,0,0,
15.666666666666666,0,0,0,0,
38.0,0,0,0,0,
33.0,0,0,0,0,
78.5,0,0,0,0,
16.0,0,0,0,0,
1.0,0,0,0,0,
8.0,0,0,0,0,
3.5,0,0,0,0,
11.0,0,0,0,0,
7.0,0,0,0,0,
8.5,0,0,0,0,
30.0,0,0,0,0,
10.0,0,0,0,0,
11.0,0,0,0,0,
5.0,0,0,0,0,
47.0,0,0,0,0,
54.0,0,0,0,0,
36.0,0,0,0,0,
41.66666666666666,0,0,0,0,
52.5,0,0,0,0,
10.0,0,0,0,0,
70.6,0,0,0,0,
95.4,0,0,0,0,
81.3529411764706,0,0,0,0,
8.90909090909091,0,0,0,0,
30.0,0,0,0,0,
60.333333333333336,0,0,0,0,
43.333333333333336,0,0,0,0,
2.0,0,0,0,0,
1.0,0,0,0,0,
21.0,0,0,0,0,
3.0,0,0,0,0,
7.0,0,0,0,0,
9.0,0,0,0,0,
7.0,0,0,0,0,
6.0,0,0,0,0,
2.5,0,0,0,0,
8.625,0,0,0,0,
9.0,0,0,0,0,
12.5,0,0,0,0,
7.0,0,0,0,0,
17.11111111111111,0,0,0,0,
8.0,0,0,0,0,
52.0,0,0,0,0,
47.5,0,0,0,0,
26.0,0,0,0,0,
5.0,0,0,0,0,
18.0,0,0,0,0,
46.0,0,0,0,0,
46.0,0,0,0,0,
44.0,0,0,0,0,
24.517241379310345,0,0,0,0,
89.0,0,0,0,0,
2.0,0,0,0,0,
6.0,0,0,0,0,
1.0,0,0,0,0,
34.2,0,0,0,0,
79.0,0,0,0,0,
3.0,0,0,0,0,
11.0,0,0,0,0,
2.0,0,0,0,0,
29.25,0,0,0,0,
17.0,0,0,0,0,
21.0,0,0,0,0,
10.0,0,0,0,0,
20.0,0,0,0,0,
6.0,0,0,0,0,
6.0,0,0,0,0,
84.0,0,0,0,0,
28.0,0,0,0,0,
30.571428571428573,0,0,0,0,
71.0,0,0,0,0,
1.0,0,0,0,0,
6.0,0,0,0,0,
25.0,0,0,0,0,
64.0,0,0,0,0,
25.5,0,0,0,0,
12.333333333333334,0,0,0,0,
5.0,0,0,0,0,
67.0,0,0,0,0,
50.0,0,0,0,0,
49.0,0,0,0,0,
2.0,0,0,0,0,
6.0,0,0,0,0,
6.333333333333333,0,0,0,0,
4.0,0,0,0,0,
19.0,0,0,0,0,
17.0,0,0,0,0,
13.176470588235292,0,0,0,0,
24.2,0,0,0,0,
6.0,0,0,0,0,
5.0,0,0,0,0,
2.0,0,0,0,0,
7.571428571428571,0,0,0,0,
4.0,0,0,0,0,
9.0,0,0,0,0,
21.0,0,0,0,0,
27.0,0,0,0,0,
92.0,0,0,0,0,
64.5,0,0,0,0,
100.0,0,0,0,0,
65.0,0,0,0,0,
33.5,0,0,0,0,
9.0,0,0,0,0,
64.0,0,0,0,0,
13.333333333333334,0,0,0,0,
80.0,0,0,0,0,
77.0,0,0,0,0,
17.5,0,0,0,0,
74.0,0,0,0,0,
71.66666666666667,0,0,0,0,
89.0,0,0,0,0,
60.16666666666666,0,0,0,0,
89.2,0,0,0,0,
85.0,0,0,0,0,
89.0,0,0,0,0,
79.16666666666667,0,0,0,0,
14.0,0,0,0,0,
4.0,0,0,0,0,
2.2,0,0,0,0,
2.0,0,0,0,0,
3.0,0,0,0,0,
2.0,0,0,0,0,
7.0,0,0,0,0,
8.0,0,0,0,0,
22.724137931034484,0,0,0,0,
11.0,0,0,0,0,
44.5,0,0,0,0,
10.923076923076923,0,0,0,0,
7.571428571428571,0,0,0,0,
2.0,0,0,0,0,
9.875,0,0,0,0,
7.0,0,0,0,0,
87.0,0,0,0,0,
11.0,0,0,0,0,
8.0,0,0,0,0,
90.0,0,0,0,0,
10.0,0,0,0,0,
9.5,0,0,0,0,
60.0,0,0,0,0,
10.0,0,0,0,0,
8.666666666666668,0,0,0,0,
8.0,0,0,0,0,
36.0,0,0,0,0,
3.333333333333333,0,0,0,0,
6.0,0,0,0,0,
3.0,0,0,0,0,
22.0,0,0,0,0,
21.0,0,0,0,0,
9.0,0,0,0,0,
4.25,0,0,0,0,
15.0,0,0,0,0,
12.0,0,0,0,0,
37.0,0,0,0,0,
10.25,0,0,0,0,
11.0,0,0,0,0,
37.0,0,0,0,0,
70.0,0,0,0,0,
9.818181818181818,0,0,0,0,
93.0,0,0,0,0,
7.6,0,0,0,0,
10.0,0,0,0,0,
20.0,0,0,0,0,
7.0,0,0,0,0,
12.0,0,0,0,0,
22.0,0,0,0,0,
9.0,0,0,0,0,
36.0,0,0,0,0,
76.06451612903226,0,0,0,0,
6.75,0,0,0,0,
2.666666666666667,0,0,0,0,
1.0,0,0,0,0,
60.0,0,0,0,0,
4.5,0,0,0,0,
4.0,0,0,0,0,
9.0,0,0,0,0,
1.0,0,0,0,0,
10.0,0,0,0,0,
1.0,0,0,0,0,
2.0,0,0,0,0,
2.0,0,0,0,0,
2.0,0,0,0,0,
2.0,0,0,0,0,
2.0,0,0,0,0,
8.428571428571429,0,0,0,0,
2.0,0,0,0,0,
2.0,0,0,0,0,
2.0,0,0,0,0,
26.6,0,0,0,0,
6.0,0,0,0,0,
2.0,0,0,0,0,
3.0,0,0,0,0,
2.0,0,0,0,0,
1.0,0,0,0,0,
1.0,0,0,0,0,
10.0,0,0,0,0,
2.0,0,0,0,0,
11.0,0,0,0,0,
22.0,0,0,0,0,
3.0,0,0,0,0,
2.0,0,0,0,0,
1.0,0,0,0,0,
2.0,0,0,0,0,
21.0,0,0,0,0,
3.0,0,0,0,0,
3.0,0,0,0,0,
31.8,0,0,0,0,
13.0,0,0,0,0,
40.0,0,0,0,0,
62.333333333333336,0,0,0,0,
5.5,0,0,0,0,
7.333333333333333,0,0,0,0,
2.4,0,0,0,0,
5.5,0,0,0,0,
40.25,0,0,0,0,
22.0,0,0,0,0,
30.428571428571427,0,0,0,0,
59.75,0,0,0,0,
2.0,0,0,0,0,
67.0,0,0,0,0,
8.5,0,0,0,0,
1.0,0,0,0,0,
9.5,0,0,0,0,
10.0,0,0,0,0,
10.0,0,0,0,0,
37.0,0,0,0,0,
47.5,0,0,0,0,
8.75,0,0,0,0,
87.3157894736842,0,0,0,0,
2.0,0,0,0,0,
6.0,0,0,0,0,
2.0,0,0,0,0,
7.0,0,0,0,0,
89.5,0,0,0,0,
1.0,0,0,0,0,
12.0,0,0,0,0,
4.0,0,0,0,0,
6.0,0,0,0,0,
63.0,0,0,0,0,
37.0,0,0,0,0,
1.0,0,0,0,0,
52.0,0,0,0,0,
69.0,0,0,0,0,
33.333333333333336,0,0,0,0,
1.0,0,0,0,0,
1.0,0,0,0,0,
72.75,0,0,0,0,
44.0,0,0,0,0,
46.0,0,0,0,0,
6.615384615384615,0,0,0,0,
1.0,0,0,0,0,
1.0,0,0,0,0,
1.0,0,0,0,0,
36.66666666666666,0,0,0,0,
94.75,0,0,0,0,
4.5,0,0,0,0,
5.0,0,0,0,0,
3.5,0,0,0,0,
6.0,0,0,0,0,
17.0,0,0,0,0,
8.0,0,0,0,0,
94.0,0,0,0,0,
5.666666666666667,0,0,0,0,
9.0,0,0,0,0,
1.7,0,0,0,0,
4.0,0,0,0,0,
1.0,0,0,0,0,
1.0,0,0,0,0,
65.66666666666667,0,0,0,0,
76.0,0,0,0,0,
2.25,0,0,0,0,
2.5,0,0,0,0,
11.0,0,0,0,0,
1.0,0,0,0,0,
6.0,0,0,0,0,
2.333333333333333,0,0,0,0,
1.0,0,0,0,0,
8.0,0,0,0,0,
,0,0,0,0,
10.024741622298778,0,0,0,0,
11.633245382585752,0,0,0,0,
33.41843541540327,0,0,0,0,
27.599362756667453,0,0,0,0,
13.009312320916903,0,0,0,0,
15.460843373493976,0,0,0,0,
24.545045045045047,0,0,0,0,
7.835164835164835,0,0,0,0,
17.798882681564248,0,0,0,0,
21.26793557833089,0,0,0,0,
11.76958525345622,0,0,0,0,
12.14,0,0,0,0,
24.59090909090909,0,0,0,0,
11.880281690140846,0,0,0,0,
12.627705627705629,0,0,0,0,
14.697986577181208,0,0,0,0,
14.977777777777778,0,0,0,0,
5.369565217391305,0,0,0,0,
15.193798449612403,0,0,0,0,
12.507462686567164,0,0,0,0,
12.206521739130435,0,0,0,0,
15.115819209039548,0,0,0,0,
13.076233183856502,0,0,0,0,
7.911764705882353,0,0,0,0,
17.410377358490567,0,0,0,0,
25.55733333333333,0,0,0,0,
15.672727272727272,0,0,0,0,
11.634146341463415,0,0,0,0,
6.929577464788732,0,0,0,0,
9.6,0,0,0,0,
7.333333333333333,0,0,0,0,
9.213333333333331,0,0,0,0,
14.818181818181818,0,0,0,0,
15.69022869022869,0,0,0,0,
12.0,0,0,0,0,
14.706666666666669,0,0,0,0,
15.830065359477125,0,0,0,0,
11.807692307692308,0,0,0,0,
35.916666666666664,0,0,0,0,
15.340425531914894,0,0,0,0,
13.571428571428571,0,0,0,0,
5.0,0,0,0,0,
15.72972972972973,0,0,0,0,
8.0,0,0,0,0,
11.71186440677966,0,0,0,0,
30.39221556886228,0,0,0,0,
5.976190476190476,0,0,0,0,
17.88095238095238,0,0,0,0,
14.357142857142858,0,0,0,0,
17.133333333333333,0,0,0,0,
9.318181818181818,0,0,0,0,
20.13821138211382,0,0,0,0,
20.375,0,0,0,0,
8.894736842105264,0,0,0,0,
5.833333333333333,0,0,0,0,
4.4,0,0,0,0,
7.634146341463414,0,0,0,0,
8.0,0,0,0,0,
15.0,0,0,0,0,
14.6,0,0,0,0,
7.0,0,0,0,0,
25.142857142857142,0,0,0,0,
12.708333333333334,0,0,0,0,
5.666666666666667,0,0,0,0,
8.970588235294118,0,0,0,0,
9.166666666666666,0,0,0,0,
42.0,0,0,0,0,
1.0,0,0,0,0,
11.303448275862069,0,0,0,0,
11.5625,0,0,0,0,
5.428571428571429,0,0,0,0,
3.4285714285714284,0,0,0,0,
4.666666666666666,0,0,0,0,
11.0,0,0,0,0,
1.0,0,0,0,0,
10.038461538461538,0,0,0,0,
24.25,0,0,0,0,
1.0,0,0,0,0,
31.716666666666665,0,0,0,0,
10.483870967741936,0,0,0,0,
19.823529411764707,0,0,0,0,
17.653846153846153,0,0,0,0,
25.466666666666665,0,0,0,0,
7.682926829268292,0,0,0,0,
11.0,0,0,0,0,
25.0,0,0,0,0,
7.647058823529412,0,0,0,0,
1.0,0,0,0,0,
16.0,0,0,0,0,
1.0,0,0,0,0,
17.666666666666668,0,0,0,0,
20.875,0,0,0,0,
6.447368421052632,0,0,0,0,
2.0,0,0,0,0,
10.866666666666667,0,0,0,0,
24.244444444444444,0,0,0,0,
11.538461538461538,0,0,0,0,
9.9375,0,0,0,0,
11.80952380952381,0,0,0,0,
11.558823529411764,0,0,0,0,
19.75,0,0,0,0,
10.0,0,0,0,0,
16.083333333333336,0,0,0,0,
4.5,0,0,0,0,
7.086956521739131,0,0,0,0,
2.0,0,0,0,0,
6.25,0,0,0,0,
7.527272727272727,0,0,0,0,
28.933333333333334,0,0,0,0,
3.0,0,0,0,0,
12.578947368421051,0,0,0,0,
3.75,0,0,0,0,
1.5,0,0,0,0,
3.2,0,0,0,0,
4.5,0,0,0,0,
4.428571428571429,0,0,0,0,
12.133333333333333,0,0,0,0,
7.0,0,0,0,0,
1.0,0,0,0,0,
11.6,0,0,0,0,
3.6666666666666665,0,0,0,0,
10.333333333333334,0,0,0,0,
1.0,0,0,0,0,
12.295454545454543,0,0,0,0,
14.133333333333333,0,0,0,0,
16.04,0,0,0,0,
8.357142857142858,0,0,0,0,
10.5,0,0,0,0,
17.764705882352942,0,0,0,0,
8.625,0,0,0,0,
13.346153846153848,0,0,0,0,
15.014492753623188,0,0,0,0,
4.25,0,0,0,0,
5.0,0,0,0,0,
9.20754716981132,0,0,0,0,
11.5,0,0,0,0,
7.1,0,0,0,0,
10.25373134328358,0,0,0,0,
5.6923076923076925,0,0,0,0,
3.0,0,0,0,0,
6.833333333333333,0,0,0,0,
1.0,0,0,0,0,
3.5,0,0,0,0,
14.75,0,0,0,0,
11.911111111111111,0,0,0,0,
1.0,0,0,0,0,
7.129032258064516,0,0,0,0,
15.443298969072163,0,0,0,0,
1.0,0,0,0,0,
5.777777777777778,0,0,0,0,
6.8,0,0,0,0,
2.0,0,0,0,0,
15.607476635514018,0,0,0,0,
1.3333333333333333,0,0,0,0,
7.461538461538462,0,0,0,0,
47.0,0,0,0,0,
7.450704225352113,0,0,0,0,
1.4285714285714286,0,0,0,0,
4.125,0,0,0,0,
10.846153846153848,0,0,0,0,
7.538461538461538,0,0,0,0,
13.79591836734694,0,0,0,0,
21.183760683760685,0,0,0,0,
8.4,0,0,0,0,
4.947368421052632,0,0,0,0,
17.05217391304348,0,0,0,0,
1.0,0,0,0,0,
6.2,0,0,0,0,
8.333333333333332,0,0,0,0,
,0,0,0,0,
19.79034330824307,0,0,0,0,
26.345989119111007,0,0,0,0,
17.56179775280899,0,0,0,0,
