Event name,Event count,Total users,Event count per active user,Total revenue
scroll_depth,2896,534,5.4333958724202622,0
page_view,2689,1154,2.3754416961130742,0
user_engagement,2050,780,2.7188328912466844,0
session_start,1555,1171,1.3628396143733568,0
first_visit,1026,1022,1.0039138943248533,0
begin_checkout,644,545,16.94736842105263,0
add_to_cart,314,298,8.2631578947368425,0
checkout,70,37,1.8918918918918919,0
csv_sales_funnel,70,37,1.8918918918918919,0
click,32,27,1.1851851851851851,0
view_item_list,28,8,3.5,0
remove_from_cart,24,8,4,0
all_checkout,8,8,1,0
all_sales,8,8,1,0
csv_sales_all,8,8,1,0
ga4_google_calendar_sales_funnel,8,8,1,0
lead_capture_sales_funnel,8,8,1,0
leads_builder_sales,8,8,1,0
vt_mc_sales,8,8,1,0
vtiger_mailchimp_sales_funnel,8,8,1,0
purchase,7,7,1,1494.75
file_download,4,4,1,0
mailto,4,1,4,0
