Page title and screen class,New users,Sessions,Engagement rate,Average engagement time per session,Views,Bounce rate,Events,Purchases
Smackcoders | WordPress Solutions for Growing Businesses,215,320,0.603125,94.835232928125009,379,0.396875,1542,0
WordPress CSV/XML Data Import With Ultimate CSV Importer,104,280,0.69285714285714284,161.04226668571428,336,0.30714285714285716,1326,0
Page Not Found - Smackcoders Inc,90,95,0.063157894736842107,30.859490494736843,96,0.93684210526315792,360,0
Sample CSV & XML Files - WP Ultimate CSV/XML Importer,54,110,0.61818181818181817,283.08978034545453,133,0.38181818181818183,449,0
Smackcoders Black Friday & Cyber Monday Deals 2025,26,87,0.67816091954022983,122.67193327586206,120,0.32183908045977011,442,0
WordPressで外部URLをアイキャッチ画像として追加する方法,22,24,0.5,79.145748916666676,26,0.5,106,0
Smackcoders My Account Portal,18,88,0.63636363636363635,123.33057573863636,197,0.36363636363636365,534,0
How to Install WAMP and XAMPP Locally | Step-by-Step Guide,15,17,0.47058823529411764,74.396562,19,0.52941176470588236,59,0
WP Ultimate CSV Importer Troubleshooting Guide – Easy Fixes,15,37,0.45945945945945948,208.2805287027027,31,0.54054054054054057,113,0
How to Import CSV File in Wordpress? | Ultimate CSV Importer,12,52,0.65384615384615385,249.77825328846154,48,0.34615384615384615,152,0
Importación CSV/XML WordPress con Importador definitivo de CSV,12,23,0.56521739130434778,139.79386339130434,27,0.43478260869565216,118,0
Best WordPress Plugins to Upgrade Your Website,9,63,0.8571428571428571,42.511974142857149,81,0.14285714285714285,280,0
How to Install Ioncube Loaders | Complete Guide,9,10,0.6,257.0306073,10,0.4,42,0
Contact Us - Smackcoders,8,41,0.68292682926829273,95.117096414634133,46,0.31707317073170732,159,0
WP Ultimate CSV Importer Pricing – Choose Your Plan,8,43,0.627906976744186,181.29298581395349,50,0.37209302325581395,126,0
WP-クロンを強化してWebサイトの効率を向上,8,10,0.5,301.04823300000004,10,0.5,50,0
Add External URLs as Featured Images in WordPress,7,9,0.55555555555555558,197.18210066666666,11,0.44444444444444442,43,0
Career & Latest Job Openings | Find Your Dream Job Today,7,21,0.66666666666666663,43.704773428571428,23,0.33333333333333331,104,0
Create Custom Taxonomies with ACF Plugin – Easy Guide,7,8,0.625,281.355886125,9,0.375,38,0
JetEngine Data Import & Export with WP Ultimate CSV Importer,7,10,0.5,69.740010800000007,9,0.5,36,0
Pasos sencillos para instalar WAMP y XAMPP,7,8,0.375,127.7054145,7,0.625,28,0
"View Shopping Cart Items - Smackcoders Products, Plugins and Modules",7,14,0.5714285714285714,12.516976285714289,18,0.42857142857142855,47,0
WordPressでCSVファイルをインポートする方法:詳細ガイド,7,10,0.5,49.614721,12,0.5,45,0
カスタム投稿タイプデータを簡単にインポート＆エクスポート,7,10,0.9,109.82032159999999,18,0.1,84,0
Enable & Configure WP-Cron for Better WordPress Performance,6,7,0.42857142857142855,11.450873142857143,7,0.5714285714285714,22,0
ExcelからWordPressにデータをインポートする方法は?,6,7,0.7142857142857143,279.48583085714284,7,0.2857142857142857,41,0
How to Import WordPress Categories and Tags,6,13,0.69230769230769229,43.022495384615382,14,0.30769230769230771,62,0
How to Import and Export Polylang Multilingual Content,6,6,0.5,192.0632086666667,6,0.5,26,0
Smackcoders Blog | Product Features and Post,6,29,0.7931034482758621,109.86355910344828,32,0.20689655172413793,117,0
WordPressでCSVファイルをインポートする方法は?,6,13,0.53846153846153844,193.81013884615385,10,0.46153846153846156,44,0
高度なカスタムフィールドのエクスポートとインポート方法,6,12,0.58333333333333337,149.89644208333334,12,0.41666666666666669,47,0
ACFプラグインでカスタム分類法ーを解き放つ,5,5,0.4,24.1465012,5,0.6,23,0
About Us | Smackcoders,5,13,0.61538461538461542,129.17976384615383,13,0.38461538461538464,56,0
Boost Sales with WordPress Leads Builder,5,34,0.70588235294117652,56.434068852941181,33,0.29411764705882354,122,0
CSV Importer を使用した高度なカスタムフィールドのインポートの管理,5,7,1,281.68938228571426,10,0,44,0
Create a Multilingual Website with WPML – Ultimate Guide,5,5,0.6,47.239791600000004,5,0.4,31,0
Import & Export Custom Post Types Plugin Data with Ease,5,5,0.4,42.475623,5,0.6,26,0
Import WooCommerce Products Using WP Ultimate CSV Importer,5,10,0.3,21.87771,8,0.7,25,0
Optimize data export with Ultimate Exporter,5,25,0.68,83.41655756,24,0.32,81,0
"Scaling WooCommerce for Growth: Manage Large Catalogs, Orders",5,8,0.5,18.3535935,7,0.5,30,0
WordPressに画像をインポートする方法,5,5,0.8,93.1150266,5,0.2,29,0
方法エクスポート インポート 単一のWordPress投稿,5,5,0,0,5,1,15,0
Enhance Lead Generation with Leads Builder - Boost CRM!,4,13,0.53846153846153844,155.2887229230769,12,0.46153846153846156,44,0
How to Import Advanced Custom Fields (ACF) via CSV/XML,4,10,0.8,164.4576546,8,0.2,29,0
Privacy Policy: We Safeguard Your Information,4,5,0.4,6.0772302000000007,5,0.6,18,0
WAMPとXAMPPをインストールする簡単な手順,4,4,1,57.58963825,4,0,21,0
WPMLで多言語ウェブサイトを作成:究極のガイド,4,6,0.33333333333333331,43.341576333333336,5,0.66666666666666663,25,0
WordPress で ACF を使用してカスタムフィールドを作成する方法,4,7,0.5714285714285714,73.208947999999992,10,0.42857142857142855,50,0
WordPressのカテゴリとタグをインポートするとCSV Importer,4,4,0.75,85.7588465,4,0.25,22,0
WordPressページのインポート方法：ステップバイステップガイド,4,6,0.5,226.61125649999997,5,0.5,26,0
A Guide to WordPress Caching: Speed Up Your Site (2025),3,3,0,0,2,1,9,0
Crocoblock JetEngine Import Export Deals with CSV Importer,3,3,0.66666666666666663,11.689988333333334,6,0.33333333333333331,17,0
Cómo importar csv en WordPress: Una guía detallada,3,6,0.5,235.01723216666667,3,0.5,20,0
How to Export and Import Advanced Custom Fields in WordPress,3,7,0.42857142857142855,131.59899857142858,5,0.5714285714285714,18,0
How to Import CSV file in WordPress – Step-by-Step Guide,3,6,0.33333333333333331,174.44441500000002,6,0.66666666666666663,19,0
How to Import Images into WordPress | Ultimate CSV Importer,3,9,0.66666666666666663,139.4628,9,0.33333333333333331,39,0
How to Import WordPress Pages: Step-by-Step Guide,3,4,0.25,8.16382675,4,0.75,13,0
"How to Import, Update & Schedule WordPress Data Easily",3,14,0.7857142857142857,184.00974828571427,13,0.21428571428571427,42,0
Import Export Gravity Forms Entries with CSV Importer,3,3,1,58.909329333333339,4,0,21,0
LearnPress Data Import via CSV/XML file - Quick & Easy Guide,3,4,0.75,490.035775,4,0.25,20,0
Optimize WordPress Database for Large Sites,3,8,0.625,67.7012105,5,0.375,28,0
Supercharge SEO with RankMath Data Import & Export,3,5,0.6,224.141804,3,0.4,22,0
WP Ultimate CSV Importer - Documentations,3,26,1,54.761519192307688,28,0,89,0
WordPressでカスタム投稿タイプを作成＆インポートする簡単ガイド,3,4,0.5,53.351239,4,0.5,16,0
ha-megamenu-content-69899 - Smackcoders Inc,3,3,0,0,3,1,9,0
究極のCSVインポーターを使用したWordPress CSV / XMLデータのインポート,3,8,1,22.224549125,9,0,34,0
Create & Import Custom Post Types in WordPress – Easy Guide,2,4,0.75,256.284897,5,0.25,25,0
Cómo importar productos de WooCommerce con campos personalizados,2,2,1,198.8227365,2,0,10,0
Effortless WordPress Users Sync: Convert Leads with Ease!,2,4,0.5,26.89888775,4,0.5,16,0
Elementor Import Export via CSV – Templates & Content,2,2,1,107.0548175,2,0,13,0
"Export and Import Single WordPress Page, Post, and Product",2,6,0.83333333333333337,65.450205,5,0.16666666666666666,21,0
Follow Up Emails Plugin Documentation | Automate Emails,2,4,0.75,192.061116,5,0.25,26,0
How to Create a Form in WordPress Without Plugins,2,2,0.5,15.5556105,2,0.5,11,0
How to Export WordPress Users: An Easy Step-by-Step Guide,2,6,0.5,8.0561388333333337,4,0.5,18,0
How to Import Business Directory Listings in WordPress?,2,4,0.5,20.9642265,2,0.5,17,0
How to Import CSV Files in WordPress Without a Plugin,2,2,1,960.7554795,4,0,13,0
How to Import Data from Excel to WordPress (Step-by-Step),2,3,0.33333333333333331,37.056964666666666,3,0.66666666666666663,14,0
How to Import Posts or Products from Excel to WordPress,2,2,0,0,2,1,6,0
How to Import and Export NextGEN Gallery Images,2,5,0.6,23.1713358,4,0.4,17,0
How to Import and Export user members in WordPress,2,3,0.33333333333333331,136.145111,5,0.66666666666666663,24,0
How to Restore WordPress Site from Backup – Easy Guide,2,2,1,24.614668,7,0,18,0
"Import Export Listings from Business Directory, GeoDirectory & More",2,2,0.5,6.896687,2,0.5,9,0
Import to Custom Fields - Guides for WordPress Users,2,2,0,0,2,1,6,0
Importar productos variables en WooCommerce como CSV,2,2,1,548.7296625,2,0,13,0
NextGEN ギャラリー画像のインポートとエクスポート方法,2,3,0.66666666666666663,62.637564,5,0.33333333333333331,20,0
Optimizing WordPress Database for Speed and Stability,2,3,0.66666666666666663,52.349753666666665,2,0.33333333333333331,15,0
Partner with Smackcoders - Product / Services,2,6,0.66666666666666663,341.48901666666666,6,0.33333333333333331,23,0
Pasos sencillos para instalar cargadores Ioncube | Guía completa,2,2,1,113.3822965,2,0,10,0
Polylang Import Translation for WordPress Multilingual Sites,2,2,1,316.212126,2,0,12,0
Smackcoders Support,2,12,0.91666666666666663,76.471012000000016,15,0.083333333333333329,71,0
Smackcoders terms and conditions,2,4,0.75,67.285035749999992,4,0.25,13,0
Smackcoders | 成長中のビジネスのためのWordPressソリューション,2,7,0.7142857142857143,16.471341857142857,13,0.2857142857142857,37,0
Smackcoders利用規約,2,2,0,0,2,1,6,0
Sobre Nosotros | Smackcoders (en inglés),2,2,0,0,2,1,6,0
Taxonomías personalizadas con ACF: Potencia tu sitio web,2,2,0.5,45.0508,2,0.5,10,0
WP All Importの最良の代替: WP Ultimate CSV Importer,2,3,1,108.02332200000001,3,0,12,0
WP Ultimate CSV Importer Pro Features | Your Import Solution,2,26,0.61538461538461542,56.864044153846152,26,0.38461538461538464,88,0
WP Ultimate CSV Importer Pro – Changelog & Updates,2,10,0.7,336.70595419999995,11,0.3,37,0
WPML Multilingual Import & Export with Ultimate CSV Importer,2,2,0,3.372523,2,1,7,0
WordPressでLMSデータのインポートとエクスポートを行う方法,2,2,0.5,9.3593165,2,0.5,8,0
お問い合わせ - Smackcoders,2,2,0,0,2,1,6,0
我々について | Smackcoders,2,2,0,0,2,1,6,0
究極のCSVインポーター FAQで簡素化 - 迅速な回答を得ましょう!,2,2,0,0,2,1,6,0
究極ガイド: WordPressで投稿をエクスポートする方法,2,2,1,35.1764235,2,0,11,0
複数のユーザー役割を持つユーザーをインポート/エクスポートする方法,2,2,0.5,6.13866,2,0.5,7,0
2025年の初心者のためのWordPressのSEOガイド,1,1,0,0,1,1,3,0
AI Integration with Ultimate CSV Importer – ChatGPT & More,1,4,0.5,44.156348,3,0.5,15,0
AI-Generated WordPress Content Import with Gemini & Claude,1,1,1,114.070698,1,0,4,0
Advanced Import Filters with Conditions,1,7,0.7142857142857143,33.730880142857146,4,0.2857142857142857,21,0
Advanced WordPress Import & Export Techniques – Expert Tips,1,4,0.5,156.1738955,3,0.5,17,0
Best Practices to Manage Large WordPress Sites Without Slow Down,1,3,0.33333333333333331,9.7771593333333318,3,0.66666666666666663,12,0
Best WP All Import Alternative: WP Ultimate CSV Importer,1,2,1,107.9854865,2,0,8,0
Caracteristicas de WP Ultimate CSV Importer Pro,1,2,1,3.8285595,2,0,6,0
ChatGPT Integration with CSV Importer: Import Effortlessly,1,1,0,0,1,1,3,0
ChatGPTとCSVインポーターの統合:簡単にインポート,1,1,0,0,1,1,3,0
Checkout - Smackcoders,1,48,0.89583333333333337,122.15230083333331,70,0.10416666666666667,475,0
Complete Guide to Using AI in WordPress- Best Plugins & Tips,1,1,0,6.046189,1,1,4,0
Creador de prospectos de Wordpress para cualquier profesional de CRM Archives - Smackcoders Inc,1,1,0,0,1,1,3,0
Create an Online Store with WordPress – Easy Beginner Guide,1,2,0.5,7.632241,1,0.5,6,0
Custom Field Suite インポートの最適化 - ワークフローの強化,1,1,0,0,1,1,3,0
Cómo exportar importar una sola publicación WordPress,1,1,1,29.711929,1,0,5,0
Cómo migrar datos de WordPress y WooCommerce,1,1,1,19.700751,1,0,8,0
Documentation - Smackcoders Inc,1,15,0.93333333333333335,117.8242696,24,0.066666666666666666,79,0
Ejemplo de CSV y XML de muestra - Ultimate CSV/XML Importer,1,2,0.5,3.0592205000000003,2,0.5,6,0
"Export Import Single WordPress Post, Page, & Product Easily",1,2,0.5,7.950607,1,0.5,9,0
Funciones avanzadas de Polylang para sitios web multilingües,1,1,1,330.197655,1,0,6,0
Gestión de contenido multilingüe con Polylang e importador de CSV,1,1,0,0,1,1,3,0
Guía completa para usar la IA en WordPress,1,1,1,1317.496395,1,0,4,0
Guía de solución de problemas del importador CSV de WP Ultimate CSV,1,1,1,1454.177189,1,0,6,0
How to Add a Free WordPress Contact Form – Easy Guide,1,1,1,82.390534,1,0,7,0
How to Create Custom Fields with ACF in WordPress,1,3,0,2.7000036666666669,3,1,9,0
How to Import & Export ACPT Fields in WordPress?,1,3,0.66666666666666663,20.621882333333335,3,0.33333333333333331,11,0
How to Import Export Elementor Websites as CSV,1,1,1,41.77161,1,0,8,0
How to Import Variable Products in WooCommerce via CSV,1,19,0.57894736842105265,589.35723242105257,12,0.42105263157894735,53,0
How to Import WooCommerce Products with Custom Fields | ACF,1,1,1,45.192115,1,0,6,0
How to Import and Export Listings and Owners in WP Rentals,1,1,1,551.131164,1,0,7,0
How to Scale Your WordPress Site for High Traffic,1,1,0,0,1,1,3,0
"Import & Export Events, Venues & Organizers – The Events Calendar Compatibility",1,3,0.33333333333333331,21.834688333333332,2,0.66666666666666663,10,0
Import & Export Slim SEO Metadata in WordPress,1,2,0.5,203.8356305,2,0.5,9,0
"Import ACF Custom Fields from CSV, XML, or Excel File",1,6,0.66666666666666663,366.56182316666667,5,0.33333333333333331,24,0
Import Events into WordPress with Ultimate CSV Importer,1,2,0.5,211.08713,3,0.5,12,0
Import Serialized Fields Data in WordPress - CSV Importer,1,5,0.8,92.0599314,6,0.2,30,0
Import Variable Products into WooCommerce Using CSV,1,2,1,21.493365,2,0,12,0
Import WPML multilingual content to WordPress,1,7,0.2857142857142857,198.829641,6,0.7142857142857143,31,0
"Import WordPress Posts, Pages & CPTs Easily via CSV/XML",1,5,0.4,37.146901,6,0.6,23,0
Importar categorías y etiquetas de WordPress con CSV Importer,1,1,0,4.196104,1,1,4,0
JetEngine Import/Export with WP Ultimate CSV Importer,1,9,1,267.09872322222225,7,0,30,0
JetEngineデータのインポートとエクスポート| Ultimate CSV Importer,1,1,0,0,1,1,3,0
Los 10 mejores plugins de SEO de WordPress en 2025,1,1,0,0,1,1,3,0
Meta Boxカスタムフィールドクローンで効率を向上,1,1,0,0,1,1,3,0
Meta Boxカスタムフィールドデータインポートエクスポート,1,1,1,43.086223,1,0,6,0
Optimice la exportación de datos con Exportador definitivo,1,2,0.5,13.4925555,2,0.5,5,0
Optimizar clonación campo personalizado de Meta Box,1,2,0.5,6.893484,2,0.5,9,0
Organize Media Easily with AIO WP Media Library Manager,1,2,0.5,21.8495235,2,0.5,12,0
Política de privacidad: Protegemos su información,1,1,0,0,1,1,3,0
RankMath Data Import & ExportでSEOを強化,1,1,1,17.861086,1,0,4,0
Reliable WordPress Backup & Restore Strategy,1,1,1,39.979609,1,0,6,0
"SEO Meta Data Import from CSV, XML or Excel to WordPress",1,3,1,1166.296548,4,0,19,0
Safely Update Outdated WordPress Plugins & Clean Site Data,1,2,0.5,46.99109,2,0.5,8,0
Smackcodersブログ|製品の機能と投稿,1,2,0.5,0.702682,1,0.5,4,0
Smackcodersマイアカウントポータル,1,1,0,0,1,1,3,0
Top 10 WooCommerce Maintenance Tasks - 2025 Expert Guide,1,1,0,0,0,1,3,0
Ultimate CSV Importer 8.5 – Data Export with WP Query & more,1,1,1,775.924828,1,0,7,0
Ultimate CSV Importer Modulesでインポートする方法,1,1,0,0,1,1,3,0
Ultimate CSV Importer Pro v8.2 - Excel Import Export & More,1,1,1,36.593107,1,0,4,0
Ultimate CSV Importer による AI統合 – ChatGPT など,1,1,0,0,1,1,3,0
Ultimate CSV Importerによる多言語コンテンツ管理,1,1,0,0,1,1,3,0
Ultimate Exporterでデータエクスポートを最適化,1,1,1,1690.646572,1,0,5,0
Una guía paso a paso para importar páginas de WordPress,1,2,1,86.951084,2,0,12,0
Unlock the Power of Free WP Plugin - Community Version Bliss,1,3,1,26.570553333333333,3,0,18,0
User Role Management - Getting Started,1,3,0.66666666666666663,10.006999333333333,3,0.33333333333333331,11,0
WP Rentalsで不動産と所有者をインポート/エクスポート,1,1,0,0,1,1,3,0
WP Ultimate CSV Importer FAQ – Quick Help & Answers,1,4,0.75,152.0856405,3,0.25,15,0
WPML Language Localization: Master Multilingual WordPress,1,2,0.5,124.084313,3,0.5,13,0
WooCommerce Tutorials – Master Online Store Management,1,1,0,0,1,1,3,0
WooCommerce to Shopify Integration Archives - Smackcoders Inc,1,7,0.8571428571428571,33.525375857142855,7,0.14285714285714285,24,0
WooCommerce to Shopify Integration – Authentication Setup,1,5,1,617.8961584,7,0,30,0
WooCommerce to Shopify Integration – Real-Time Sync,1,13,0.84615384615384615,151.40824492307692,13,0.15384615384615385,44,0
WooCommerceでバリアブル商品のインポート方法,1,1,1,935.682432,2,0,6,0
WooCommerceの注文をインポートする方法は?,1,1,1,10.197786,1,0,4,0
WooCommerceの顧客のインポートとエクスポート,1,2,1,50.452847,2,0,13,0
WooCommerceインベントリマネージャー-簡単な在庫管理,1,1,1,14.839413,1,0,7,0
WordPress Archives - Smackcoders Inc,1,1,0,0,1,1,3,0
WordPress Guide – Essential Tips & Tutorials,1,1,0,0,1,1,3,0
WordPressでAI を使用する方法 | 完全ガイド,1,1,0,0,1,1,3,0
WordPressにJetReviewデータをインポートする方法,1,1,0,0,1,1,3,0
WordPressユーザーのインポートとエクスポート方法を解説,1,1,0,1.25815,1,1,4,0
WordPressユーザーのエクスポート方法：簡単ステップガイド,1,1,1,14.94457,1,0,5,0
¿Cómo migrar Shopify a WooCommerce? Guía fácil y rápida,1,1,1,28.046307,1,0,4,0
インポート/エクスポートユーザーメンバー - Ultimate Members,1,1,1,19.824468,1,0,7,0
ショッピングカートのアイテムを表示 - Smackcodersの製品、プラグイン、モジュール,1,1,0,0,1,1,3,0
プラグインなしでCSVをインポートする方法,1,7,0.8571428571428571,102.60627685714287,17,0.14285714285714285,47,0
ワードプレス Archives - Smackcoders Inc,1,1,0,0,1,1,3,0
ワードプレス製品 - Smackcoders Inc,1,1,0,5.016247,1,1,5,0
条件付きの高度なインポートフィルター,1,1,0,0,1,1,3,0
,0,0,0,0,0,0,543,717.6
(not set),0,0,0,0,0,0,446,777.15000000000009
A Complete WordPress Security Checklist Guide,0,2,1,543.7207865,4,0,14,0
Aumente sus clientes potenciales con WordPress Leads Builder,0,1,1,95.211413,1,0,2,0
Automate WooCommerce Emails with WP Follow Up Emails,0,1,1,105.788104,2,0,12,0
Blog de Smackcoders | Características del producto y publicación,0,1,1,15.709986,1,0,2,0
CSV 和 XML 文件示例 - WP Ultimate CSV/XML 导入器,0,4,0.5,9.846275,0,0.5,9,0
CSV/XMLでWordPress投稿のインポート、ページ＆CPTも簡単に,0,1,1,444.491846,1,0,5,0
Cara Menginstal WAMP dan XAMPP Secara Lokal | Panduan Langkah demi Langkah,0,1,1,615.305517,0,0,1,0
"Como importar, atualizar e agendar dados do WordPress facilmente",0,1,1,9.516774,0,0,1,0
Como instalar o WAMP e o XAMPP localmente | Guia passo a passo,0,3,1,321.539187,0,0,6,0
Contáctanos - Smackcoders,0,2,0.5,23.7675385,2,0.5,7,0
Conviértete en socio – Producto / Servicios,0,1,1,44.096787,1,0,5,0
Crear tipos de entrada personalizados en WordPress,0,1,1,1010.211283,3,0,9,0
Cách cài đặt Ioncube Loaders | Hướng dẫn đầy đủ,0,1,0,0,0,1,2,0
Cómo importar productos variables en WooCommerce mediante CSV,0,1,1,0,0,0,2,0
Daha İyi WordPress Performansı için WP-Cron'u Etkinleştirin ve Yapılandırın,0,2,1,414.4581235,0,0,4,0
Easy Inventory & Stock Manager for WooCommerce Plugin,0,1,1,7.618052,1,0,5,0
Easy Inventory and Stock Manager Archives - Smackcoders Inc,0,2,1,6.7590675,2,0,9,0
Elevate CRM with Ecommerce Integration: Boost Leads Builder!,0,9,0.66666666666666663,59.801086000000005,9,0.33333333333333331,39,0
Exemplos de arquivos CSV e XML - WP Ultimate CSV/XML Importer,0,1,1,618.146302,0,0,1,0
Explore Leads Builder FAQ and Video Tutorials,0,1,1,10.861255,1,0,6,0
Exportar e importar campos personalizados avanzados,0,1,1,105.504993,6,0,17,0
Filtros de importación avanzados con condiciones,0,1,0,0,0,1,1,0
Guia de Solução de Problemas do WP Ultimate CSV Importer – Correções Fáceis,0,1,1,77.059848,0,0,5,0
How to Export WordPress Data Using WP Query,0,4,0.5,271.59486375,4,0.5,16,0
How to Import CSV - Smackcoders Inc,0,1,1,14.74028,1,0,5,0
How to Import Export Users with Multiple User Roles,0,2,0.5,156.317717,2,0.5,11,0
How to Import WooCommerce Orders? A Step-by-Step Guide,0,1,1,87.925861,1,0,4,0
How to Import and Export WordPress Users Easily,0,1,0,8.796859,1,1,4,0
How to Migrate WordPress & WooCommerce Site Data,0,3,0.66666666666666663,39.182169,3,0.33333333333333331,13,0
How to Reduce Page Load Time on High-Content Sites,0,2,1,365.2566125,2,0,6,0
Import CSV to WordPress - Best Tips and How-To Guides,0,1,1,1.85272,1,0,2,0
Import MetaBox Fields with WP Ultimate CSV Importer,0,4,1,268.3736385,2,0,12,0
"Import WooCommerce Products, Orders, & more from CSV, or XML",0,5,1,869.656565,4,0,18,0
Importación avanzada de campos personalizados con CSV Importer,0,1,1,41.457683,2,0,6,0
Importación de Toolset Types para mayor eficiencia,0,1,1,114.902145,2,0,6,0
Importación de datos de LearnPress | Guía fácil y rápida,0,1,1,945.575341,1,0,5,0
Importar campos personalizados ACF desde CSV y XML,0,1,1,182.445915,1,0,5,0
Importar productos de WooCommerce con el plugin CSV Importer,0,2,0.5,10.527718499999999,2,0.5,8,0
Importazione di dati CSV/XML di WordPress con Ultimate CSV Importer,0,1,1,91.657739,0,0,1,0
Importação de Dados CSV/XML do WordPress com Ultimate CSV Importer,0,2,0.5,16.6246665,0,0.5,5,0
Ioncube Yükleyicileri Nasıl Kurulur | Tam Kılavuz,0,1,1,127.193919,0,0,3,0
Launch Your WordPress Site in 12 Steps,0,1,1,54.496547,1,0,4,0
Monthly WordPress Maintenance Checklist,0,1,1,43.747235,1,0,5,0
Optimiza la exportación de datos con Ultimate Exporter,0,1,1,52.483686,0,0,1,0
Pago - Smackcoders,0,2,1,125.1904485,3,0,9,0
Plugins inteligentes para WordPress | Mejore su sitio web,0,2,1,26.279058,3,0,19,0
Polylang Import Translations – Manage Multilingual Content Easily,0,1,1,1217.729534,1,0,9,0
Riswana says Do you need any help with Ultimate CSV Importer Plugin?,0,1,0,0,0,1,2,0
Riswana says Do you need any help?,0,1,1,848.323584,0,0,1,0
Riswana says Hello Marcel,0,1,1,39.698623,0,0,1,0
"Riswana says Hey, do you have any issues with Checkout?",0,1,0,0,0,1,2,0
Riswana says Okay. Please wait,0,1,1,221.414677,0,0,1,0
SEO Import Made Easy with WP Ultimate CSV Importer,0,1,1,2.619445,1,0,2,0
Smackcoders Refund Policy,0,3,1,18.773163,3,0,7,0
Smackcoders | Soluciones WordPress para Crecer tu Negocio,0,6,1,179.34799083333334,12,0,37,0
Smackcoders | Solutions WordPress pour les entreprises en pleine croissance,0,1,1,55.816954,0,0,2,0
Smackcoders マイアカウントポータル,0,1,1,10.364726,0,0,1,0
Soporte de Smackcoders,0,1,1,8.501236,1,0,5,0
Toolset Types Import from CSV or XML | Ultimate CSV Importer,0,2,1,1349.3161745,2,0,10,0
Top 10 WooCommerce Affiliate Plugins for 2025 – Best Picks,0,3,1,142.76045633333334,5,0,19,0
Top 4 Best WordPress Popup Builders,0,1,1,1.949433,1,0,3,0
"Ultimate CSV Importer 8.6 – WP Rentals, Serialized & More",0,1,1,33.894861,2,0,8,0
Ultimate CSV Importer による WordPress CSV/XML データのインポート,0,1,1,13.507029,0,0,1,0
Unleash Potential: Ultimate Exporter- Enhance Your Exports,0,6,0.66666666666666663,409.0667405,4,0.33333333333333331,17,0
User Role Management Archives - Smackcoders Inc,0,2,1,5.920169,2,0,4,0
"Ver Artículos del Carrito de la Compra - Productos, Plugins y Módulos de Smackcoders",0,1,1,5.619072,1,0,4,0
WP Follow Up Email Archives - Smackcoders Inc,0,3,1,5.9191706666666661,3,0,11,0
WP Ultimate CSV Importer - Documentación,0,1,1,8.634331,1,0,2,0
WP Ultimate CSV Importer - ドキュメント,0,1,1,5.340946,1,0,2,0
WP Ultimate CSV Importerで簡単にできるSEOインポート,0,1,0,5.951012,1,1,3,0
WP Ultimate CSV Importerの価格 – プランを選択してください,0,1,1,58.203858,0,0,1,0
WP Ultimate CSV インポーター - ドキュメント,0,1,1,11.595306,0,0,4,0
WP Ultimate CSV 导入器故障排除指南 – 轻松修复,0,1,0,0,0,1,2,0
WP Ultimate CSV-Importer – Preise – Wählen Sie Ihren Tarif,0,1,1,17.079202,0,0,1,0
WP Ultimate Exporter Archives - Smackcoders Inc,0,7,0.8571428571428571,7.944692142857142,6,0.14285714285714285,22,0
WP-Cron inschakelen en configureren voor betere WordPress-prestaties,0,1,0,0,0,1,2,0
WordPress CSV/XML-Datenimport mit Ultimate CSV Importer,0,1,1,3.054172,0,0,1,0
WordPress Smart Plugins | Enhance Your Website,0,1,1,10.986377,0,0,1,0
WordPressでシリアル化されたフィールドのインポートする,0,1,1,22.702068,1,0,5,0
WordPressとWooCommerceのデータを移行する方法,0,3,0.66666666666666663,31.418120666666667,2,0.33333333333333331,11,0
WordPressに画像をインポートする方法 | Ultimate CSV Importer,0,2,0.5,21.033213,0,0.5,5,0
WordPressのスマートプラグイン |あなたのウェブサイトを強化する,0,1,1,18.652611,4,0,16,0
Wordpress Leads Builder For Any CRM Pro Archives - Smackcoders Inc,0,6,1,58.218378166666668,6,0,23,0
black friday - Smackcoders Inc,0,1,1,3.210359,1,0,4,0
export wordpress to a new server - Smackcoders Inc,0,1,1,58.932123,1,0,5,0
​WooCommerceの注文をGoogleスプレッドシートにエクスポートする,0,1,0,4.302447,1,1,4,0
あなたにぴったりの製品パッケージを選択してください:価格設定,0,1,1,10.560814,1,0,2,0
カスタムフィールドを使用したWooCommerce製品のインポート,0,1,1,110.993063,1,0,5,0
サンプルCSV&XMLファイル - WP Ultimate CSV/XML Importer,0,1,0,0,1,1,2,0
サンプルCSVおよびXMLファイル - WP Ultimate CSV/XMLインポーター,0,1,1,112.494281,0,0,2,0
使用 Ultimate CSV Importer 导入 WordPress CSV/XML 数据,0,2,1,27.6406685,0,0,7,0
如何导入和导出 NextGEN Gallery 图片,0,1,1,213.692021,0,0,4,0
