landingPage,activeUsers,newUsers,totalRevenue,bounceRate,averageSessionDuration,sessions
/,251,215,0,0.39784946236559138,235.15201458064519,279
/wp-ultimate-csv-importer-pro.html,136,104,0,0.34177215189873417,326.23652517088607,158
(not set),114,5,777.15000000000009,0.93181818181818177,11.735145931818183,132
/404.html,91,90,0,0.967032967032967,3.3350813406593409,91
/blog/wordpress-ultimate-csv-importer-csv-sample-files-and-updates.html,65,54,0,0.40277777777777779,381.87169643055552,72
/deals.html,40,26,0,0.5625,212.0971342291667,48
,35,3,717.6,0.92982456140350878,9.5173211228070169,57
/my-account.html,31,16,0,0.48648648648648651,200.60838381081084,37
/ja/blog/add-external-urls-to-featured-images-wordpress.html,22,22,0,0.47826086956521741,82.586868434782616,23
/documentation/wp-ultimate-csv-importer-pro/how-to-import-csv,20,12,0,0.54545454545454541,385.07022790909087,22
/documentation/wp-ultimate-csv-importer-pro/troubleshooting-guide,20,15,0,0.44,259.45960352000003,25
/blog/how-to-install-wamp-and-xampp.html,15,15,0,0.52941176470588236,168.2033418235294,17
/wordpress.html,15,9,0,0.26666666666666666,125.388441,15
/wp-ultimate-csv-importer-pro/pricing.html,13,8,0,0.6470588235294118,147.06210982352943,17
/es/wp-ultimate-csv-importer-pro.html,12,12,0,0.625,182.1840865,16
/contact-us.html,11,8,0,0.52941176470588236,289.103826,17
/blog/how-to-install-ioncube-loaders-simple-steps-for-various-hosting-types.html,10,9,0,0.4,269.7499992,10
/ja/blog/enable-configure-wp-cron.html,10,8,0,0.5,301.048233,10
/documentation/wp-ultimate-csv-importer-pro/import-wordpress-categories-and-tags,9,6,0,0.33333333333333331,54.541564555555553,9
/ja/blog/import-export-custom-post-types-plugin-data.html,9,7,0,0.1111111111111111,283.30001688888888,9
/careers.html,8,7,0,0.75,27.607968,8
/documentation/wp-ultimate-csv-importer-pro,8,3,0,0,485.6551174,10
/documentation/wp-ultimate-csv-importer-pro/jet-engine-data-import,8,7,0,0.375,104.0911185,8
/ja/blog/export-import-advanced-custom-fields-csv-wordpress.html,8,6,0,0.25,118.1024475,8
/ja/blog/how-to-import-csv-file-in-wordpress.html,8,7,0,0.5,103.248336,10
/about-us.html,7,5,0,0.7142857142857143,24.246359714285713,7
/blog/add-external-urls-to-featured-images-wordpress.html,7,7,0,0.375,221.82986325,8
/blog/create-custom-taxonomies-with-acf.html,7,7,0,0.375,281.35588612500004,8
/cart.html,7,7,0,0.8571428571428571,3.6670971428571426,7
/es/blog/como-instalar-wamp-y-xampp.html,7,7,0,0.5714285714285714,145.94904514285716,7
/ja/documentation/wp-ultimate-csv-importer/how-to-import-csv,7,6,0,0.5,284.56413025,8
/wp-leads-builder-any-crm-pro.html,7,5,0,0.5,183.2053132142857,14
/blog.html,6,4,0,0.375,334.744467125,8
/blog/enable-configure-wp-cron.html,6,6,0,0.5714285714285714,129.86747985714285,7
/documentation/wordpress-leads-builder-for-any-crm-pro/lead-builder-for-any-crm,6,4,0,0.83333333333333337,89.1067475,6
/documentation/wp-ultimate-csv-importer-pro/polylang-multilingual-content-import-export,6,6,0,0.5,260.38204650000006,6
/ja/documentation/wp-ultimate-csv-importer/import-data-from-excel-to-wordpress,6,6,0,0.16666666666666666,326.06680266666666,6
/blog/create-a-multilingual-website-with-wpml.html,5,5,0,0.4,47.239791600000004,5
/blog/import-export-custom-post-types-plugin-data.html,5,5,0,0.6,170.20558599999998,5
/documentation/wp-ultimate-csv-importer-pro/acf-import,5,4,0,0.2,347.42928440000003,5
/documentation/wp-ultimate-csv-importer-pro/how-to-import-variable-products-in-woocommerce,5,1,0,0.25,1601.156446125,8
/documentation/wp-ultimate-csv-importer-pro/import-images-into-wordpress,5,3,0,0.4,249.64310519999998,5
/documentation/wp-ultimate-csv-importer-pro/woocommerces,5,5,0,1,0,5
/ja/blog/create-custom-taxonomies-with-acf.html,5,5,0,0.6,24.1465012,5
/ja/blog/export-import-single-wordpress-post-page-product.html,5,5,0,1,0,5
/ja/documentation/wp-ultimate-csv-importer/acf-import,5,5,0,0,392.18441040000005,5
/ja/documentation/wp-ultimate-csv-importer/import-images-into-wordpress,5,5,0,0.2,93.1150266,5
/wp-ultimate-exporter.html,5,4,0,0.4,880.6666748,5
/blog/scaling-woocommerce-manage-products-orders.html,4,4,0,0.75,7.4217275,4
/documentation/wp-ultimate-csv-importer-pro/how-to-import-schedule-or-update,4,3,0,0.2,65.105221,5
/documentation/wp-ultimate-csv-importer-pro/learnpress-data-import,4,3,0,0.25,726.42961025,4
/ja/blog/blog-create-and-import-custom-post-types-in-wordpress.html,4,3,0,0.5,53.351239,4
/ja/blog/create-a-multilingual-website-with-wpml.html,4,4,0,0.5,65.0123645,4
/ja/blog/create-custom-fields-with-acf-in-wordpress.html,4,4,0,0.2,102.312476,5
/ja/blog/how-to-import-page-to-wordpress.html,4,4,0,0.25,339.91688474999995,4
/ja/blog/how-to-install-wamp-and-xampp.html,4,4,0,0,57.58963825,4
/ja/documentation/wp-ultimate-csv-importer/import-wordpress-categories-and-tags,4,4,0,0.25,85.7588465,4
/ja/wp-ultimate-csv-importer-pro.html,4,3,0,0,265.364272,4
/privacy-policy.html,4,4,0,0.75,3.616444,4
/wp-ultimate-csv-importer-pro/features.html,4,2,0,0.8571428571428571,111.97720442857143,7
/blog/create-and-import-custom-post-types-in-wordpress.html,3,2,0,0,408.96739966666672,3
/blog/how-to-export-wordpress-users.html,3,2,0,0.5,7.8992,4
/blog/how-to-import-csv-file-in-wordpress.html,3,3,0,0.66666666666666663,174.44441500000002,6
/blog/how-to-import-page-to-wordpress.html,3,3,0,0.75,8.16382675,4
/blog/import-export-gravity-forms-entries.html,3,3,0,0,69.280627,3
/crocoblock-deals.html,3,3,0,0.33333333333333331,670.98631833333332,3
/documentation/wp-ultimate-csv-importer-pro/advanced-import-filters,3,1,0,0,73.007024333333334,3
/documentation/wp-ultimate-csv-importer-pro/rankmath-data-import-and-export,3,3,0,0,373.56967333333336,3
/es/blog/como-importar-archivos-csv-a-wordpress-de-manera-eficiente.html,3,3,0,0.33333333333333331,408.07976633333334,3
/ha-nav-content/ha-megamenu-content-69899,3,3,0,1,0,3
/ja/blog/how-to-import-csv-file-in-wordpress-without-plugin.html,3,1,0,0,128.40056140000002,5
/ja/documentation/wp-ultimate-csv-importer/import-and-export-nextgen-gallery-images,3,2,0,0.33333333333333331,62.637564,3
/manage-large-wordpress-sites-without-slowing-down.html,3,1,0,0.66666666666666663,294.599627,3
/partnership.html,3,2,0,0.66666666666666663,113.834719,3
/support.html,3,2,0,0.33333333333333331,93.075737,3
/blog/a-guide-to-wordpress-caching.html,2,2,0,1,0,2
/blog/best-woocommerce-affiliate-plugins.html,2,0,0,0,163.180612,3
/blog/create-a-form-in-wordpress-without-plugins.html,2,2,0,0.5,15.5556105,2
/blog/export-import-advanced-custom-fields-csv-wordpress.html,2,2,0,1,3.037276,2
/blog/how-to-import-csv-file-in-wordpress-without-plugin.html,2,2,0,0,960.7554795,2
/blog/how-to-restore-wordpress-site-from-backup.html,2,2,0,0,24.614668,2
/blog/import-export-listings-business-directory-plugins.html,2,2,0,0.5,6.896687,2
/blog/import-posts-or-products-from-excel-to-wordpress.html,2,2,0,1,0,2
/blog/optimize-wordpress-database-for-large-sites.html,2,2,0,0.5,200.147769,2
/blog/polylang-import-translation-guide.html,2,2,0,0,387.7856635,2
/documentation.html,2,1,0,0.5,842.581583,2
/documentation/follow-up-email/follow-up-emails-plugin,2,2,0,0.5,683.1916775,2
/documentation/woocommerce-to-shopify-integration/woocommerce-to-shopify-integration-authentication-setup,2,1,0,0,1626.9241425,2
/documentation/woocommerce-to-shopify-integration/woocommerce-to-shopify-integration-plugin,2,1,0,0,28.5960365,2
/documentation/wordpress-leads-builder-for-any-crm-pro/wp-users-syncs,2,2,0,1,0,2
/documentation/wp-ultimate-csv-importer-pro/import-and-export-nextgen-gallery-images,2,2,0,0.33333333333333331,100.147535,3
/documentation/wp-ultimate-csv-importer-pro/import-business-directory-listings-in-wordpress,2,2,0,0,41.928453,2
/documentation/wp-ultimate-csv-importer-pro/import-data-from-excel-to-wordpress,2,2,0,0.66666666666666663,37.056964666666666,3
/documentation/wp-ultimate-csv-importer-pro/import-export-user-members,2,2,0,0.5,660.1066335,2
/documentation/wp-ultimate-csv-importer-pro/import-serialized-fields-data,2,1,0,0.33333333333333331,129.99649933333333,3
/documentation/wp-ultimate-csv-importer-pro/post-page-custompost-import,2,1,0,1,0,2
/documentation/wp-ultimate-csv-importer-pro/what-is-elementor-import-export,2,2,0,0,107.0548175,2
/documentation/wp-ultimate-csv-importer-pro/wordpress-export-import-single-page,2,2,0,0,833.0195365,2
/documentation/wp-ultimate-csv-importer-pro/wpml-multilingual-import,2,2,0,1,3.372523,2
/es/blog/como-instalar-cargadores-ioncube-para-varios-tipos-de-alojamiento.html,2,2,0,0,113.3822965,2
/es/blog/creacion-de-taxonomias-personalizadas-con-el-complemento-acf-una-guia-paso-a-paso.html,2,2,0,0.5,45.0508,2
/es/blog/ejemplos-de-archivos-csv-y-xml-para-la-importacion-de-prueba-wp-ultimate-csv-xml-importer.html,2,1,0,0.5,191.531523,2
/es/blog/importar-productos-de-woocommerce-con-campos-personalizados.html,2,2,0,0,1298.298595,2
/es/blog/importar-productos-variables-a-woocommerce-usando-ultimate-csv-importer.html,2,2,0,0,548.7296625,2
/es/documentation/wp-ultimate-csv-importer-pro/campo-personalizado-de-meta-box-clonable,2,1,0,0.5,6.893484,2
/es/sobre-nosotros.html,2,2,0,1,0,2
/import-to-custom-fields.html,2,2,0,1,0,2
/ja,2,2,0,1,0,2
/ja/about-us.html,2,2,0,1,0,2
/ja/blog/import-and-export-woocommerce-customers.html,2,1,0,0,86.988688,2
/ja/contact-us.html,2,2,0,1,0,2
/ja/documentation/wp-ultimate-csv-importer/import-and-export-lms-data,2,2,0,0.5,9.3593165,2
/ja/documentation/wp-ultimate-csv-importer/import-export-users-with-multiple-user-roles,2,2,0,0.5,6.13866,2
/ja/documentation/wp-ultimate-csv-importer/importer-faq,2,2,0,1,0,2
/ja/documentation/wp-ultimate-exporter/wordpress-exporter-guide,2,2,0,0,35.1764235,2
/ja/terms-and-conditions.html,2,2,0,1,0,2
/ja/wp-all-import-alternative.html,2,2,0,0,36.26106,2
/terms-and-conditions.html,2,2,0,0.5,6.6505275,2
/wp-ultimate-csv-importer-pro/changelog.html,2,2,0,0.5,620.1826685,2
/wp-ultimate-csv-importer-pro/import-acf-custom-fields-from-csv.html,2,1,0,0.5,572.06978,2
/wp-ultimate-csv-importer-pro/import-wpml-multilingual-content.html,2,1,0,0.66666666666666663,74.107471333333336,3
/wp-ultimate-csv-importer-pro/jetengine-cct-import.html,2,1,0,0,278.2339865,2
/aio-wp-media-library-manager.html,1,1,0,1,4.464498,1
/blog.html/2,1,1,0,1,4.934915,1
/blog/advanced-techniques-for-wordpress-import-and-export.html,1,1,0,0,64.144331,1
/blog/ai-generated-wordpress-content-import.html,1,1,0,0,114.070698,1
/blog/ai-in-wordpress.html,1,1,0,1,6.046189,1
/blog/create-an-online-store-with-wordpress.html,1,1,0,0,15.264482,1
/blog/create-custom-fields-with-acf-in-wordpress.html,1,1,0,1,2.7000036666666669,3
/blog/export-import-single-wordpress-post-page-product.html,1,1,0,0,15.901214,1
/blog/how-to-add-a-free-wordpress-contact-form.html,1,1,0,0,82.390534,1
/blog/import-export-elementor-as-csv.html,1,1,0,0,41.77161,1
/blog/import-variable-products-into-woocommerce.html,1,1,0,0,68.683277,1
/blog/import-woocommerce-products-with-custom-fields.html,1,1,0,0,56.369725,1
/blog/mastering-wpml-language-localization.html,1,1,0,0.5,124.084313,2
/blog/scale-wordpress-for-high-traffic.html,1,1,0,1,0,1
/blog/ultimate-csv-importer-pro-v8-2.html,1,1,0,0,109.182343,1
/blog/update-outdated-wordpress-plugins-data.html,1,1,0,1,0,1
/blog/wordpress-backup-restore-strategy.html,1,1,0,0,39.979609,1
/blog/wordpress-database-optimization.html,1,1,0,0,115.087107,1
/blog/wordpress-popup-builders.html,1,0,0,0,788.720962,1
/blog/wordpress-security-checklist.html,1,0,0,0,300.143719,1
/blog/wp-query-ultimate-csv-importer-pro.html,1,1,0,0,807.273015,1
/checkout.html,1,0,0,0,1150.64527,2
/checkout.html/order-received/334774587,1,1,0,0,0.005106,1
/documentation/user-role-management/getting-started,1,1,0,1,0,1
/documentation/woocommerce-to-shopify-integration,1,1,0,1,0,1
/documentation/wordpress,1,1,0,1,0,1
/documentation/wordpress-leads-builder-for-any-crm-pro/community-version,1,1,0,0,16.111184,1
/documentation/wordpress-leads-builder-for-any-crm-pro/e-commerce-integration,1,0,0,0.5,363.452374,2
/documentation/wp-ultimate-csv-importer-pro/ai-integration,1,1,0,1,0,1
/documentation/wp-ultimate-csv-importer-pro/chatgpt-integration,1,1,0,1,0,1
/documentation/wp-ultimate-csv-importer-pro/export-wordpress-data-using-wp-query,1,0,0,0,977.657872,1
/documentation/wp-ultimate-csv-importer-pro/import-and-export-listings-and-owners-in-wp-rentals,1,1,0,0,551.131164,1
/documentation/wp-ultimate-csv-importer-pro/import-and-export-wordpress-users,1,0,0,1,8.796859,1
/documentation/wp-ultimate-csv-importer-pro/import-events-into-wordpress,1,1,0,1,0,1
/documentation/wp-ultimate-csv-importer-pro/import-export-acpt-fields-in-wordpress,1,1,0,1,0,1
/documentation/wp-ultimate-csv-importer-pro/importer-faq,1,1,0,0,87.802636,1
/documentation/wp-ultimate-csv-importer-pro/migrate-wordpress-and-woocommerce-data,1,0,0,0,105.064473,1
/documentation/wp-ultimate-csv-importer-pro/slim-seo-metadata-import-export,1,1,0,1,5.278864,1
/documentation/wp-ultimate-csv-importer-pro/the-events-calendar-import-export,1,1,0,1,8.762823,1
/documentation/wp-ultimate-exporter/wordpress-exporter-guide,1,0,0,0,1442.800311,1
/es/blog/como-crear-e-importar-tipos-de-publicaciones-personalizadas-en-wordpress.html,1,0,0,0,1182.482713,1
/es/blog/como-exportar-e-importar-campos-personalizados-avanzados.html,1,0,0,0,105.504993,1
/es/blog/exportar-importar-una-sola-publicacion.html,1,1,0,0,29.711929,1
/es/blog/funciones-avanzadas-de-polylang-para-sitios-web-multilingues.html,1,1,0,0,330.197655,1
/es/blog/ia-en-wordpress.html,1,1,0,0,1317.496395,1
/es/blog/importar-paginas-a-wordpress-una-guia-util.html,1,1,0,0,86.951084,2
/es/blog/migrar-shopify-a-woocommerce.html,1,1,0,0,28.046307,1
/es/blog/plugins-seo-de-wordpress.html,1,1,0,1,0,1
/es/documentation/creador-de-prospectos-de-wordpress-para-cualquier-profesional-de-crm,1,1,0,1,0,1
/es/documentation/wp-ultimate-csv-importer-pro/guia-de-solucion-de-problemas,1,1,0,0,1454.177189,1
/es/documentation/wp-ultimate-csv-importer-pro/importador-de-polylang-y-csv-importar-exportar-contenido-multilingue,1,1,0,1,0,1
/es/documentation/wp-ultimate-csv-importer-pro/importar-categorias-y-etiquetas-de-wordpress,1,1,0,1,4.196104,1
/es/documentation/wp-ultimate-csv-importer-pro/migrar-datos-de-wordpress-y-woocommerce,1,1,0,0,19.700751,1
/es/politica-de-privacidad.html,1,1,0,1,0,1
/es/wp-exportador-definitivo.html,1,1,0,1,0,1
/es/wp-ultimate-csv-importer-pro/caracteristicas.html,1,1,0,0,1152.226852,1
/es/wp-ultimate-csv-importer-pro/importar-productos-de-woocommerce.html,1,0,0,1,7.9894,1
/ja/blog.html,1,1,0,1,0,1
/ja/blog/ai-in-wordpress.html,1,1,0,1,0,1
/ja/blog/export-woocommerce-orders-to-google-sheets.html,1,0,0,1,4.302447,1
/ja/blog/how-to-export-wordpress-users.html,1,1,0,0,14.94457,1
/ja/blog/import-woocommerce-products-with-custom-fields.html,1,0,0,0,110.993063,1
/ja/blog/wordpress-seo-guide.html,1,1,0,1,0,1
/ja/cart.html,1,1,0,1,0,1
/ja/documentation/wordpress,1,1,0,1,0,1
/ja/documentation/wp-ultimate-csv-importer/advanced-import-filters,1,1,0,1,0,1
/ja/documentation/wp-ultimate-csv-importer/ai-integration,1,1,0,1,0,1
/ja/documentation/wp-ultimate-csv-importer/chatgpt-integration,1,1,0,1,0,1
/ja/documentation/wp-ultimate-csv-importer/custom-field-suite-import,1,1,0,1,0,1
/ja/documentation/wp-ultimate-csv-importer/how-to-import-schedule-or-update,1,1,0,1,0,1
/ja/documentation/wp-ultimate-csv-importer/how-to-import-variable-products-in-woocommerce,1,1,0,0,935.682432,1
/ja/documentation/wp-ultimate-csv-importer/how-to-import-woocommerce-orders,1,1,0,0,10.197786,1
/ja/documentation/wp-ultimate-csv-importer/import-and-export-listings-and-owners-in-wp-rentals,1,1,0,1,0,1
/ja/documentation/wp-ultimate-csv-importer/import-and-export-wordpress-users,1,1,0,1,1.25815,1
/ja/documentation/wp-ultimate-csv-importer/import-export-user-members,1,1,0,0,19.824468,1
/ja/documentation/wp-ultimate-csv-importer/import-jetreview-data-into-wordpress,1,1,0,1,0,1
/ja/documentation/wp-ultimate-csv-importer/import-serialized-fields-data,1,0,0,0,92.807156,1
/ja/documentation/wp-ultimate-csv-importer/jet-engine-data-import,1,1,0,1,0,1
/ja/documentation/wp-ultimate-csv-importer/meta-box-custom-field-cloneable,1,1,0,1,0,1
/ja/documentation/wp-ultimate-csv-importer/metabox-import-export,1,1,0,0,43.086223,1
/ja/documentation/wp-ultimate-csv-importer/migrate-wordpress-and-woocommerce-data,1,0,0,0,21.18268,1
/ja/documentation/wp-ultimate-csv-importer/rankmath-data-import-and-export,1,1,0,0,17.861086,1
/ja/documentation/wp-ultimate-csv-importer/seo-import,1,0,0,1,5.951012,1
/ja/easy-inventory-and-stock-manager-for-woocommerce.html,1,1,0,0,14.839413,1
/ja/my-account.html,1,1,0,1,0,1
/ja/wordpress-ja.html,1,1,0,1,5.016247,1
/ja/wp-ultimate-csv-importer-pro/polylang-import-translation.html,1,1,0,1,0,1
/ja/wp-ultimate-exporter.html,1,1,0,0,1690.646572,1
/my-account.html/downloads,1,0,0,0,11.169928,1
/my-account.html/edit-account,1,1,0,1,0,1
/my-account.html/orders,1,1,0,1,0,1
/woocommerce-tutorials.html,1,1,0,1,0,1
/wordpress-guide.html,1,1,0,1,0,1
/wp-all-import-alternative.html,1,1,0,0,2096.294324,1
/wp-ultimate-csv-importer-pro/polylang-import-translation.html,1,0,0,0,1746.453895,1
/wp-ultimate-csv-importer-pro/seo-meta-data-import.html,1,1,0,0,12.381704,1
/ja/blog/wordpress-ultimate-csv-importer-csv-sample-files-and-updates.html,0,0,0,1,0,1
