firstUserDefaultChannelGroup,totalUsers,newUsers,averageSessionDuration,engagedSessions,eventCount,Returning users,Engaged sessions per active user,User key event rate
Direct,819,485,130.42431700597905,230,4436,334,0.28083028083028083,5.416361416361417
Unassigned,700,180,271.95533807432435,124,2553,520,0.17714285714285713,3.6471428571428572
Organic Search,329,280,247.82770734623656,310,3406,49,0.9422492401215805,10.35258358662614
Referral,61,46,257.69594396511627,49,800,15,0.8032786885245902,13.114754098360656
Cross-network,24,22,258.87851896551723,18,167,2,0.75,6.958333333333333
Organic Social,10,7,144.21109741666666,7,63,3,0.7,6.3
Organic Video,6,6,246.67767585714287,3,52,0,0.5,8.666666666666666
