Event name,Event count,Total users,Total revenue,Event count per active user
scroll_depth,2896,534,0,5.4232209737827715
page_view,2689,1154,0,2.330155979202773
user_engagement,2050,780,0,2.628205128205128
session_start,1555,1171,0,1.3279248505550811
first_visit,1026,1022,0,1.0039138943248533
begin_checkout,644,545,0,1.181651376146789
add_to_cart,314,298,0,1.0536912751677852
checkout,70,37,0,1.8918918918918919
csv_sales_funnel,70,37,0,1.8918918918918919
click,32,27,0,1.1851851851851851
view_item_list,28,8,0,3.5
remove_from_cart,24,8,0,3.0
all_checkout,8,8,0,1.0
all_sales,8,8,0,1.0
csv_sales_all,8,8,0,1.0
ga4_google_calendar_sales_funnel,8,8,0,1.0
lead_capture_sales_funnel,8,8,0,1.0
leads_builder_sales,8,8,0,1.0
vt_mc_sales,8,8,0,1.0
vtiger_mailchimp_sales_funnel,8,8,0,1.0
purchase,7,7,1494.75,1.0
file_download,4,4,0,1.0
mailto,4,1,0,4.0
