Table: Nth day - Active users
nthDay,activeUsers
0000,119

Table: Nth day - New users
nthDay,newUsers
0000,90

Table: First user primary channel group - New users
firstUserDefaultChannelGroup,newUsers
Cross-network,29
Unassigned,29
Direct,20
Organic Search,9
Organic Social,2
Referral,1

Table: Page title and screen class - Views
pageTitle,screenPageViews
Smackcoders | WordPress Solutions for Growing Businesses,30
WordPress CSV/XML Data Import With Ultimate CSV Importer,16
Smackcoders My Account Portal,13
Sample CSV & XML Files - WP Ultimate CSV/XML Importer,9
Smackcoders Blog | Product Features and Post,9
BBPressインポート & Updateでフォーラムを刷新,8
Smackcoders Black Friday & Cyber Monday Deals 2025,8
WP Ultimate CSV Importer Troubleshooting Guide – Easy Fixes,7
Best WordPress Plugins to Upgrade Your Website,4
Checkout - Smackcoders,4
How to Import Advanced Custom Fields (ACF) via CSV/XML,4
WP Ultimate CSV Importer - Documentations,4
WordPressインポートとエクスポートを極める:プロのヒントとコツ,4
究極のCSVインポーターを使用したWordPress CSV / XMLデータのインポート,4
Add External URLs as Featured Images in WordPress,3
How to Import CSV File in Wordpress? | Ultimate CSV Importer,3
Optimize data export with Ultimate Exporter,3
Page Not Found - Smackcoders Inc,3
WooCommerceでバリアブル商品のインポート方法,3
A Complete WordPress Security Checklist Guide,2
Boost Sales with WordPress Leads Builder,2
CSV Importer を使用した高度なカスタムフィールドのインポートの管理,2
Contact Us - Smackcoders,2
How to Install WAMP and XAMPP Locally | Step-by-Step Guide,2
JetEngine Data Import & Export with WP Ultimate CSV Importer,2
Meta Boxカスタムフィールドクローンで効率を向上,2
Optimize WordPress Database for Large Sites,2
Smackcoders Support,2
Taxonomías personalizadas con ACF: Potencia tu sitio web,2
WP-クロンを強化してWebサイトの効率を向上,2
WordPressで外部URLをアイキャッチ画像として追加する方法,2
WordPressに画像をインポートする方法,2
カスタム投稿タイプデータを簡単にインポート＆エクスポート,2
サンプルCSV&XMLファイル - WP Ultimate CSV/XML Importer,2
究極ガイド: WordPressで投稿をエクスポートする方法,2
About Us | Smackcoders,1
Aumente sus clientes potenciales con WordPress Leads Builder,1
Best Practices to Manage Large WordPress Sites Without Slow Down,1
Best WP All Import Alternative: WP Ultimate CSV Importer,1
Common WooCommerce Store Mistakes to Avoid,1
Create Custom Taxonomies with ACF Plugin – Easy Guide,1
Custom Field Suite インポートの最適化 - ワークフローの強化,1
ExcelからWordPressにデータをインポートする方法は?,1
How to Create Custom Fields with ACF in WordPress,1
How to Export WordPress Data Using WP Query,1
How to Export WordPress Users: An Easy Step-by-Step Guide,1
How to Export and Import Advanced Custom Fields in WordPress,1
How to Import WooCommerce Customers | Step by Step Guide,1
How to Import WordPress Categories and Tags,1
How to Import and Export Listings and Owners in WP Rentals,1
How to Import and Export Polylang Multilingual Content,1
How to Reduce Page Load Time on High-Content Sites,1
Import CSV to WordPress - Best Tips and How-To Guides,1
"Import WordPress Posts, Pages & CPTs Easily via CSV/XML",1
Importación avanzada de campos personalizados con CSV Importer,1
Importación de CSV de WooCommerce sin esfuerzo,1
JetEngine Import/Export with WP Ultimate CSV Importer,1
Optimizing WordPress Database for Speed and Stability,1
Pasos sencillos para instalar cargadores Ioncube | Guía completa,1
Personalización impulsada por IA para el comercio electrónico,1
RankMath Data Import & ExportでSEOを強化,1
"Scaling WooCommerce for Growth: Manage Large Catalogs, Orders",1
Sobre Nosotros | Smackcoders (en inglés),1
Supercharge SEO with RankMath Data Import & Export,1
Ultimate CSV ImporterでのSEOメタデータインポート,1
Ultimate Exporterでデータエクスポートを最適化,1
"View Shopping Cart Items - Smackcoders Products, Plugins and Modules",1
WP All Importの最良の代替: WP Ultimate CSV Importer,1
WP Ultimate CSV Importer Pricing – Choose Your Plan,1
WP Ultimate CSV Importer Pro Features | Your Import Solution,1
WP Ultimate CSV Importer Pro – Changelog & Updates,1
WordPressでCSVファイルをインポートする方法は?,1
WordPressでカスタム投稿タイプを作成＆インポートする簡単ガイド,1
WordPressユーザーのインポートとエクスポート方法を解説,1
可変商品をCSVとしてWooCommerceにインポート,1
究極のCSVインポーター FAQで簡素化 - 迅速な回答を得ましょう!,1
高度なカスタムフィールドのエクスポートとインポート方法,1

Table: Platform - Active users
platform,activeUsers
web,119

