Session source,New users,Sessions,Engagement rate,Average engagement time per session,Bounce rate,Engaged sessions
(data not available),29,35,0.77142857142857146,445.3186712,0.22857142857142856,27
(not set),26,52,0.34615384615384615,72.623451384615379,0.65384615384615385,18
(direct),20,30,0.23333333333333334,117.49910903333334,0.76666666666666672,7
google,8,12,0.5,73.20379475,0.5,6
linkedin.com,1,1,1,526.985788,0,1
qwant.com,1,1,1,66.062146,0,1
site_google,1,3,0.66666666666666663,10.665251,0.33333333333333331,2
t.co,1,1,0,0,1,0
unlimites-elements,1,2,0.5,1651.316034,0.5,1
website,1,1,0,0,1,0
zipmed.ai,1,1,1,347.012095,0,1
agencyhandy.com,0,1,1,73.689376,0,1
bing,0,1,0,0,1,0
csv_importer_pro_plugin_settings,0,2,0,0.3619795,1,0
plugin,0,1,1,74.642836,0,1
wordpress.org,0,4,0.25,3.71729225,0.75,1
