Session source / medium,New users,Sessions,Engagement rate,Average engagement time per session,Bounce rate,Engaged sessions,Purchase revenue
(data not available),29,35,0.77142857142857146,445.3186712,0.22857142857142856,27,0
(not set),26,52,0.34615384615384615,72.623451384615379,0.65384615384615385,18,149.25
(direct) / (none),20,30,0.23333333333333334,117.49910903333334,0.76666666666666672,7,0
google / organic,8,12,0.5,73.20379475,0.5,6,0
linkedin.com / referral,1,1,1,526.985788,0,1,0
qwant.com / organic,1,1,1,66.062146,0,1,0
site_google / parasite_seo,1,3,0.66666666666666663,10.665251,0.33333333333333331,2,0
t.co / referral,1,1,0,0,1,0,0
unlimites-elements / clb,1,2,0.5,1651.316034,0.5,1,0
website / docs_cta_es,1,1,0,0,1,0,0
zipmed.ai / referral,1,1,1,347.012095,0,1,0
agencyhandy.com / clb,0,1,1,73.689376,0,1,0
bing / organic,0,1,0,0,1,0,0
csv_importer_pro_plugin_settings / dashboard,0,2,0,0.3619795,1,0,0
plugin / wordpress,0,1,1,74.642836,0,1,0
wordpress.org / referral,0,4,0.25,3.71729225,0.75,1,0
