firstUserDefaultChannelGroup,totalUsers,newUsers,Returning users,Average engagement time per active user,Engaged sessions per active user,eventCount,keyEvents,userKeyEventRate
Unassigned,80,29,51,1.1649500872395833,0.1875,240,0,0.0
Cross-network,32,29,3,12.54885187417763,0.8125,287,2,0.0333333333333333
Direct,23,20,3,4.943563105590062,0.30434782608695654,144,0,0.0
Organic Search,19,9,10,10.307502397129186,0.6842105263157895,136,11,0.0555555555555555
Organic Social,3,2,1,30.10305316666667,0.6666666666666666,30,2,0.3333333333333333
Referral,3,1,2,29.183143266666665,1.0,31,0,0.0
