Table: Cohort - Active users
cohort,cohortNthDay,activeUsers
Retention_Cohort,0000,1022
Retention_Cohort,0001,23
Retention_Cohort,0002,7
Retention_Cohort,0003,6
Retention_Cohort,0004,1

Table: Cohort - New users
cohort,cohortNthDay,newUsers
Retention_Cohort,0000,1026

Table: Cohort - Engaged sessions
cohort,cohortNthDay,engagedSessions
Retention_Cohort,0000,515
Retention_Cohort,0001,22
Retention_Cohort,0002,8
Retention_Cohort,0003,8
Retention_Cohort,0004,1

Table: Cohort - Average engagement time per user
cohort,cohortNthDay,averageSessionDuration
Retention_Cohort,0004,707.7915295
Retention_Cohort,0003,529.793579
Retention_Cohort,0001,279.294562637931
Retention_Cohort,0000,172.16651151431049
Retention_Cohort,0002,54.456433153846156

Table: Cohort - User engagement duration
cohort,cohortNthDay,userEngagementDuration
Retention_Cohort,0000,33424
Retention_Cohort,0001,3054
Retention_Cohort,0003,715
Retention_Cohort,0002,352
Retention_Cohort,0004,36

