url,coverage_state,indexing_state,last_crawl,verdict
https://www.smackcoders.com/,blocked_by_robots,not_inspected,,blocked_by_robots
https://www.smackcoders.com/about-us.html,Submitted and indexed,INDEXING_ALLOWED,2026-01-04T12:26:47Z,PASS
https://www.smackcoders.com/aio-wp-media-library-manager.html,Submitted and indexed,INDEXING_ALLOWED,2025-12-28T20:44:00Z,PASS
https://www.smackcoders.com/blog.html,Submitted and indexed,INDEXING_ALLOWED,2026-01-06T15:47:43Z,PASS
https://www.smackcoders.com/blog/a-guide-to-wordpress-caching.html,Submitted and indexed,INDEXING_ALLOWED,2025-12-28T16:53:16Z,PASS
https://www.smackcoders.com/blog/add-external-urls-to-featured-images-wordpress.html,Submitted and indexed,INDEXING_ALLOWED,2026-01-06T10:14:05Z,PASS
https://www.smackcoders.com/blog/advanced-techniques-for-wordpress-import-and-export.html,Submitted and indexed,INDEXING_ALLOWED,2026-01-04T06:58:27Z,PASS
https://www.smackcoders.com/blog/ai-generated-wordpress-content-import.html,Submitted and indexed,INDEXING_ALLOWED,2026-01-01T20:24:24Z,PASS
https://www.smackcoders.com/blog/ai-in-wordpress.html,Submitted and indexed,INDEXING_ALLOWED,2026-01-02T00:01:32Z,PASS
https://www.smackcoders.com/blog/ai-powered-personalization-for-ecommerce.html,Submitted and indexed,INDEXING_ALLOWED,2025-12-21T12:51:22Z,PASS
https://www.smackcoders.com/blog/ai-wordpress-security.html,Submitted and indexed,INDEXING_ALLOWED,2026-01-09T04:19:01Z,PASS
https://www.smackcoders.com/blog/avoid-common-woocommerce-store-mistakes.html,Submitted and indexed,INDEXING_ALLOWED,2025-12-30T04:00:25Z,PASS
https://www.smackcoders.com/blog/best-multipurpose-wordpress-themes.html,Submitted and indexed,INDEXING_ALLOWED,2026-01-04T20:10:08Z,PASS
https://www.smackcoders.com/blog/best-practices-for-wordpress-sites.html,Submitted and indexed,INDEXING_ALLOWED,2025-12-30T22:44:57Z,PASS
https://www.smackcoders.com/blog/best-woocommerce-affiliate-plugins.html,Submitted and indexed,INDEXING_ALLOWED,2025-12-28T19:20:00Z,PASS
https://www.smackcoders.com/blog/best-woocommerce-plugins.html,Submitted and indexed,INDEXING_ALLOWED,2025-12-31T08:51:26Z,PASS
https://www.smackcoders.com/blog/best-wordpress-speed-optimization-plugins.html,Submitted and indexed,INDEXING_ALLOWED,2026-01-06T06:20:11Z,PASS
https://www.smackcoders.com/blog/build-dynamic-wordpress-sites-with-custom-post-types.html,Submitted and indexed,INDEXING_ALLOWED,2025-12-31T04:50:33Z,PASS
https://www.smackcoders.com/blog/create-a-form-in-wordpress-without-plugins.html,Submitted and indexed,INDEXING_ALLOWED,2026-01-05T17:47:19Z,PASS
https://www.smackcoders.com/blog/create-a-multilingual-website-with-wpml.html,Submitted and indexed,INDEXING_ALLOWED,2025-12-31T17:09:15Z,PASS
https://www.smackcoders.com/blog/create-an-online-store-with-wordpress.html,Submitted and indexed,INDEXING_ALLOWED,2025-12-29T20:20:31Z,PASS
https://www.smackcoders.com/blog/create-and-import-custom-post-types-in-wordpress.html,Submitted and indexed,INDEXING_ALLOWED,2026-01-06T23:22:15Z,PASS
https://www.smackcoders.com/blog/create-custom-fields-with-acf-in-wordpress.html,Excluded by ‘noindex’ tag,BLOCKED_BY_META_TAG,2025-04-11T08:44:49Z,NEUTRAL
https://www.smackcoders.com/blog/create-custom-taxonomies-with-acf.html,Submitted and indexed,INDEXING_ALLOWED,2026-01-05T16:13:55Z,PASS
https://www.smackcoders.com/blog/ecommerce-video-marketing.html,Submitted and indexed,INDEXING_ALLOWED,2025-12-23T09:06:43Z,PASS
https://www.smackcoders.com/blog/enable-configure-wp-cron.html,Submitted and indexed,INDEXING_ALLOWED,2026-01-07T02:31:29Z,PASS
https://www.smackcoders.com/blog/essential-steps-to-launch-a-wordpress-site-the-right-way.html,Submitted and indexed,INDEXING_ALLOWED,2025-12-27T09:48:15Z,PASS
https://www.smackcoders.com/blog/export-import-advanced-custom-fields-csv-wordpress.html,Submitted and indexed,INDEXING_ALLOWED,2026-01-05T01:29:20Z,PASS
https://www.smackcoders.com/blog/export-import-single-wordpress-post-page-product.html,Submitted and indexed,INDEXING_ALLOWED,2026-01-04T03:20:44Z,PASS
https://www.smackcoders.com/blog/export-woocommerce-orders-to-google-sheets.html,Submitted and indexed,INDEXING_ALLOWED,2025-12-28T19:39:00Z,PASS
https://www.smackcoders.com/blog/how-to-add-a-free-wordpress-contact-form.html,Submitted and indexed,INDEXING_ALLOWED,2025-12-27T19:55:17Z,PASS
https://www.smackcoders.com/blog/how-to-export-wordpress-users.html,Submitted and indexed,INDEXING_ALLOWED,2026-01-05T09:58:37Z,PASS
https://www.smackcoders.com/blog/how-to-import-csv-file-in-wordpress-without-plugin.html,Submitted and indexed,INDEXING_ALLOWED,2026-01-05T02:50:30Z,PASS
https://www.smackcoders.com/blog/how-to-import-csv-file-in-wordpress.html,Submitted and indexed,INDEXING_ALLOWED,2026-01-06T06:16:10Z,PASS
https://www.smackcoders.com/blog/how-to-import-page-to-wordpress.html,Submitted and indexed,INDEXING_ALLOWED,2026-01-04T06:44:31Z,PASS
https://www.smackcoders.com/blog/how-to-install-ioncube-loaders-simple-steps-for-various-hosting-types.html,Submitted and indexed,INDEXING_ALLOWED,2026-01-04T16:17:27Z,PASS
https://www.smackcoders.com/blog/how-to-install-wamp-and-xampp.html,Submitted and indexed,INDEXING_ALLOWED,2026-01-05T01:33:58Z,PASS
https://www.smackcoders.com/blog/how-to-prepare-woocommerce-for-high-traffic.html,Submitted and indexed,INDEXING_ALLOWED,2025-12-30T19:01:26Z,PASS
https://www.smackcoders.com/blog/how-to-restore-wordpress-site-from-backup.html,Submitted and indexed,INDEXING_ALLOWED,2026-01-05T16:41:55Z,PASS
https://www.smackcoders.com/blog/import-and-export-woocommerce-customers.html,Submitted and indexed,INDEXING_ALLOWED,2025-12-30T21:39:09Z,PASS
https://www.smackcoders.com/blog/import-export-custom-post-types-plugin-data.html,Submitted and indexed,INDEXING_ALLOWED,2026-01-07T11:45:24Z,PASS
https://www.smackcoders.com/blog/import-export-elementor-as-csv.html,Submitted and indexed,INDEXING_ALLOWED,2025-12-30T04:43:28Z,PASS
https://www.smackcoders.com/blog/import-export-gravity-forms-entries.html,Submitted and indexed,INDEXING_ALLOWED,2026-01-05T17:32:44Z,PASS
https://www.smackcoders.com/blog/import-export-listings-business-directory-plugins.html,Submitted and indexed,INDEXING_ALLOWED,2026-01-07T06:51:30Z,PASS
https://www.smackcoders.com/blog/import-export-woocommerce-product-reviews.html,Submitted and indexed,INDEXING_ALLOWED,2026-01-01T02:19:01Z,PASS
https://www.smackcoders.com/blog/import-posts-or-products-from-excel-to-wordpress.html,Submitted and indexed,INDEXING_ALLOWED,2026-01-01T10:34:34Z,PASS
https://www.smackcoders.com/blog/import-variable-products-into-woocommerce.html,Submitted and indexed,INDEXING_ALLOWED,2025-12-30T22:27:14Z,PASS
https://www.smackcoders.com/blog/import-woocommerce-products-with-custom-fields.html,Submitted and indexed,INDEXING_ALLOWED,2025-12-30T21:23:36Z,PASS
https://www.smackcoders.com/blog/import-yith-order-tracking-data-and-export-with-csv-importer.html,Submitted and indexed,INDEXING_ALLOWED,2025-12-27T08:13:16Z,PASS
https://www.smackcoders.com/blog/improve-core-web-vitals-in-wordpress.html,Submitted and indexed,INDEXING_ALLOWED,2025-12-27T18:03:47Z,PASS
https://www.smackcoders.com/blog/introducing-wp-ultimate-csv-importer-8-11.html,Submitted and indexed,INDEXING_ALLOWED,2025-12-29T07:23:26Z,PASS
https://www.smackcoders.com/blog/mastering-wpml-language-localization.html,Submitted and indexed,INDEXING_ALLOWED,2026-01-07T03:51:41Z,PASS
https://www.smackcoders.com/blog/migrate-shopify-to-woocommerce.html,Submitted and indexed,INDEXING_ALLOWED,2025-12-27T14:20:31Z,PASS
https://www.smackcoders.com/blog/monthly-wordpress-maintenance-checklist.html,Submitted and indexed,INDEXING_ALLOWED,2025-12-28T16:40:38Z,PASS
https://www.smackcoders.com/blog/onc-click-import-and-migrate-wordpress.html,Submitted and indexed,INDEXING_ALLOWED,2025-12-27T16:24:23Z,PASS
https://www.smackcoders.com/blog/optimize-wordpress-database-for-large-sites.html,Submitted and indexed,INDEXING_ALLOWED,2026-01-05T16:27:55Z,PASS
https://www.smackcoders.com/blog/polylang-import-products-woocommerce.html,Submitted and indexed,INDEXING_ALLOWED,2026-01-08T02:48:54Z,PASS
https://www.smackcoders.com/blog/polylang-import-translation-guide.html,Submitted and indexed,INDEXING_ALLOWED,2026-01-07T03:15:02Z,PASS
https://www.smackcoders.com/blog/polylang-plugin-for-wordpress.html,Submitted and indexed,INDEXING_ALLOWED,2025-12-27T15:54:16Z,PASS
https://www.smackcoders.com/blog/ppom-for-woocommerce-import-export-custom-fields.html,Submitted and indexed,INDEXING_ALLOWED,2025-12-30T18:50:41Z,PASS
https://www.smackcoders.com/blog/reduce-page-load-time-on-high-content-sites.html,Submitted and indexed,INDEXING_ALLOWED,2025-12-27T15:25:16Z,PASS
https://www.smackcoders.com/blog/scale-wordpress-for-high-traffic.html,Submitted and indexed,INDEXING_ALLOWED,2026-01-07T23:53:33Z,PASS
https://www.smackcoders.com/blog/scaling-woocommerce-manage-products-orders.html,Submitted and indexed,INDEXING_ALLOWED,2026-01-05T13:28:10Z,PASS
https://www.smackcoders.com/blog/security-fix-for-wp-ultimate-csv-importer.html,Submitted and indexed,INDEXING_ALLOWED,2025-12-21T11:10:28Z,PASS
https://www.smackcoders.com/blog/speed-up-your-wordpress-website.html,Submitted and indexed,INDEXING_ALLOWED,2025-12-22T18:27:39Z,PASS
https://www.smackcoders.com/blog/ultimate-csv-importer-8-6-wp-rentals-serialized.html,Submitted and indexed,INDEXING_ALLOWED,2026-01-05T10:58:10Z,PASS
https://www.smackcoders.com/blog/ultimate-csv-importer-pro-v8-2.html,Submitted and indexed,INDEXING_ALLOWED,2026-01-08T03:43:48Z,PASS
https://www.smackcoders.com/blog/update-outdated-wordpress-plugins-data.html,Submitted and indexed,INDEXING_ALLOWED,2025-12-28T19:08:00Z,PASS
https://www.smackcoders.com/blog/voice-search-optimization.html,Submitted and indexed,INDEXING_ALLOWED,2025-12-23T08:47:04Z,PASS
https://www.smackcoders.com/blog/woocommerce-inventory-management.html,Submitted and indexed,INDEXING_ALLOWED,2025-12-29T06:26:48Z,PASS
https://www.smackcoders.com/blog/woocommerce-maintenance-tasks.html,Submitted and indexed,INDEXING_ALLOWED,2025-12-29T06:57:11Z,PASS
https://www.smackcoders.com/blog/woocommerce-variable-pricing-calculator.html,Submitted and indexed,INDEXING_ALLOWED,2026-01-03T05:13:30Z,PASS
https://www.smackcoders.com/blog/woocommerce-vs-magento-pros-and-cons.html,Submitted and indexed,INDEXING_ALLOWED,2026-01-06T16:37:37Z,PASS
https://www.smackcoders.com/blog/wordpress-admin-productivity-hacks.html,Submitted and indexed,INDEXING_ALLOWED,2025-12-12T19:31:10Z,PASS
https://www.smackcoders.com/blog/wordpress-backup-restore-strategy.html,Submitted and indexed,INDEXING_ALLOWED,2025-12-28T19:26:00Z,PASS
https://www.smackcoders.com/blog/wordpress-database-optimization.html,Submitted and indexed,INDEXING_ALLOWED,2025-12-27T19:15:23Z,PASS
https://www.smackcoders.com/blog/wordpress-popup-builders.html,Submitted and indexed,INDEXING_ALLOWED,2026-01-03T21:09:28Z,PASS
https://www.smackcoders.com/blog/wordpress-security-best-practices.html,Submitted and indexed,INDEXING_ALLOWED,2025-12-29T18:45:39Z,PASS
https://www.smackcoders.com/blog/wordpress-security-checklist.html,Submitted and indexed,INDEXING_ALLOWED,2025-12-28T04:27:44Z,PASS
https://www.smackcoders.com/blog/wordpress-seo-guide.html,Submitted and indexed,INDEXING_ALLOWED,2025-12-31T17:35:20Z,PASS
https://www.smackcoders.com/blog/wordpress-seo-plugins.html,Submitted and indexed,INDEXING_ALLOWED,2025-12-29T09:40:15Z,PASS
https://www.smackcoders.com/blog/wordpress-ultimate-csv-importer-csv-sample-files-and-updates.html,Submitted and indexed,INDEXING_ALLOWED,2026-01-07T00:06:01Z,PASS
https://www.smackcoders.com/blog/wordpress-user-role-management-master-guide.html,Crawled - currently not indexed,INDEXING_ALLOWED,2025-12-23T11:23:23Z,NEUTRAL
https://www.smackcoders.com/blog/wp-query-ultimate-csv-importer-pro.html,Submitted and indexed,INDEXING_ALLOWED,2025-12-27T21:03:42Z,PASS
https://www.smackcoders.com/blog/wp-ultimate-csv-importer-8-7-update.html,Submitted and indexed,INDEXING_ALLOWED,2025-12-22T18:16:07Z,PASS
https://www.smackcoders.com/blog/wp-ultimate-csv-importer-8-8-ai-preview-validation.html,Submitted and indexed,INDEXING_ALLOWED,2026-01-04T15:10:10Z,PASS
https://www.smackcoders.com/blog/wp-ultimate-csv-importer-pro-price-update.html,Submitted and indexed,INDEXING_ALLOWED,2025-12-27T09:12:20Z,PASS
https://www.smackcoders.com/contact-us.html,Submitted and indexed,INDEXING_ALLOWED,2026-01-04T06:18:04Z,PASS
https://www.smackcoders.com/crocoblock-deals.html,Submitted and indexed,INDEXING_ALLOWED,2025-12-07T23:32:32Z,PASS
https://www.smackcoders.com/deals.html,Submitted and indexed,INDEXING_ALLOWED,2026-01-06T08:16:21Z,PASS
https://www.smackcoders.com/documentation.html,Submitted and indexed,INDEXING_ALLOWED,2026-01-03T11:36:22Z,PASS
https://www.smackcoders.com/documentation/easy-inventory/easy-inventory-and-stock-manager,Submitted and indexed,INDEXING_ALLOWED,2025-12-21T05:18:02Z,PASS
https://www.smackcoders.com/documentation/follow-up-email/follow-up-emails-plugin,Submitted and indexed,INDEXING_ALLOWED,2025-12-27T11:20:25Z,PASS
https://www.smackcoders.com/documentation/user-role-management/getting-started,Crawled - currently not indexed,INDEXING_ALLOWED,2025-10-02T05:53:51Z,NEUTRAL
https://www.smackcoders.com/documentation/woocommerce-to-shopify-integration/w2s-getting-started,Submitted and indexed,INDEXING_ALLOWED,2026-01-07T02:15:27Z,PASS
https://www.smackcoders.com/documentation/woocommerce-to-shopify-integration/w2s-pro-features,Submitted and indexed,INDEXING_ALLOWED,2026-01-07T00:39:54Z,PASS
https://www.smackcoders.com/documentation/woocommerce-to-shopify-integration/w2s-sync-configuration,Submitted and indexed,INDEXING_ALLOWED,2026-01-07T02:36:03Z,PASS
https://www.smackcoders.com/documentation/woocommerce-to-shopify-integration/woocommerce-shopify-product-sync,Submitted and indexed,INDEXING_ALLOWED,2026-01-05T18:11:55Z,PASS
https://www.smackcoders.com/documentation/woocommerce-to-shopify-integration/woocommerce-to-shopify-customer-sync,Submitted and indexed,INDEXING_ALLOWED,2026-01-01T18:48:18Z,PASS
https://www.smackcoders.com/documentation/woocommerce-to-shopify-integration/woocommerce-to-shopify-field-mapping,Submitted and indexed,INDEXING_ALLOWED,2026-01-04T10:43:39Z,PASS
https://www.smackcoders.com/documentation/woocommerce-to-shopify-integration/woocommerce-to-shopify-integration-authentication-setup,Submitted and indexed,INDEXING_ALLOWED,2025-12-27T11:43:49Z,PASS
https://www.smackcoders.com/documentation/woocommerce-to-shopify-integration/woocommerce-to-shopify-integration-plugin,Submitted and indexed,INDEXING_ALLOWED,2025-12-26T23:46:36Z,PASS
https://www.smackcoders.com/documentation/woocommerce-to-shopify-integration/woocommerce-to-shopify-order-sync,Submitted and indexed,INDEXING_ALLOWED,2026-01-06T23:54:06Z,PASS
https://www.smackcoders.com/documentation/woocommerce-to-shopify-integration/woocommerce-to-shopify-sync-faq,Submitted and indexed,INDEXING_ALLOWED,2026-01-04T08:30:28Z,PASS
https://www.smackcoders.com/documentation/wordpress-leads-builder-for-any-crm-pro/e-commerce-integration,Submitted and indexed,INDEXING_ALLOWED,2025-12-21T10:41:02Z,PASS
https://www.smackcoders.com/documentation/wordpress-leads-builder-for-any-crm-pro/faq-leads-builder,Submitted and indexed,INDEXING_ALLOWED,2025-12-21T23:24:39Z,PASS
https://www.smackcoders.com/documentation/wordpress-leads-builder-for-any-crm-pro/lead-builder-for-any-crm,Submitted and indexed,INDEXING_ALLOWED,2026-01-04T14:38:53Z,PASS
https://www.smackcoders.com/documentation/wp-ultimate-csv-importer-pro/acf-import,Submitted and indexed,INDEXING_ALLOWED,2026-01-07T01:03:47Z,PASS
https://www.smackcoders.com/documentation/wp-ultimate-csv-importer-pro/advanced-import-filters,Submitted and indexed,INDEXING_ALLOWED,2025-12-31T03:02:56Z,PASS
https://www.smackcoders.com/documentation/wp-ultimate-csv-importer-pro/ai-integration,Submitted and indexed,INDEXING_ALLOWED,2025-12-27T08:22:57Z,PASS
https://www.smackcoders.com/documentation/wp-ultimate-csv-importer-pro/bbpress-import-and-update,Submitted and indexed,INDEXING_ALLOWED,2026-01-03T06:16:38Z,PASS
https://www.smackcoders.com/documentation/wp-ultimate-csv-importer-pro/chatgpt-integration,Submitted and indexed,INDEXING_ALLOWED,2026-01-04T00:57:42Z,PASS
https://www.smackcoders.com/documentation/wp-ultimate-csv-importer-pro/custom-field-suite-import,Submitted and indexed,INDEXING_ALLOWED,2025-12-31T12:19:27Z,PASS
https://www.smackcoders.com/documentation/wp-ultimate-csv-importer-pro/export-wordpress-data-using-wp-query,Submitted and indexed,INDEXING_ALLOWED,2025-12-30T19:31:49Z,PASS
https://www.smackcoders.com/documentation/wp-ultimate-csv-importer-pro/how-to-import-csv,Submitted and indexed,INDEXING_ALLOWED,2026-01-06T21:31:14Z,PASS
https://www.smackcoders.com/documentation/wp-ultimate-csv-importer-pro/how-to-import-schedule-or-update,Submitted and indexed,INDEXING_ALLOWED,2026-01-04T13:28:34Z,PASS
https://www.smackcoders.com/documentation/wp-ultimate-csv-importer-pro/how-to-import-variable-products-in-woocommerce,Submitted and indexed,INDEXING_ALLOWED,2026-01-04T04:14:33Z,PASS
https://www.smackcoders.com/documentation/wp-ultimate-csv-importer-pro/how-to-import-woocommerce-orders,Submitted and indexed,INDEXING_ALLOWED,2026-01-09T02:04:00Z,PASS
https://www.smackcoders.com/documentation/wp-ultimate-csv-importer-pro/import-and-export-listings-and-owners-in-wp-rentals,Submitted and indexed,INDEXING_ALLOWED,2026-01-04T14:10:39Z,PASS
https://www.smackcoders.com/documentation/wp-ultimate-csv-importer-pro/import-and-export-lms-data,Submitted and indexed,INDEXING_ALLOWED,2026-01-07T03:37:58Z,PASS
https://www.smackcoders.com/documentation/wp-ultimate-csv-importer-pro/import-and-export-nextgen-gallery-images,Submitted and indexed,INDEXING_ALLOWED,2026-01-06T03:54:10Z,PASS
https://www.smackcoders.com/documentation/wp-ultimate-csv-importer-pro/import-and-export-woocommerce-reviews,Submitted and indexed,INDEXING_ALLOWED,2025-12-30T19:15:58Z,PASS
https://www.smackcoders.com/documentation/wp-ultimate-csv-importer-pro/import-and-export-wordpress-users,Submitted and indexed,INDEXING_ALLOWED,2025-12-28T10:33:14Z,PASS
https://www.smackcoders.com/documentation/wp-ultimate-csv-importer-pro/import-business-directory-listings-in-wordpress,Submitted and indexed,INDEXING_ALLOWED,2026-01-02T00:10:57Z,PASS
https://www.smackcoders.com/documentation/wp-ultimate-csv-importer-pro/import-data-from-excel-to-wordpress,Submitted and indexed,INDEXING_ALLOWED,2026-01-04T03:13:52Z,PASS
https://www.smackcoders.com/documentation/wp-ultimate-csv-importer-pro/import-events-into-wordpress,Submitted and indexed,INDEXING_ALLOWED,2026-01-07T06:05:04Z,PASS
https://www.smackcoders.com/documentation/wp-ultimate-csv-importer-pro/import-export-acpt-fields-in-wordpress,Submitted and indexed,INDEXING_ALLOWED,2025-12-25T19:57:40Z,PASS
https://www.smackcoders.com/documentation/wp-ultimate-csv-importer-pro/import-export-jetbookings-data,Submitted and indexed,INDEXING_ALLOWED,2026-01-01T22:33:11Z,PASS
https://www.smackcoders.com/documentation/wp-ultimate-csv-importer-pro/import-export-user-members,Submitted and indexed,INDEXING_ALLOWED,2026-01-04T14:02:06Z,PASS
https://www.smackcoders.com/documentation/wp-ultimate-csv-importer-pro/import-export-users-with-multiple-user-roles,Submitted and indexed,INDEXING_ALLOWED,2026-01-07T06:36:50Z,PASS
https://www.smackcoders.com/documentation/wp-ultimate-csv-importer-pro/import-images-into-wordpress,Submitted and indexed,INDEXING_ALLOWED,2026-01-04T03:48:21Z,PASS
https://www.smackcoders.com/documentation/wp-ultimate-csv-importer-pro/import-jetreview-data-into-wordpress,Submitted and indexed,INDEXING_ALLOWED,2026-01-07T07:45:01Z,PASS
https://www.smackcoders.com/documentation/wp-ultimate-csv-importer-pro/import-serialized-fields-data,Submitted and indexed,INDEXING_ALLOWED,2025-12-26T04:22:57Z,PASS
https://www.smackcoders.com/documentation/wp-ultimate-csv-importer-pro/import-woocommerce-customers,Submitted and indexed,INDEXING_ALLOWED,2026-01-07T05:20:35Z,PASS
https://www.smackcoders.com/documentation/wp-ultimate-csv-importer-pro/import-wordpress-categories-and-tags,Submitted and indexed,INDEXING_ALLOWED,2026-01-05T02:46:52Z,PASS
https://www.smackcoders.com/documentation/wp-ultimate-csv-importer-pro/importer-faq,Submitted and indexed,INDEXING_ALLOWED,2026-01-06T19:16:48Z,PASS
https://www.smackcoders.com/documentation/wp-ultimate-csv-importer-pro/iteration-based-import,Submitted and indexed,INDEXING_ALLOWED,2026-01-04T15:01:33Z,PASS
https://www.smackcoders.com/documentation/wp-ultimate-csv-importer-pro/jet-engine-data-import,Submitted and indexed,INDEXING_ALLOWED,2026-01-05T02:41:49Z,PASS
https://www.smackcoders.com/documentation/wp-ultimate-csv-importer-pro/learnpress-data-import,Submitted and indexed,INDEXING_ALLOWED,2026-01-04T04:14:33Z,PASS
https://www.smackcoders.com/documentation/wp-ultimate-csv-importer-pro/let-clients-export-wordpress-data,Submitted and indexed,INDEXING_ALLOWED,2025-12-18T09:36:52Z,PASS
https://www.smackcoders.com/documentation/wp-ultimate-csv-importer-pro/meta-box-custom-field-cloneable,Submitted and indexed,INDEXING_ALLOWED,2025-12-29T17:13:22Z,PASS
https://www.smackcoders.com/documentation/wp-ultimate-csv-importer-pro/metabox-import-export,Submitted and indexed,INDEXING_ALLOWED,2026-01-07T05:44:34Z,PASS
https://www.smackcoders.com/documentation/wp-ultimate-csv-importer-pro/migrate-wordpress-and-woocommerce-data,Submitted and indexed,INDEXING_ALLOWED,2025-12-18T08:18:12Z,PASS
https://www.smackcoders.com/documentation/wp-ultimate-csv-importer-pro/polylang-multilingual-content-import-export,Submitted and indexed,INDEXING_ALLOWED,2026-01-07T04:29:36Z,PASS
https://www.smackcoders.com/documentation/wp-ultimate-csv-importer-pro/post-page-custompost-import,Submitted and indexed,INDEXING_ALLOWED,2026-01-07T02:04:14Z,PASS
https://www.smackcoders.com/documentation/wp-ultimate-csv-importer-pro/rankmath-data-import-and-export,Submitted and indexed,INDEXING_ALLOWED,2026-01-06T14:03:45Z,PASS
https://www.smackcoders.com/documentation/wp-ultimate-csv-importer-pro/seo-import,Submitted and indexed,INDEXING_ALLOWED,2026-01-04T15:18:44Z,PASS
https://www.smackcoders.com/documentation/wp-ultimate-csv-importer-pro/seopress-import-export,Submitted and indexed,INDEXING_ALLOWED,2025-12-22T14:14:33Z,PASS
https://www.smackcoders.com/documentation/wp-ultimate-csv-importer-pro/slim-seo-metadata-import-export,Submitted and indexed,INDEXING_ALLOWED,2025-12-31T09:50:33Z,PASS
https://www.smackcoders.com/documentation/wp-ultimate-csv-importer-pro/the-events-calendar-import-export,Discovered - currently not indexed,INDEXING_STATE_UNSPECIFIED,,NEUTRAL
https://www.smackcoders.com/documentation/wp-ultimate-csv-importer-pro/toolset-types-import,Submitted and indexed,INDEXING_ALLOWED,2025-12-31T06:10:35Z,PASS
https://www.smackcoders.com/documentation/wp-ultimate-csv-importer-pro/troubleshooting-guide,Submitted and indexed,INDEXING_ALLOWED,2026-01-05T00:26:43Z,PASS
https://www.smackcoders.com/documentation/wp-ultimate-csv-importer-pro/what-is-elementor-import-export,Submitted and indexed,INDEXING_ALLOWED,2026-01-01T09:50:52Z,PASS
https://www.smackcoders.com/documentation/wp-ultimate-csv-importer-pro/woocommerces,Submitted and indexed,INDEXING_ALLOWED,2025-12-30T18:34:07Z,PASS
https://www.smackcoders.com/documentation/wp-ultimate-csv-importer-pro/wordpress-export-import-single-page,Submitted and indexed,INDEXING_ALLOWED,2026-01-05T10:25:54Z,PASS
https://www.smackcoders.com/documentation/wp-ultimate-csv-importer-pro/wpml-multilingual-import,Submitted and indexed,INDEXING_ALLOWED,2026-01-03T04:33:34Z,PASS
https://www.smackcoders.com/documentation/wp-ultimate-exporter/wordpress-exporter-guide,Submitted and indexed,INDEXING_ALLOWED,2026-01-09T01:44:42Z,PASS
https://www.smackcoders.com/easy-inventory-and-stock-manager-for-woocommerce.html,Submitted and indexed,INDEXING_ALLOWED,2026-01-06T19:37:06Z,PASS
https://www.smackcoders.com/es,Submitted and indexed,INDEXING_ALLOWED,2026-01-05T05:33:11Z,PASS
https://www.smackcoders.com/es/administrador-de-bibliotecas-de-medios-aio-wp.html,Submitted and indexed,INDEXING_ALLOWED,2025-12-27T13:37:07Z,PASS
https://www.smackcoders.com/es/administrador-facil-de-inventario-y-stock-para-woocommerce.html,Submitted and indexed,INDEXING_ALLOWED,2025-12-30T19:26:01Z,PASS
https://www.smackcoders.com/es/alternativa-de-importacion-de-wp-all.html,Submitted and indexed,INDEXING_ALLOWED,2026-01-08T20:18:46Z,PASS
https://www.smackcoders.com/es/asociacion.html,Submitted and indexed,INDEXING_ALLOWED,2025-12-27T21:16:31Z,PASS
https://www.smackcoders.com/es/atencion-al-cliente-smackcoders.html,Submitted and indexed,INDEXING_ALLOWED,2026-01-04T04:41:07Z,PASS
https://www.smackcoders.com/es/blog.html,Submitted and indexed,INDEXING_ALLOWED,2026-01-02T02:15:03Z,PASS
https://www.smackcoders.com/es/blog/acelera-tu-sitio-web-de-wordpress.html,Submitted and indexed,INDEXING_ALLOWED,2025-12-27T01:41:04Z,PASS
https://www.smackcoders.com/es/blog/como-anadir-urls-externas-a-las-imagenes-destacadas-en-wordpress.html,Submitted and indexed,INDEXING_ALLOWED,2026-01-06T05:55:29Z,PASS
https://www.smackcoders.com/es/blog/como-crear-e-importar-tipos-de-publicaciones-personalizadas-en-wordpress.html,Submitted and indexed,INDEXING_ALLOWED,2025-12-31T19:23:51Z,PASS
https://www.smackcoders.com/es/blog/como-exportar-e-importar-campos-personalizados-avanzados.html,Submitted and indexed,INDEXING_ALLOWED,2026-01-07T06:02:34Z,PASS
https://www.smackcoders.com/es/blog/como-exportar-usuarios-de-wordpress-una-guia-paso-a-paso.html,Submitted and indexed,INDEXING_ALLOWED,2025-12-30T20:24:42Z,PASS
https://www.smackcoders.com/es/blog/como-habilitar-y-configurar-wp-cron.html,Submitted and indexed,INDEXING_ALLOWED,2026-01-05T16:19:25Z,PASS
https://www.smackcoders.com/es/blog/como-importar-archivos-csv-a-wordpress-de-manera-eficiente.html,Submitted and indexed,INDEXING_ALLOWED,2026-01-05T16:35:25Z,PASS
https://www.smackcoders.com/es/blog/como-importar-archivos-csv-en-wordpress-sin-un-plugin.html,Excluded by ‘noindex’ tag,BLOCKED_BY_META_TAG,2025-04-15T07:40:42Z,NEUTRAL
https://www.smackcoders.com/es/blog/como-instalar-cargadores-ioncube-para-varios-tipos-de-alojamiento.html,Submitted and indexed,INDEXING_ALLOWED,2026-01-04T06:26:48Z,PASS
https://www.smackcoders.com/es/blog/como-instalar-wamp-y-xampp.html,Submitted and indexed,INDEXING_ALLOWED,2026-01-07T03:21:30Z,PASS
https://www.smackcoders.com/es/blog/correccion-de-seguridad-para-el-wp-ultimate-csv-importer.html,Submitted and indexed,INDEXING_ALLOWED,2026-01-06T06:19:11Z,PASS
https://www.smackcoders.com/es/blog/creacion-de-taxonomias-personalizadas-con-el-complemento-acf-una-guia-paso-a-paso.html,Submitted and indexed,INDEXING_ALLOWED,2026-01-06T09:31:07Z,PASS
https://www.smackcoders.com/es/blog/cree-campos-personalizados-con-acf-en-wordpress.html,Excluded by ‘noindex’ tag,BLOCKED_BY_META_TAG,2025-04-22T01:39:49Z,NEUTRAL
https://www.smackcoders.com/es/blog/ejemplos-de-archivos-csv-y-xml-para-la-importacion-de-prueba-wp-ultimate-csv-xml-importer.html,Submitted and indexed,INDEXING_ALLOWED,2026-01-02T00:10:56Z,PASS
https://www.smackcoders.com/es/blog/exportar-importar-una-sola-publicacion.html,Submitted and indexed,INDEXING_ALLOWED,2025-12-31T17:19:15Z,PASS
https://www.smackcoders.com/es/blog/exportar-pedidos-de-woocommerce-a-hojas-de-calculo-de-google.html,Submitted and indexed,INDEXING_ALLOWED,2025-12-24T17:30:52Z,PASS
https://www.smackcoders.com/es/blog/funciones-avanzadas-de-polylang-para-sitios-web-multilingues.html,Submitted and indexed,INDEXING_ALLOWED,2026-01-05T20:13:22Z,PASS
https://www.smackcoders.com/es/blog/ia-en-wordpress.html,Submitted and indexed,INDEXING_ALLOWED,2025-12-30T21:15:15Z,PASS
https://www.smackcoders.com/es/blog/importar-exportar-resenas-productos-woocommerce.html,Submitted and indexed,INDEXING_ALLOWED,2026-01-07T05:59:29Z,PASS
https://www.smackcoders.com/es/blog/importar-paginas-a-wordpress-una-guia-util.html,Submitted and indexed,INDEXING_ALLOWED,2026-01-04T16:48:49Z,PASS
https://www.smackcoders.com/es/blog/importar-productos-de-woocommerce-con-campos-personalizados.html,Submitted and indexed,INDEXING_ALLOWED,2026-01-07T05:39:35Z,PASS
https://www.smackcoders.com/es/blog/importar-productos-variables-a-woocommerce-usando-ultimate-csv-importer.html,Submitted and indexed,INDEXING_ALLOWED,2026-01-07T04:41:04Z,PASS
https://www.smackcoders.com/es/blog/importar-y-exportar-clientes-de-woocommerce.html,Submitted and indexed,INDEXING_ALLOWED,2025-12-29T05:42:10Z,PASS
https://www.smackcoders.com/es/blog/migrar-shopify-a-woocommerce.html,Submitted and indexed,INDEXING_ALLOWED,2025-12-31T13:26:28Z,PASS
https://www.smackcoders.com/es/blog/personalizacion-impulsada-por-ia.html,Submitted and indexed,INDEXING_ALLOWED,2025-12-27T21:28:17Z,PASS
https://www.smackcoders.com/es/blog/plugins-de-afiliados-de-woocommerce.html,Submitted and indexed,INDEXING_ALLOWED,2025-12-27T14:32:46Z,PASS
https://www.smackcoders.com/es/blog/plugins-seo-de-wordpress.html,Submitted and indexed,INDEXING_ALLOWED,2025-12-24T23:41:08Z,PASS
https://www.smackcoders.com/es/blog/tecnicas-avanzadas-para-importar-y-exportar-wordpress.html,Submitted and indexed,INDEXING_ALLOWED,2026-01-07T06:24:12Z,PASS
https://www.smackcoders.com/es/blog/tienda-woocommerce-para-usuarios-moviles.html,Submitted and indexed,INDEXING_ALLOWED,2025-12-28T21:51:00Z,PASS
https://www.smackcoders.com/es/blog/video-marketing-de-comercio-electronico.html,Submitted and indexed,INDEXING_ALLOWED,2026-01-01T06:50:40Z,PASS
https://www.smackcoders.com/es/contactenos.html,Submitted and indexed,INDEXING_ALLOWED,2025-12-27T07:53:28Z,PASS
https://www.smackcoders.com/es/correos-electronicos-de-seguimiento-de-wp.html,Submitted and indexed,INDEXING_ALLOWED,2026-01-05T15:59:55Z,PASS
https://www.smackcoders.com/es/creador-de-leads-de-wordpress-para-cualquier-crm.html,Submitted and indexed,INDEXING_ALLOWED,2025-12-27T13:59:08Z,PASS
https://www.smackcoders.com/es/documentation/creador-de-prospectos-de-wordpress-para-cualquier-profesional-de-crm/lead-builder-para-cualquier-crm-integracion-de-comercio-electronico,Submitted and indexed,INDEXING_ALLOWED,2025-12-27T09:59:26Z,PASS
https://www.smackcoders.com/es/documentation/creador-de-prospectos-de-wordpress-para-cualquier-profesional-de-crm/preguntas-frecuentes-sobre-el-lead-builder-y-videos,Submitted and indexed,INDEXING_ALLOWED,2025-12-27T14:06:38Z,PASS
https://www.smackcoders.com/es/documentation/creador-de-prospectos-de-wordpress-para-cualquier-profesional-de-crm/wp-lead-builder-para-cualquier-crm,Submitted and indexed,INDEXING_ALLOWED,2025-12-18T09:10:30Z,PASS
https://www.smackcoders.com/es/documentation/wp-exportador-definitivo/introduccion-exportador-definitivo,Submitted and indexed,INDEXING_ALLOWED,2026-01-03T07:52:42Z,PASS
https://www.smackcoders.com/es/documentation/wp-ultimate-csv-importer-pro/campo-personalizado-de-meta-box-clonable,Submitted and indexed,INDEXING_ALLOWED,2025-12-27T20:45:08Z,PASS
https://www.smackcoders.com/es/documentation/wp-ultimate-csv-importer-pro/como-importar-productos-variables-en-woocommerce,Submitted and indexed,INDEXING_ALLOWED,2026-01-04T14:34:20Z,PASS
https://www.smackcoders.com/es/documentation/wp-ultimate-csv-importer-pro/exportacion-de-wordpress-importar-una-sola-pagina,Submitted and indexed,INDEXING_ALLOWED,2025-12-21T03:22:04Z,PASS
https://www.smackcoders.com/es/documentation/wp-ultimate-csv-importer-pro/exportar-datos-de-wordpress-mediante-wp-query,Submitted and indexed,INDEXING_ALLOWED,2026-01-03T06:43:30Z,PASS
https://www.smackcoders.com/es/documentation/wp-ultimate-csv-importer-pro/filtros-de-importacion,Submitted and indexed,INDEXING_ALLOWED,2025-12-27T20:29:57Z,PASS
https://www.smackcoders.com/es/documentation/wp-ultimate-csv-importer-pro/guia-de-solucion-de-problemas,Submitted and indexed,INDEXING_ALLOWED,2025-12-31T11:47:24Z,PASS
https://www.smackcoders.com/es/documentation/wp-ultimate-csv-importer-pro/importacion-basada-en-iteraciones,Submitted and indexed,INDEXING_ALLOWED,2025-12-25T00:31:19Z,PASS
https://www.smackcoders.com/es/documentation/wp-ultimate-csv-importer-pro/importacion-de-csv-de-woocommerce,Submitted and indexed,INDEXING_ALLOWED,2026-01-04T22:27:01Z,PASS
https://www.smackcoders.com/es/documentation/wp-ultimate-csv-importer-pro/importacion-de-custom-field-suite,Submitted and indexed,INDEXING_ALLOWED,2025-12-20T22:27:23Z,PASS
https://www.smackcoders.com/es/documentation/wp-ultimate-csv-importer-pro/importacion-de-datos-de-learnpress,Submitted and indexed,INDEXING_ALLOWED,2025-12-31T06:17:38Z,PASS
https://www.smackcoders.com/es/documentation/wp-ultimate-csv-importer-pro/importacion-de-datos-de-motores-a-reaccion,Submitted and indexed,INDEXING_ALLOWED,2026-01-04T13:40:26Z,PASS
https://www.smackcoders.com/es/documentation/wp-ultimate-csv-importer-pro/importacion-de-publicaciones-paginas-y-publicaciones-personalizadas,Crawled - currently not indexed,INDEXING_ALLOWED,2025-07-16T10:18:27Z,NEUTRAL
https://www.smackcoders.com/es/documentation/wp-ultimate-csv-importer-pro/importacion-de-tipos-de-conjuntos-de-herramientas,Submitted and indexed,INDEXING_ALLOWED,2025-12-25T14:38:16Z,PASS
https://www.smackcoders.com/es/documentation/wp-ultimate-csv-importer-pro/importacion-multilingue-de-wp,Submitted and indexed,INDEXING_ALLOWED,2025-12-25T14:58:02Z,PASS
https://www.smackcoders.com/es/documentation/wp-ultimate-csv-importer-pro/importacion-seo-por-wp-ultimate-csv-importer,Submitted and indexed,INDEXING_ALLOWED,2025-12-27T15:16:46Z,PASS
https://www.smackcoders.com/es/documentation/wp-ultimate-csv-importer-pro/importacion-y-actualizacion-avanzada-de-campos-personalizados,Submitted and indexed,INDEXING_ALLOWED,2025-12-26T14:29:14Z,PASS
https://www.smackcoders.com/es/documentation/wp-ultimate-csv-importer-pro/importacion-y-actualizacion-de-bbpress,Submitted and indexed,INDEXING_ALLOWED,2025-12-27T14:16:46Z,PASS
https://www.smackcoders.com/es/documentation/wp-ultimate-csv-importer-pro/importacion-y-exportacion-de-datos-de-rankmath,Submitted and indexed,INDEXING_ALLOWED,2026-01-05T17:29:55Z,PASS
https://www.smackcoders.com/es/documentation/wp-ultimate-csv-importer-pro/importador-de-polylang-y-csv-importar-exportar-contenido-multilingue,Submitted and indexed,INDEXING_ALLOWED,2025-12-23T23:54:15Z,PASS
https://www.smackcoders.com/es/documentation/wp-ultimate-csv-importer-pro/importar-categorias-y-etiquetas-de-wordpress,Submitted and indexed,INDEXING_ALLOWED,2026-01-07T02:39:20Z,PASS
https://www.smackcoders.com/es/documentation/wp-ultimate-csv-importer-pro/importar-clientes-de-woocommerce,Submitted and indexed,INDEXING_ALLOWED,2025-12-25T03:00:43Z,PASS
https://www.smackcoders.com/es/documentation/wp-ultimate-csv-importer-pro/importar-datos-de-campos-serializados,Submitted and indexed,INDEXING_ALLOWED,2026-01-04T14:46:26Z,PASS
https://www.smackcoders.com/es/documentation/wp-ultimate-csv-importer-pro/importar-datos-de-excel-a-wordpress,Submitted and indexed,INDEXING_ALLOWED,2026-01-06T23:34:13Z,PASS
https://www.smackcoders.com/es/documentation/wp-ultimate-csv-importer-pro/importar-datos-de-jetreview-a-wordpress,Submitted and indexed,INDEXING_ALLOWED,2025-12-19T23:09:57Z,PASS
https://www.smackcoders.com/es/documentation/wp-ultimate-csv-importer-pro/importar-eventos-a-wordpress,Submitted and indexed,INDEXING_ALLOWED,2025-12-28T17:35:11Z,PASS
https://www.smackcoders.com/es/documentation/wp-ultimate-csv-importer-pro/importar-exportar-datos-de-jetbookings,Submitted and indexed,INDEXING_ALLOWED,2026-01-04T17:40:09Z,PASS
https://www.smackcoders.com/es/documentation/wp-ultimate-csv-importer-pro/importar-exportar-miembros-de-usuario,Submitted and indexed,INDEXING_ALLOWED,2025-12-29T21:36:29Z,PASS
https://www.smackcoders.com/es/documentation/wp-ultimate-csv-importer-pro/importar-imagenes-en-wordpress,Submitted and indexed,INDEXING_ALLOWED,2025-12-29T20:57:59Z,PASS
https://www.smackcoders.com/es/documentation/wp-ultimate-csv-importer-pro/importar-listados-de-directorios-comerciales-en-wordpress,Submitted and indexed,INDEXING_ALLOWED,2025-12-17T20:39:50Z,PASS
https://www.smackcoders.com/es/documentation/wp-ultimate-csv-importer-pro/importar-pedidos-de-woocommerce,Submitted and indexed,INDEXING_ALLOWED,2025-12-27T07:51:03Z,PASS
https://www.smackcoders.com/es/documentation/wp-ultimate-csv-importer-pro/importar-usuarios-de-exportacion-con-varios-roles-de-usuario,Submitted and indexed,INDEXING_ALLOWED,2025-12-23T18:02:29Z,PASS
https://www.smackcoders.com/es/documentation/wp-ultimate-csv-importer-pro/importar-y-exportar-campos-acpt-en-wordpress,Submitted and indexed,INDEXING_ALLOWED,2025-12-21T11:46:01Z,PASS
https://www.smackcoders.com/es/documentation/wp-ultimate-csv-importer-pro/importar-y-exportar-datos-lms-en-wordpress,Submitted and indexed,INDEXING_ALLOWED,2026-01-07T20:05:33Z,PASS
https://www.smackcoders.com/es/documentation/wp-ultimate-csv-importer-pro/importar-y-exportar-imagenes-de-la-galeria-nextgen,Submitted and indexed,INDEXING_ALLOWED,2025-12-30T06:31:23Z,PASS
https://www.smackcoders.com/es/documentation/wp-ultimate-csv-importer-pro/importar-y-exportar-listados-y-propietarios-en-wp-rentals,Submitted and indexed,INDEXING_ALLOWED,2025-12-27T13:56:16Z,PASS
https://www.smackcoders.com/es/documentation/wp-ultimate-csv-importer-pro/importar-y-exportar-resenas-de-woocommerce,Submitted and indexed,INDEXING_ALLOWED,2025-12-28T14:50:34Z,PASS
https://www.smackcoders.com/es/documentation/wp-ultimate-csv-importer-pro/importar-y-exportar-usuarios-de-wordpress,Submitted and indexed,INDEXING_ALLOWED,2025-12-30T21:17:52Z,PASS
https://www.smackcoders.com/es/documentation/wp-ultimate-csv-importer-pro/integracion-de-ia,Submitted and indexed,INDEXING_ALLOWED,2025-12-19T12:23:50Z,PASS
https://www.smackcoders.com/es/documentation/wp-ultimate-csv-importer-pro/introduccion-al-plugin-de-wordpress-ultimate-csv-xml-importer,Submitted and indexed,INDEXING_ALLOWED,2026-01-07T05:30:35Z,PASS
https://www.smackcoders.com/es/documentation/wp-ultimate-csv-importer-pro/los-clientes-exportan-datos-de-wordpress,Crawled - currently not indexed,INDEXING_ALLOWED,2025-09-19T08:52:20Z,NEUTRAL
https://www.smackcoders.com/es/documentation/wp-ultimate-csv-importer-pro/meta-box-campos-personalizados-importacion-de-datos-exportacion,Submitted and indexed,INDEXING_ALLOWED,2026-01-03T05:56:26Z,PASS
https://www.smackcoders.com/es/documentation/wp-ultimate-csv-importer-pro/migrar-datos-de-wordpress-y-woocommerce,Submitted and indexed,INDEXING_ALLOWED,2025-12-26T23:31:15Z,PASS
https://www.smackcoders.com/es/documentation/wp-ultimate-csv-importer-pro/modulos-de-importacion-csv-definitivos-de-wordpress,Submitted and indexed,INDEXING_ALLOWED,2026-01-09T01:26:24Z,PASS
https://www.smackcoders.com/es/documentation/wp-ultimate-csv-importer-pro/preguntas-frecuentes-relacionadas-con-wp-ultimate-csv-importer,Submitted and indexed,INDEXING_ALLOWED,2025-12-27T13:12:01Z,PASS
https://www.smackcoders.com/es/documentation/wp-ultimate-csv-importer-pro/que-es-elementor-import-export,Submitted and indexed,INDEXING_ALLOWED,2025-12-30T07:50:24Z,PASS
https://www.smackcoders.com/es/documentation/wp-ultimate-csv-importer-pro/seopress-importacion-y-exportacion,Submitted and indexed,INDEXING_ALLOWED,2025-12-27T11:01:57Z,PASS
https://www.smackcoders.com/es/plugins-inteligentes-para-wordpress.html,Submitted and indexed,INDEXING_ALLOWED,2025-12-18T07:25:02Z,PASS
https://www.smackcoders.com/es/politica-de-privacidad.html,Submitted and indexed,INDEXING_ALLOWED,2025-12-30T02:11:47Z,PASS
https://www.smackcoders.com/es/politica-de-reembolso.html,Submitted and indexed,INDEXING_ALLOWED,2025-12-25T14:28:23Z,PASS
https://www.smackcoders.com/es/sobre-nosotros.html,Submitted and indexed,INDEXING_ALLOWED,2025-12-27T01:09:21Z,PASS
https://www.smackcoders.com/es/terminos-y-condiciones.html,Crawled - currently not indexed,INDEXING_ALLOWED,2025-11-09T13:17:46Z,NEUTRAL
https://www.smackcoders.com/es/wp-exportador-definitivo.html,Submitted and indexed,INDEXING_ALLOWED,2025-12-30T04:09:32Z,PASS
https://www.smackcoders.com/es/wp-ultimate-csv-importer-pro.html,Submitted and indexed,INDEXING_ALLOWED,2026-01-08T17:08:11Z,PASS
https://www.smackcoders.com/es/wp-ultimate-csv-importer-pro/caracteristicas.html,Submitted and indexed,INDEXING_ALLOWED,2025-12-28T05:53:27Z,PASS
https://www.smackcoders.com/es/wp-ultimate-csv-importer-pro/importacion-de-metadatos-seo.html,Submitted and indexed,INDEXING_ALLOWED,2025-12-30T07:22:34Z,PASS
https://www.smackcoders.com/es/wp-ultimate-csv-importer-pro/importacion-de-toolset-types.html,Submitted and indexed,INDEXING_ALLOWED,2025-12-18T08:44:38Z,PASS
https://www.smackcoders.com/es/wp-ultimate-csv-importer-pro/importacion-exportacion-jetengine-con-ultimate-csv-importer.html,Submitted and indexed,INDEXING_ALLOWED,2025-12-20T21:57:11Z,PASS
https://www.smackcoders.com/es/wp-ultimate-csv-importer-pro/importar-campos-meta-box.html,Submitted and indexed,INDEXING_ALLOWED,2025-12-30T11:58:56Z,PASS
https://www.smackcoders.com/es/wp-ultimate-csv-importer-pro/importar-campos-personalizados-acf-desde-csv.html,Submitted and indexed,INDEXING_ALLOWED,2026-01-05T16:17:45Z,PASS
https://www.smackcoders.com/es/wp-ultimate-csv-importer-pro/importar-contenido-multilingue-de-wpml.html,Submitted and indexed,INDEXING_ALLOWED,2025-12-21T11:19:12Z,PASS
https://www.smackcoders.com/es/wp-ultimate-csv-importer-pro/importar-productos-de-woocommerce.html,Submitted and indexed,INDEXING_ALLOWED,2025-12-18T06:57:32Z,PASS
https://www.smackcoders.com/es/wp-ultimate-csv-importer-pro/precios.html,Submitted and indexed,INDEXING_ALLOWED,2025-12-31T13:15:57Z,PASS
https://www.smackcoders.com/es/wp-ultimate-csv-importer-pro/traduccion-de-importacion-de-polylang.html,Submitted and indexed,INDEXING_ALLOWED,2025-12-19T22:36:42Z,PASS
https://www.smackcoders.com/how-to-create-wordpress-post.html,Submitted and indexed,INDEXING_ALLOWED,2026-01-03T14:40:14Z,PASS
https://www.smackcoders.com/ja,blocked_by_robots,not_inspected,,blocked_by_robots
https://www.smackcoders.com/ja/about-us.html,Submitted and indexed,INDEXING_ALLOWED,2025-12-22T22:40:26Z,PASS
https://www.smackcoders.com/ja/aio-wp-media-library-manager.html,Submitted and indexed,INDEXING_ALLOWED,2026-01-05T02:43:13Z,PASS
https://www.smackcoders.com/ja/blog.html,Submitted and indexed,INDEXING_ALLOWED,2026-01-02T02:54:30Z,PASS
https://www.smackcoders.com/ja/blog/add-external-urls-to-featured-images-wordpress.html,Submitted and indexed,INDEXING_ALLOWED,2026-01-06T17:54:56Z,PASS
https://www.smackcoders.com/ja/blog/add-images-to-wordpress.html,Crawled - currently not indexed,INDEXING_ALLOWED,2025-11-09T19:46:15Z,NEUTRAL
https://www.smackcoders.com/ja/blog/advanced-techniques-for-wordpress-import-and-export.html,Submitted and indexed,INDEXING_ALLOWED,2026-01-01T06:21:37Z,PASS
https://www.smackcoders.com/ja/blog/ai-in-wordpress.html,Submitted and indexed,INDEXING_ALLOWED,2026-01-04T14:54:00Z,PASS
https://www.smackcoders.com/ja/blog/ai-powered-personalization-for-ecommerce.html,Submitted and indexed,INDEXING_ALLOWED,2025-12-27T09:01:39Z,PASS
https://www.smackcoders.com/ja/blog/blog-create-and-import-custom-post-types-in-wordpress.html,Submitted and indexed,INDEXING_ALLOWED,2026-01-02T17:30:53Z,PASS
https://www.smackcoders.com/ja/blog/create-a-multilingual-website-with-wpml.html,Submitted and indexed,INDEXING_ALLOWED,2026-01-04T14:16:13Z,PASS
https://www.smackcoders.com/ja/blog/create-custom-fields-with-acf-in-wordpress.html,Submitted and indexed,INDEXING_ALLOWED,2026-01-07T04:11:01Z,PASS
https://www.smackcoders.com/ja/blog/create-custom-taxonomies-with-acf.html,Submitted and indexed,INDEXING_ALLOWED,2026-01-08T19:37:10Z,PASS
https://www.smackcoders.com/ja/blog/enable-configure-wp-cron.html,Submitted and indexed,INDEXING_ALLOWED,2026-01-06T21:36:02Z,PASS
https://www.smackcoders.com/ja/blog/export-import-advanced-custom-fields-csv-wordpress.html,Submitted and indexed,INDEXING_ALLOWED,2026-01-04T10:37:10Z,PASS
https://www.smackcoders.com/ja/blog/export-import-single-wordpress-post-page-product.html,Submitted and indexed,INDEXING_ALLOWED,2025-12-27T20:22:29Z,PASS
https://www.smackcoders.com/ja/blog/export-woocommerce-orders-to-google-sheets.html,Submitted and indexed,INDEXING_ALLOWED,2025-12-30T04:19:14Z,PASS
https://www.smackcoders.com/ja/blog/how-to-export-wordpress-users.html,Submitted and indexed,INDEXING_ALLOWED,2025-12-30T06:22:23Z,PASS
https://www.smackcoders.com/ja/blog/how-to-import-csv-file-in-wordpress-without-plugin.html,Submitted and indexed,INDEXING_ALLOWED,2026-01-05T10:43:32Z,PASS
https://www.smackcoders.com/ja/blog/how-to-import-csv-file-in-wordpress.html,Submitted and indexed,INDEXING_ALLOWED,2026-01-04T16:32:38Z,PASS
https://www.smackcoders.com/ja/blog/how-to-import-page-to-wordpress.html,Submitted and indexed,INDEXING_ALLOWED,2026-01-05T00:10:48Z,PASS
https://www.smackcoders.com/ja/blog/how-to-install-wamp-and-xampp.html,Submitted and indexed,INDEXING_ALLOWED,2026-01-05T09:45:59Z,PASS
https://www.smackcoders.com/ja/blog/import-and-export-woocommerce-customers.html,Submitted and indexed,INDEXING_ALLOWED,2026-01-07T06:09:34Z,PASS
https://www.smackcoders.com/ja/blog/import-export-custom-post-types-plugin-data.html,Submitted and indexed,INDEXING_ALLOWED,2026-01-06T12:48:14Z,PASS
https://www.smackcoders.com/ja/blog/import-variable-products-into-woocommerce.html,Excluded by ‘noindex’ tag,BLOCKED_BY_META_TAG,2025-04-18T23:42:00Z,NEUTRAL
https://www.smackcoders.com/ja/blog/import-woocommerce-products-with-custom-fields.html,Submitted and indexed,INDEXING_ALLOWED,2026-01-07T05:34:35Z,PASS
https://www.smackcoders.com/ja/blog/pre-orders-and-backorders-in-woocommerce.html,Submitted and indexed,INDEXING_ALLOWED,2026-01-04T06:44:31Z,PASS
https://www.smackcoders.com/ja/blog/social-media-marketing-for-small-businesses.html,Submitted and indexed,INDEXING_ALLOWED,2025-12-27T13:09:41Z,PASS
https://www.smackcoders.com/ja/blog/wordpress-seo-guide.html,Submitted and indexed,INDEXING_ALLOWED,2025-12-27T06:26:23Z,PASS
https://www.smackcoders.com/ja/blog/wordpress-ultimate-csv-importer-csv-sample-files-and-updates.html,Submitted and indexed,INDEXING_ALLOWED,2026-01-04T06:33:32Z,PASS
https://www.smackcoders.com/ja/contact-us.html,Submitted and indexed,INDEXING_ALLOWED,2025-12-28T17:06:55Z,PASS
https://www.smackcoders.com/ja/documentation/wordpress-leads-builder-for-any-crm-pro/e-commerce-integration,Submitted and indexed,INDEXING_ALLOWED,2025-12-29T08:26:40Z,PASS
https://www.smackcoders.com/ja/documentation/wordpress-leads-builder-for-any-crm-pro/faq-leads-builder,Submitted and indexed,INDEXING_ALLOWED,2025-12-18T07:52:04Z,PASS
https://www.smackcoders.com/ja/documentation/wordpress-leads-builder-for-any-crm-pro/lead-builder-for-any-crm,Submitted and indexed,INDEXING_ALLOWED,2025-12-25T14:47:39Z,PASS
https://www.smackcoders.com/ja/documentation/wp-ultimate-csv-importer/acf-import,Submitted and indexed,INDEXING_ALLOWED,2026-01-05T00:36:10Z,PASS
https://www.smackcoders.com/ja/documentation/wp-ultimate-csv-importer/advanced-import-filters,Submitted and indexed,INDEXING_ALLOWED,2025-12-27T14:03:46Z,PASS
https://www.smackcoders.com/ja/documentation/wp-ultimate-csv-importer/ai-integration,Submitted and indexed,INDEXING_ALLOWED,2025-12-27T01:51:22Z,PASS
https://www.smackcoders.com/ja/documentation/wp-ultimate-csv-importer/bbpress-import-and-update,Submitted and indexed,INDEXING_ALLOWED,2025-12-28T14:37:57Z,PASS
https://www.smackcoders.com/ja/documentation/wp-ultimate-csv-importer/chatgpt-integration,Submitted and indexed,INDEXING_ALLOWED,2025-12-09T16:13:33Z,PASS
https://www.smackcoders.com/ja/documentation/wp-ultimate-csv-importer/custom-field-suite-import,Submitted and indexed,INDEXING_ALLOWED,2026-01-05T00:11:48Z,PASS
https://www.smackcoders.com/ja/documentation/wp-ultimate-csv-importer/export-wordpress-data-using-wp-query,Submitted and indexed,INDEXING_ALLOWED,2025-12-27T15:35:31Z,PASS
https://www.smackcoders.com/ja/documentation/wp-ultimate-csv-importer/how-to-import-csv,Submitted and indexed,INDEXING_ALLOWED,2026-01-05T11:22:19Z,PASS
https://www.smackcoders.com/ja/documentation/wp-ultimate-csv-importer/how-to-import-schedule-or-update,Submitted and indexed,INDEXING_ALLOWED,2026-01-07T04:59:35Z,PASS
https://www.smackcoders.com/ja/documentation/wp-ultimate-csv-importer/how-to-import-variable-products-in-woocommerce,Submitted and indexed,INDEXING_ALLOWED,2026-01-06T17:25:31Z,PASS
https://www.smackcoders.com/ja/documentation/wp-ultimate-csv-importer/how-to-import-woocommerce-orders,Submitted and indexed,INDEXING_ALLOWED,2025-12-26T12:07:40Z,PASS
https://www.smackcoders.com/ja/documentation/wp-ultimate-csv-importer/import-and-export-listings-and-owners-in-wp-rentals,Submitted and indexed,INDEXING_ALLOWED,2025-12-02T07:37:12Z,PASS
https://www.smackcoders.com/ja/documentation/wp-ultimate-csv-importer/import-and-export-lms-data,Submitted and indexed,INDEXING_ALLOWED,2025-12-18T09:21:17Z,PASS
https://www.smackcoders.com/ja/documentation/wp-ultimate-csv-importer/import-and-export-nextgen-gallery-images,Submitted and indexed,INDEXING_ALLOWED,2025-12-30T21:54:22Z,PASS
https://www.smackcoders.com/ja/documentation/wp-ultimate-csv-importer/import-and-export-woocommerce-reviews,Submitted and indexed,INDEXING_ALLOWED,2026-01-01T20:36:04Z,PASS
https://www.smackcoders.com/ja/documentation/wp-ultimate-csv-importer/import-and-export-wordpress-users,Submitted and indexed,INDEXING_ALLOWED,2026-01-01T21:18:11Z,PASS
https://www.smackcoders.com/ja/documentation/wp-ultimate-csv-importer/import-business-directory-listings-in-wordpress,Submitted and indexed,INDEXING_ALLOWED,2026-01-05T13:32:11Z,PASS
https://www.smackcoders.com/ja/documentation/wp-ultimate-csv-importer/import-data-from-excel-to-wordpress,Submitted and indexed,INDEXING_ALLOWED,2026-01-06T09:31:06Z,PASS
https://www.smackcoders.com/ja/documentation/wp-ultimate-csv-importer/import-events-into-wordpress,Crawled - currently not indexed,INDEXING_ALLOWED,2025-08-15T00:35:36Z,NEUTRAL
https://www.smackcoders.com/ja/documentation/wp-ultimate-csv-importer/import-export-acpt-fields-in-wordpress,Submitted and indexed,INDEXING_ALLOWED,2025-12-24T20:23:12Z,PASS
https://www.smackcoders.com/ja/documentation/wp-ultimate-csv-importer/import-export-jetbookings-data,Submitted and indexed,INDEXING_ALLOWED,2026-01-05T17:34:25Z,PASS
https://www.smackcoders.com/ja/documentation/wp-ultimate-csv-importer/import-export-user-members,Submitted and indexed,INDEXING_ALLOWED,2026-01-07T05:24:35Z,PASS
https://www.smackcoders.com/ja/documentation/wp-ultimate-csv-importer/import-export-users-with-multiple-user-roles,Submitted and indexed,INDEXING_ALLOWED,2025-12-27T16:13:01Z,PASS
https://www.smackcoders.com/ja/documentation/wp-ultimate-csv-importer/import-images-into-wordpress,Submitted and indexed,INDEXING_ALLOWED,2026-01-01T23:48:11Z,PASS
https://www.smackcoders.com/ja/documentation/wp-ultimate-csv-importer/import-jetreview-data-into-wordpress,Submitted and indexed,INDEXING_ALLOWED,2025-12-26T01:53:01Z,PASS
https://www.smackcoders.com/ja/documentation/wp-ultimate-csv-importer/import-serialized-fields-data,Submitted and indexed,INDEXING_ALLOWED,2025-12-27T20:19:11Z,PASS
https://www.smackcoders.com/ja/documentation/wp-ultimate-csv-importer/import-woocommerce-customers,Submitted and indexed,INDEXING_ALLOWED,2025-12-27T09:30:41Z,PASS
https://www.smackcoders.com/ja/documentation/wp-ultimate-csv-importer/import-wordpress-categories-and-tags,Submitted and indexed,INDEXING_ALLOWED,2026-01-04T17:03:00Z,PASS
https://www.smackcoders.com/ja/documentation/wp-ultimate-csv-importer/importer-faq,Submitted and indexed,INDEXING_ALLOWED,2025-12-31T18:43:33Z,PASS
https://www.smackcoders.com/ja/documentation/wp-ultimate-csv-importer/iteration-based-import,Submitted and indexed,INDEXING_ALLOWED,2025-12-25T13:21:10Z,PASS
https://www.smackcoders.com/ja/documentation/wp-ultimate-csv-importer/jet-engine-data-import,Submitted and indexed,INDEXING_ALLOWED,2025-12-27T13:47:50Z,PASS
https://www.smackcoders.com/ja/documentation/wp-ultimate-csv-importer/learnpress-data-import,Submitted and indexed,INDEXING_ALLOWED,2025-12-23T07:36:28Z,PASS
https://www.smackcoders.com/ja/documentation/wp-ultimate-csv-importer/let-clients-export-wordpress-data,Submitted and indexed,INDEXING_ALLOWED,2025-12-30T02:17:32Z,PASS
https://www.smackcoders.com/ja/documentation/wp-ultimate-csv-importer/meta-box-custom-field-cloneable,Submitted and indexed,INDEXING_ALLOWED,2026-01-06T14:51:18Z,PASS
https://www.smackcoders.com/ja/documentation/wp-ultimate-csv-importer/metabox-import-export,Submitted and indexed,INDEXING_ALLOWED,2026-01-03T05:01:39Z,PASS
https://www.smackcoders.com/ja/documentation/wp-ultimate-csv-importer/migrate-wordpress-and-woocommerce-data,Submitted and indexed,INDEXING_ALLOWED,2025-12-31T15:39:47Z,PASS
https://www.smackcoders.com/ja/documentation/wp-ultimate-csv-importer/polylang-multilingual-content-import-export,Submitted and indexed,INDEXING_ALLOWED,2026-01-04T19:03:33Z,PASS
https://www.smackcoders.com/ja/documentation/wp-ultimate-csv-importer/post-page-custompost-import,Submitted and indexed,INDEXING_ALLOWED,2026-01-06T08:24:23Z,PASS
https://www.smackcoders.com/ja/documentation/wp-ultimate-csv-importer/rankmath-data-import-and-export,Submitted and indexed,INDEXING_ALLOWED,2025-12-29T08:17:49Z,PASS
https://www.smackcoders.com/ja/documentation/wp-ultimate-csv-importer/seo-import,Submitted and indexed,INDEXING_ALLOWED,2026-01-06T17:11:52Z,PASS
https://www.smackcoders.com/ja/documentation/wp-ultimate-csv-importer/seopress-import-export,Submitted and indexed,INDEXING_ALLOWED,2025-12-28T19:03:00Z,PASS
https://www.smackcoders.com/ja/documentation/wp-ultimate-csv-importer/toolset-types-import,Submitted and indexed,INDEXING_ALLOWED,2025-12-27T15:43:24Z,PASS
https://www.smackcoders.com/ja/documentation/wp-ultimate-csv-importer/troubleshooting-guide,Submitted and indexed,INDEXING_ALLOWED,2026-01-04T04:21:49Z,PASS
https://www.smackcoders.com/ja/documentation/wp-ultimate-csv-importer/what-is-elementor-import-export,Submitted and indexed,INDEXING_ALLOWED,2025-12-31T02:57:04Z,PASS
https://www.smackcoders.com/ja/documentation/wp-ultimate-csv-importer/woocommerces,Submitted and indexed,INDEXING_ALLOWED,2025-12-25T14:22:57Z,PASS
https://www.smackcoders.com/ja/documentation/wp-ultimate-csv-importer/wordpress-export-import-single-page,Crawled - currently not indexed,INDEXING_ALLOWED,2025-11-09T14:39:37Z,NEUTRAL
https://www.smackcoders.com/ja/documentation/wp-ultimate-csv-importer/wpml-multilingual-import,Submitted and indexed,INDEXING_ALLOWED,2025-12-29T05:41:10Z,PASS
https://www.smackcoders.com/ja/documentation/wp-ultimate-exporter/wordpress-exporter-guide,Submitted and indexed,INDEXING_ALLOWED,2026-01-07T10:21:03Z,PASS
https://www.smackcoders.com/ja/easy-inventory-and-stock-manager-for-woocommerce.html,Submitted and indexed,INDEXING_ALLOWED,2026-01-01T11:49:34Z,PASS
https://www.smackcoders.com/ja/partnership.html,Submitted and indexed,INDEXING_ALLOWED,2025-12-27T16:20:31Z,PASS
https://www.smackcoders.com/ja/privacy-policy.html,Submitted and indexed,INDEXING_ALLOWED,2025-12-30T02:00:32Z,PASS
https://www.smackcoders.com/ja/refund-policy.html,Submitted and indexed,INDEXING_ALLOWED,2026-01-05T16:50:25Z,PASS
https://www.smackcoders.com/ja/support.html,Submitted and indexed,INDEXING_ALLOWED,2025-12-28T18:56:00Z,PASS
https://www.smackcoders.com/ja/terms-and-conditions.html,Crawled - currently not indexed,INDEXING_ALLOWED,2025-09-23T16:35:06Z,NEUTRAL
https://www.smackcoders.com/ja/wordpress.html,Submitted and indexed,INDEXING_ALLOWED,2025-12-22T22:43:01Z,PASS
https://www.smackcoders.com/ja/wp-all-import-alternative.html,Submitted and indexed,INDEXING_ALLOWED,2026-01-08T23:53:26Z,PASS
https://www.smackcoders.com/ja/wp-follow-up-emails.html,Submitted and indexed,INDEXING_ALLOWED,2025-12-27T20:08:57Z,PASS
https://www.smackcoders.com/ja/wp-leads-builder-any-crm-pro.html,Submitted and indexed,INDEXING_ALLOWED,2025-12-27T11:18:41Z,PASS
https://www.smackcoders.com/ja/wp-ultimate-csv-importer-pro.html,Submitted and indexed,INDEXING_ALLOWED,2026-01-04T23:44:08Z,PASS
https://www.smackcoders.com/ja/wp-ultimate-csv-importer-pro/features.html,Submitted and indexed,INDEXING_ALLOWED,2025-12-27T13:51:31Z,PASS
https://www.smackcoders.com/ja/wp-ultimate-csv-importer-pro/import-acf-custom-fields-from-csv.html,Submitted and indexed,INDEXING_ALLOWED,2025-12-31T11:20:56Z,PASS
https://www.smackcoders.com/ja/wp-ultimate-csv-importer-pro/import-meta-box-fields.html,Submitted and indexed,INDEXING_ALLOWED,2025-12-24T19:23:08Z,PASS
https://www.smackcoders.com/ja/wp-ultimate-csv-importer-pro/import-wpml-multilingual-content.html,Submitted and indexed,INDEXING_ALLOWED,2025-12-23T10:58:37Z,PASS
https://www.smackcoders.com/ja/wp-ultimate-csv-importer-pro/jetengine-cct-import.html,Submitted and indexed,INDEXING_ALLOWED,2025-12-30T12:23:30Z,PASS
https://www.smackcoders.com/ja/wp-ultimate-csv-importer-pro/polylang-import-translation.html,Submitted and indexed,INDEXING_ALLOWED,2025-12-23T12:52:40Z,PASS
https://www.smackcoders.com/ja/wp-ultimate-csv-importer-pro/pricing.html,Crawled - currently not indexed,INDEXING_ALLOWED,2025-12-30T04:04:41Z,NEUTRAL
https://www.smackcoders.com/ja/wp-ultimate-csv-importer-pro/seo-meta-data-import.html,Submitted and indexed,INDEXING_ALLOWED,2025-12-22T00:05:41Z,PASS
https://www.smackcoders.com/ja/wp-ultimate-csv-importer-pro/toolset-types-import.html,Submitted and indexed,INDEXING_ALLOWED,2025-12-27T14:29:01Z,PASS
https://www.smackcoders.com/ja/wp-ultimate-csv-importer-pro/woocommerce-import-products.html,Submitted and indexed,INDEXING_ALLOWED,2025-12-27T13:29:05Z,PASS
https://www.smackcoders.com/ja/wp-ultimate-exporter.html,Submitted and indexed,INDEXING_ALLOWED,2026-01-05T20:31:32Z,PASS
https://www.smackcoders.com/manage-large-wordpress-sites-without-slowing-down.html,Submitted and indexed,INDEXING_ALLOWED,2026-01-04T12:38:09Z,PASS
https://www.smackcoders.com/partnership.html,Submitted and indexed,INDEXING_ALLOWED,2026-01-07T04:44:35Z,PASS
https://www.smackcoders.com/privacy-policy.html,Submitted and indexed,INDEXING_ALLOWED,2026-01-06T07:03:17Z,PASS
https://www.smackcoders.com/refund-policy.html,Submitted and indexed,INDEXING_ALLOWED,2026-01-06T04:20:26Z,PASS
https://www.smackcoders.com/support.html,Submitted and indexed,INDEXING_ALLOWED,2025-12-29T09:21:28Z,PASS
https://www.smackcoders.com/terms-and-conditions.html,Submitted and indexed,INDEXING_ALLOWED,2025-12-25T09:01:04Z,PASS
https://www.smackcoders.com/woocommerce-to-shopify-sync-pro.html,Submitted and indexed,INDEXING_ALLOWED,2026-01-01T21:36:18Z,PASS
https://www.smackcoders.com/wordpress.html,Submitted and indexed,INDEXING_ALLOWED,2026-01-08T11:59:27Z,PASS
https://www.smackcoders.com/wp-all-import-alternative.html,Submitted and indexed,INDEXING_ALLOWED,2026-01-01T13:04:34Z,PASS
https://www.smackcoders.com/wp-follow-up-emails.html,Submitted and indexed,INDEXING_ALLOWED,2025-12-30T06:37:42Z,PASS
https://www.smackcoders.com/wp-leads-builder-any-crm-pro.html,Submitted and indexed,INDEXING_ALLOWED,2025-12-30T18:21:24Z,PASS
https://www.smackcoders.com/wp-ultimate-csv-importer-pro.html,Submitted and indexed,INDEXING_ALLOWED,2026-01-05T10:58:11Z,PASS
https://www.smackcoders.com/wp-ultimate-csv-importer-pro/changelog.html,Submitted and indexed,INDEXING_ALLOWED,2025-12-27T16:01:46Z,PASS
https://www.smackcoders.com/wp-ultimate-csv-importer-pro/features.html,Submitted and indexed,INDEXING_ALLOWED,2026-01-07T07:04:10Z,PASS
https://www.smackcoders.com/wp-ultimate-csv-importer-pro/import-acf-custom-fields-from-csv.html,Submitted and indexed,INDEXING_ALLOWED,2026-01-04T03:28:36Z,PASS
https://www.smackcoders.com/wp-ultimate-csv-importer-pro/import-meta-box-fields.html,Submitted and indexed,INDEXING_ALLOWED,2025-12-31T17:00:12Z,PASS
https://www.smackcoders.com/wp-ultimate-csv-importer-pro/import-wpml-multilingual-content.html,Submitted and indexed,INDEXING_ALLOWED,2026-01-06T18:31:06Z,PASS
https://www.smackcoders.com/wp-ultimate-csv-importer-pro/jetengine-cct-import.html,Submitted and indexed,INDEXING_ALLOWED,2026-01-01T22:16:55Z,PASS
https://www.smackcoders.com/wp-ultimate-csv-importer-pro/polylang-import-translation.html,Submitted and indexed,INDEXING_ALLOWED,2025-12-27T14:09:16Z,PASS
https://www.smackcoders.com/wp-ultimate-csv-importer-pro/pricing.html,Submitted and indexed,INDEXING_ALLOWED,2026-01-05T17:20:25Z,PASS
https://www.smackcoders.com/wp-ultimate-csv-importer-pro/seo-meta-data-import.html,Submitted and indexed,INDEXING_ALLOWED,2025-12-30T05:36:23Z,PASS
https://www.smackcoders.com/wp-ultimate-csv-importer-pro/toolset-types-import.html,Submitted and indexed,INDEXING_ALLOWED,2025-12-27T00:32:13Z,PASS
https://www.smackcoders.com/wp-ultimate-csv-importer-pro/woocommerce-import-products.html,Submitted and indexed,INDEXING_ALLOWED,2026-01-05T10:54:10Z,PASS
https://www.smackcoders.com/wp-ultimate-exporter.html,Submitted and indexed,INDEXING_ALLOWED,2026-01-06T09:38:08Z,PASS
