url,http_status,LCP_sec,INP_ms,CLS,Performance_score
https://www.smackcoders.com/blog/how-to-install-wamp-and-xampp.html,200,7.901824215121681,0,0.00027352495389263657,65.0
https://www.smackcoders.com/blog/wordpress-ultimate-csv-importer-csv-sample-files-and-updates.html,200,9.385642447560215,0,0.0,60.0
https://www.smackcoders.com/wp-ultimate-csv-importer-pro.html,200,9.700243059990408,0,0.0,52.0
https://www.smackcoders.com/blog/how-to-install-ioncube-loaders-simple-steps-for-various-hosting-types.html,200,9.353612997871867,0,0.0,59.0
https://www.smackcoders.com/blog/enable-configure-wp-cron.html,200,9.549659463555738,0,0.0,59.0
https://www.smackcoders.com/ja/blog/add-external-urls-to-featured-images-wordpress.html,200,7.852349474072274,0,0.0,65.0
https://www.smackcoders.com/,200,7.997104004903293,0,0.0038927175500191088,64.0
https://www.smackcoders.com/wp-all-import-alternative.html,200,10.262298049431607,0,0.0,55.00000000000001
https://www.smackcoders.com/blog/add-external-urls-to-featured-images-wordpress.html,200,8.701032224988696,0,0.010095379020143758,64.0
https://www.smackcoders.com/ja/blog/how-to-import-page-to-wordpress.html,200,8.848453142077364,0,0.003372635004769663,63.0
https://www.smackcoders.com/blog/how-to-import-page-to-wordpress.html,200,3.45500751446641,0,0.004066446599418989,86.0
https://www.smackcoders.com/contact-us.html,200,14.699528491892254,0,0.0,48.0
https://www.smackcoders.com/documentation/wp-ultimate-csv-importer-pro/import-images-into-wordpress,200,10.50525983285304,0,0.0,57.99999999999999
https://www.smackcoders.com/blog/export-import-advanced-custom-fields-csv-wordpress.html,200,9.015507796639097,0,0.0,56.00000000000001
https://www.smackcoders.com/blog/create-a-multilingual-website-with-wpml.html,200,9.157697832611229,0,0.011768738154768315,59.0
https://www.smackcoders.com/blog/optimize-wordpress-database-for-large-sites.html,200,4.651030004345264,0,0.020158708205174906,78.0
https://www.smackcoders.com/ja/blog/export-import-advanced-custom-fields-csv-wordpress.html,200,7.2024979337416095,0,0.0015445500452828083,66.0
https://www.smackcoders.com/documentation/wp-ultimate-csv-importer-pro/import-and-export-nextgen-gallery-images,200,10.519585401039818,0,0.0,57.99999999999999
https://www.smackcoders.com/ja/blog/enable-configure-wp-cron.html,0,9.051893684466853,0,0.0016992060485778468,62.0
https://www.smackcoders.com/ja/wp-ultimate-csv-importer-pro.html,200,9.175191845393112,0,0.0,51.0
https://www.smackcoders.com/about-us.html,200,8.947657892623514,0,0.0,60.0
https://www.smackcoders.com/ja/documentation/wp-ultimate-csv-importer/import-images-into-wordpress,200,10.28016387577961,0,0.0,59.0
https://www.smackcoders.com/ja/blog/how-to-import-csv-file-in-wordpress.html,200,8.93773616530178,0,0.0,56.99999999999999
https://www.smackcoders.com/blog/ppom-for-woocommerce-import-export-custom-fields.html,200,9.34688174495533,0,0.0,60.0
https://www.smackcoders.com/ja/blog/import-export-custom-post-types-plugin-data.html,200,9.377953990652818,0,0.0,59.0
https://www.smackcoders.com/ja/documentation/wp-ultimate-csv-importer/acf-import,200,10.52724873080899,0,0.0,57.99999999999999
https://www.smackcoders.com/documentation/woocommerce-to-shopify-integration/woocommerce-to-shopify-customer-sync,200,10.327799622019887,0,0.0,57.99999999999999
https://www.smackcoders.com/blog/build-dynamic-wordpress-sites-with-custom-post-types.html,200,9.123164566909981,0,0.0,60.0
https://www.smackcoders.com/blog/create-a-form-in-wordpress-without-plugins.html,200,9.80966212752831,0,0.0,59.0
https://www.smackcoders.com/blog/import-export-elementor-as-csv.html,200,7.030747535701721,0,0.002512844498694594,72.0
https://www.smackcoders.com/blog/export-import-single-wordpress-post-page-product.html,200,9.239170914538768,0,0.0,60.0
https://www.smackcoders.com/blog/how-to-import-csv-file-in-wordpress-without-plugin.html,200,8.290133958557938,0,0.017126952954141527,64.0
https://www.smackcoders.com/documentation/wp-ultimate-csv-importer-pro/how-to-import-variable-products-in-woocommerce,200,10.595886205633764,0,0.0,57.99999999999999
https://www.smackcoders.com/documentation/wp-ultimate-csv-importer-pro/learnpress-data-import,200,10.328104317492718,0,0.0,57.99999999999999
https://www.smackcoders.com/documentation/wp-ultimate-csv-importer-pro/troubleshooting-guide,200,10.423687161718497,0,0.0,59.0
https://www.smackcoders.com/documentation/wp-ultimate-csv-importer-pro/what-is-elementor-import-export,200,10.429768376294014,0,0.0,57.99999999999999
https://www.smackcoders.com/es/blog/como-instalar-wamp-y-xampp.html,200,9.572472456689791,0,0.0,59.0
https://www.smackcoders.com/es/blog/como-importar-archivos-csv-a-wordpress-de-manera-eficiente.html,200,9.209170578734987,0,0.0,62.0
https://www.smackcoders.com/ja/blog/create-a-multilingual-website-with-wpml.html,200,9.100412818708042,0,0.0,61.0
https://www.smackcoders.com/ja/documentation/wp-ultimate-csv-importer/bbpress-import-and-update,200,5.55101493457568,0,0.0009237526608478559,72.0
https://www.smackcoders.com/ja/documentation/wp-ultimate-csv-importer/import-data-from-excel-to-wordpress,200,5.327025093502184,0,0.004055018594991776,68.0
https://www.smackcoders.com/blog/best-wordpress-speed-optimization-plugins.html,200,9.429271483542827,0,0.0,59.0
https://www.smackcoders.com/woocommerce-to-shopify-sync-pro.html,200,9.010302785998412,0,0.0,59.0
https://www.smackcoders.com/blog/create-custom-taxonomies-with-acf.html,200,9.530739295095922,0,0.0,59.0
https://www.smackcoders.com/ja/documentation/wp-ultimate-csv-importer/import-wordpress-categories-and-tags,200,10.24542015503522,0,0.0,59.0
https://www.smackcoders.com/blog/advanced-techniques-for-wordpress-import-and-export.html,200,9.393701149796717,0,0.0,56.99999999999999
https://www.smackcoders.com/blog/ai-generated-wordpress-content-import.html,0,9.279202014918624,0,0.0,60.0
https://www.smackcoders.com/blog/ultimate-csv-importer-pro-v8-2.html,200,8.676106850031935,0,0.004431422688680052,63.0
https://www.smackcoders.com/blog/polylang-import-products-woocommerce.html,200,9.381303131764643,0,0.0,57.99999999999999
https://www.smackcoders.com/deals.html,200,10.414685126314783,0,0.0,59.0
https://www.smackcoders.com/blog/import-export-custom-post-types-plugin-data.html,200,9.53455073515916,0,0.0,56.00000000000001
https://www.smackcoders.com/blog/import-export-gravity-forms-entries.html,200,9.427663513996038,0,0.0,57.99999999999999
https://www.smackcoders.com/blog/import-export-woocommerce-product-reviews.html,200,8.990247147635575,0,0.010689603783060667,56.99999999999999
https://www.smackcoders.com/documentation/wp-ultimate-csv-importer-pro/custom-field-suite-import,200,10.442379500992498,0,0.0,57.99999999999999
https://www.smackcoders.com/documentation.html,200,4.501018551845954,0,0.0019650841690605765,78.0
https://www.smackcoders.com/documentation/wordpress-leads-builder-for-any-crm-pro/lead-builder-for-any-crm,200,10.655094401935681,0,0.0,57.99999999999999
https://www.smackcoders.com/documentation/wp-ultimate-csv-importer-pro/import-data-from-excel-to-wordpress,200,10.407710935779072,0,0.0,57.99999999999999
https://www.smackcoders.com/documentation/wp-ultimate-csv-importer-pro/import-export-acpt-fields-in-wordpress,200,10.052490476537153,0,0.0,57.99999999999999
https://www.smackcoders.com/documentation/wp-ultimate-csv-importer-pro/import-export-users-with-multiple-user-roles,200,10.456723948177089,0,0.0,57.99999999999999
https://www.smackcoders.com/documentation/wp-ultimate-csv-importer-pro/import-jetreview-data-into-wordpress,200,10.434669541740236,0,0.0,59.0
https://www.smackcoders.com/documentation/wp-ultimate-csv-importer-pro/import-wordpress-categories-and-tags,200,9.539191947530126,0,0.0,61.0
https://www.smackcoders.com/documentation/wp-ultimate-csv-importer-pro/how-to-import-schedule-or-update,200,10.306983964067074,0,0.0,56.99999999999999
https://www.smackcoders.com/documentation/wp-ultimate-csv-importer-pro/iteration-based-import,200,10.447484994078314,0,0.0,57.99999999999999
https://www.smackcoders.com/documentation/wp-ultimate-csv-importer-pro/rankmath-data-import-and-export,200,10.420860437133449,0,0.0,57.99999999999999
https://www.smackcoders.com/documentation/wp-ultimate-csv-importer-pro/seo-import,200,10.516258902287719,0,0.0,57.99999999999999
https://www.smackcoders.com/documentation/wp-ultimate-csv-importer-pro/jet-engine-data-import,200,10.050278449401631,0,0.0,56.00000000000001
https://www.smackcoders.com/easy-inventory-and-stock-manager-for-woocommerce.html,200,4.352020879930904,0,0.0006741786881988356,78.0
https://www.smackcoders.com/documentation/wp-ultimate-csv-importer-pro/woocommerces,200,10.167715370987276,0,0.0,57.99999999999999
https://www.smackcoders.com/es/blog/importar-paginas-a-wordpress-una-guia-util.html,200,9.460967935790402,0,0.0,60.0
https://www.smackcoders.com/es/blog/creacion-de-taxonomias-personalizadas-con-el-complemento-acf-una-guia-paso-a-paso.html,200,9.301441931366911,0,0.0,59.0
https://www.smackcoders.com/es/blog/como-exportar-usuarios-de-wordpress-una-guia-paso-a-paso.html,200,9.449697953776893,0,0.0,59.0
https://www.smackcoders.com/es/blog/como-anadir-urls-externas-a-las-imagenes-destacadas-en-wordpress.html,200,9.633446433509045,0,0.0,59.0
https://www.smackcoders.com/es/blog/tecnicas-avanzadas-para-importar-y-exportar-wordpress.html,200,8.787095937149607,0,0.012075426057452082,50.0
https://www.smackcoders.com/ja/blog/ai-in-wordpress.html,200,9.375147287228504,0,0.0,59.0
https://www.smackcoders.com/ja/blog/advanced-techniques-for-wordpress-import-and-export.html,200,9.03446116362335,0,0.0,61.0
https://www.smackcoders.com/es/documentation/wp-ultimate-csv-importer-pro/importar-imagenes-en-wordpress,200,10.347713313174431,0,0.0,57.99999999999999
https://www.smackcoders.com/ja/blog/create-custom-fields-with-acf-in-wordpress.html,200,9.465024399022688,0,0.0,61.0
https://www.smackcoders.com/ja/blog/create-custom-taxonomies-with-acf.html,200,9.31047405784137,0,0.0,54.0
https://www.smackcoders.com/ja,200,8.165428862176363,0,0.0,53.0
https://www.smackcoders.com/ja/blog/pre-orders-and-backorders-in-woocommerce.html,200,9.27569055185116,0,0.0,59.0
https://www.smackcoders.com/ja/documentation/wp-ultimate-csv-importer/how-to-import-csv,200,9.740627382338836,0,0.0,60.0
https://www.smackcoders.com/ja/blog/wordpress-ultimate-csv-importer-csv-sample-files-and-updates.html,200,9.838118236672363,0,0.0,52.0
https://www.smackcoders.com/ja/documentation/wp-ultimate-csv-importer/import-export-user-members,200,10.421064779766418,0,0.0,57.99999999999999
https://www.smackcoders.com/ja/documentation/wp-ultimate-csv-importer/import-and-export-wordpress-users,200,9.755539685087694,0,0.0,56.99999999999999
https://www.smackcoders.com/ja/documentation/wp-ultimate-csv-importer/how-to-import-variable-products-in-woocommerce,200,9.980179285800103,0,0.0,52.0
https://www.smackcoders.com/ja/documentation/wp-ultimate-exporter/wordpress-exporter-guide,200,5.102011917462176,0,0.000498407064000548,74.0
https://www.smackcoders.com/ja/documentation/wp-ultimate-csv-importer/post-page-custompost-import,200,10.343853672468091,0,0.0,56.00000000000001
https://www.smackcoders.com/es/documentation/wp-ultimate-csv-importer-pro/importar-y-exportar-datos-lms-en-wordpress,200,5.401014827129384,0,0.10589596594138037,38.0
https://www.smackcoders.com/ja/wp-ultimate-csv-importer-pro/import-acf-custom-fields-from-csv.html,200,10.321871320365764,0,0.0,56.99999999999999
https://www.smackcoders.com/wp-ultimate-csv-importer-pro/polylang-import-translation.html,200,10.675270510296333,0,0.0,56.99999999999999
https://www.smackcoders.com/refund-policy.html,200,9.236848796092497,0,0.0,60.0
https://www.smackcoders.com/wp-follow-up-emails.html,200,10.602119750120782,0,0.0028459302170159035,60.0
https://www.smackcoders.com/ja/wp-ultimate-csv-importer-pro/features.html,200,8.935968915689177,0,0.0,37.0
https://www.smackcoders.com/blog.html,200,4.72602437696121,0,0.0009152761994009966,71.0
https://www.smackcoders.com/blog.html/2?utm_source=web&utm_campaign=wp_org&utm_medium=readme,200,7.728003384963558,0,0.0009152761994009966,65.0
https://www.smackcoders.com/aio-wp-media-library-manager.html,200,11.166476661525216,0,0.0,55.00000000000001
https://www.smackcoders.com/wp-ultimate-csv-importer-pro/seo-meta-data-import.html,200,11.16863765110017,0,0.0,55.00000000000001
https://www.smackcoders.com/blog/ai-in-wordpress.html#11-best-ways-to-use-ai-in-word-press,200,0.0,0,0.0,0.0
https://www.smackcoders.com/blog/add-external-urls-to-featured-images-wordpress.html#frequently-asked-questions,200,3.609511575140984,0,0.011475444010788694,88.0
https://www.smackcoders.com/blog/add-external-urls-to-featured-images-wordpress.html#importing-bulk-external-ur-ls-to-featured-images-in-word-press-posts-pages-and-custom-posts,200,4.577025030595996,0,0.07818712954860085,80.0
https://www.smackcoders.com/blog/ai-in-wordpress.html,200,9.431514473464535,0,0.0,59.0
https://www.smackcoders.com/blog/ai-wordpress-security.html,200,9.450669032593574,0,0.0,59.0
https://www.smackcoders.com/blog/ai-powered-personalization-for-ecommerce.html,200,9.387476760389617,0,0.0,59.0
https://www.smackcoders.com/blog/avoid-common-woocommerce-store-mistakes.html,200,8.236946137010522,0,0.0,65.0
https://www.smackcoders.com/blog/best-multipurpose-wordpress-themes.html,200,9.648803307860002,0,0.0,57.99999999999999
https://www.smackcoders.com/blog/best-practices-for-wordpress-sites.html,200,9.407683581374984,0,0.0,59.0
https://www.smackcoders.com/blog/best-woocommerce-affiliate-plugins.html,200,8.369578706814707,0,0.006140854937258767,60.0
https://www.smackcoders.com/blog/best-woocommerce-plugins.html,200,9.495300654003007,0,0.0,57.99999999999999
https://www.smackcoders.com/blog/create-an-online-store-with-wordpress.html,200,8.136295034589892,0,0.0907679675593827,62.0
https://www.smackcoders.com/blog/create-an-online-store-with-wordpress.html#step-1-choose-the-right-hosting-this-is-your-foundation,200,4.951036605911907,0,0.0907679675593827,53.0
https://www.smackcoders.com/blog/create-and-import-custom-post-types-in-wordpress.html,200,9.533155028494328,0,0.0,56.00000000000001
https://www.smackcoders.com/blog/ecommerce-video-marketing.html,200,8.452998066438402,0,0.06305383251032858,60.0
https://www.smackcoders.com/blog/export-import-advanced-custom-fields-csv-wordpress.html#acf-field-types-explained,200,8.040891862317242,0,0.015492855489037057,65.0
https://www.smackcoders.com/blog/export-import-advanced-custom-fields-csv-wordpress.html#export-acf-fields-in-word-press-as-csv,200,3.5345129003053497,0,0.015492855489037057,88.0
https://www.smackcoders.com/blog/essential-steps-to-launch-a-wordpress-site-the-right-way.html,200,9.63042863144522,0,0.0,59.0
https://www.smackcoders.com/blog/export-import-single-wordpress-post-page-product.html#exciting-enhancements-in-wp-ultimate-csv-importer-pro-8-1,200,3.457013952635571,0,0.0016187476946676628,90.0
https://www.smackcoders.com/blog/export-import-advanced-custom-fields-csv-wordpress.html#export-import-of-advanced-custom-fields-data-from-csv,200,8.328501702729227,0,0.015492855489037057,63.0
https://www.smackcoders.com/blog/export-import-single-wordpress-post-page-product.html#key-features-of-single-post-csv-import-export,200,7.94401575032234,0,0.012282886258742165,65.0
https://www.smackcoders.com/blog/export-woocommerce-orders-to-google-sheets.html,200,9.214883262545726,0,0.0,59.0
https://www.smackcoders.com/blog/how-to-export-wordpress-users.html#4-third-party-services,200,4.651023623036789,0,0.032464941855349094,53.0
https://www.smackcoders.com/blog/how-to-export-wordpress-users.html,200,9.172395270642594,0,0.0,59.0
https://www.smackcoders.com/blog/how-to-add-a-free-wordpress-contact-form.html,200,8.843979816131927,0,0.006868770532087294,68.0
https://www.smackcoders.com/blog/how-to-export-wordpress-users.html#methods-to-export-word-press-users,200,4.501014186665574,0,0.02160907965062711,80.0
https://www.smackcoders.com/blog/how-to-import-csv-file-in-wordpress.html,200,8.985744206083483,0,0.0,60.0
https://www.smackcoders.com/blog/how-to-import-csv-file-in-wordpress.html#methods-for-importing-csv-files,200,8.896548132132693,0,0.0009941628121607937,62.0
https://www.smackcoders.com/blog/how-to-import-csv-file-in-wordpress.html#enhancing-csv-file-imports,200,9.520004257105386,0,0.06899200361261246,57.99999999999999
https://www.smackcoders.com/blog/how-to-import-page-to-wordpress.html#common-scenarios-and-methods-to-import-pages-into-word-press,200,9.04236445001173,0,0.0,60.0
https://www.smackcoders.com/blog/how-to-prepare-woocommerce-for-high-traffic.html,200,9.471095087372978,0,0.0,59.0
https://www.smackcoders.com/blog/how-to-restore-wordpress-site-from-backup.html,200,9.771266892078893,0,0.01170031525851966,57.99999999999999
https://www.smackcoders.com/blog/how-to-import-page-to-wordpress.html#types-of-pages-you-can-import,200,8.641071245247756,0,0.004066446599418989,64.0
https://www.smackcoders.com/blog/import-and-export-woocommerce-customers.html,200,9.41766002911768,0,0.0,59.0
https://www.smackcoders.com/blog/import-export-elementor-as-csv.html#how-to-export-and-import-content-designed-with-elementor,200,0.0,0,0.0,0.0
https://www.smackcoders.com/blog/import-export-listings-business-directory-plugins.html#word-press-directory-plugins-you-can-use,200,8.477873290591214,0,0.003586238160179346,65.0
https://www.smackcoders.com/blog/import-export-listings-business-directory-plugins.html,200,4.276041609148548,0,0.003586238160179346,83.0
https://www.smackcoders.com/blog/import-posts-or-products-from-excel-to-wordpress.html,200,8.897609950360662,0,0.0,60.0
https://www.smackcoders.com/blog/import-variable-products-into-woocommerce.html,200,8.988463619855999,0,0.0,62.0
